approach,diagnosis_group,diagnosis,lead_set,policy_eligible,n_records,positives,negatives,prevalence,auroc,average_precision,brier,log_loss,calibration_intercept,calibration_slope,threshold,true_positive,false_positive,false_negative,true_negative,sensitivity,specificity,positive_predictive_value,negative_predictive_value,false_positive_rate,false_negative_rate
"Previous model, patient analysis",superclass,NORM,12-lead,True,2198,963,1235,0.4381255686988171,0.937039699656522,0.9120672689154338,0.1055030692281255,0.3577853262633551,-0.2229677516665442,0.5885798098929521,0.5,827,173,136,1062,0.8587746625129803,0.8599190283400809,0.827,0.8864774624373957,0.140080971659919,0.1412253374870197
"Previous model, patient analysis",superclass,NORM,2-lead,True,2198,963,1235,0.4381255686988171,0.908945981056163,0.8713945767916274,0.1212684154402067,0.3740744828070492,-0.0883510828171272,0.8593735827159148,0.5,806,228,157,1007,0.8369678089304258,0.8153846153846154,0.7794970986460348,0.8651202749140894,0.1846153846153846,0.1630321910695742
"Previous model, patient analysis",superclass,MI,12-lead,True,2198,550,1648,0.2502274795268426,0.9087069726390116,0.7872089273279221,0.1058599138715387,0.3618913374973729,0.4386754471825649,0.6019700449313016,0.5,349,109,201,1539,0.6345454545454545,0.9338592233009708,0.7620087336244541,0.8844827586206897,0.0661407766990291,0.3654545454545455
"Previous model, patient analysis",superclass,MI,2-lead,True,2198,550,1648,0.2502274795268426,0.8189982347749338,0.6280185531593306,0.1441847502637469,0.4551636174306292,0.6270437272207369,0.8166117736666917,0.5,165,54,385,1594,0.3,0.9672330097087378,0.7534246575342466,0.8054573016675088,0.0327669902912621,0.7
"Previous model, patient analysis",superclass,STTC,12-lead,True,2198,521,1677,0.2370336669699727,0.9258398314328324,0.7987860608942443,0.0897310244464887,0.3086123877384326,0.1752686621135556,0.6634718488450706,0.5,374,112,147,1565,0.7178502879078695,0.9332140727489564,0.7695473251028807,0.9141355140186916,0.0667859272510435,0.2821497120921305
"Previous model, patient analysis",superclass,STTC,2-lead,True,2198,521,1677,0.2370336669699727,0.8961843480211557,0.7075523670721048,0.1073797685246813,0.3379470084794942,0.0878197812036844,0.9278187001691466,0.5,322,119,199,1558,0.6180422264875239,0.9290399522957664,0.7301587301587301,0.8867387592487194,0.0709600477042337,0.381957773512476
"Previous model, patient analysis",superclass,CD,12-lead,True,2198,496,1702,0.2256596906278435,0.8965969826769267,0.7929692525577264,0.0956056764282494,0.3424539479398105,0.4275834676229348,0.6218542055942302,0.5,305,83,191,1619,0.6149193548387096,0.9512338425381904,0.7860824742268041,0.894475138121547,0.0487661574618096,0.3850806451612903
"Previous model, patient analysis",superclass,CD,2-lead,True,2198,496,1702,0.2256596906278435,0.8350967552405141,0.6916912167533494,0.1220937526965632,0.4140327555485619,0.8719530673178414,0.844904520151808,0.5,181,30,315,1672,0.3649193548387097,0.982373678025852,0.8578199052132701,0.8414695520885758,0.017626321974148,0.6350806451612904
"Previous model, patient analysis",superclass,HYP,12-lead,True,2198,262,1936,0.1191992720655141,0.8957636742161377,0.647310327449131,0.0689095026372879,0.2546946143812204,0.3391528318856988,0.5773428994641069,0.5,127,55,135,1881,0.4847328244274809,0.9715909090909092,0.6978021978021978,0.9330357142857144,0.0284090909090909,0.5152671755725191
"Previous model, patient analysis",superclass,HYP,2-lead,True,2198,262,1936,0.1191992720655141,0.8338314617374297,0.4974315836378383,0.082454821844215,0.2793088519156289,-0.1874911582913918,0.7830670784505607,0.5,90,59,172,1877,0.3435114503816794,0.9695247933884298,0.6040268456375839,0.9160566129819424,0.0304752066115702,0.6564885496183206
"Previous model, patient analysis",subcode,1AVB,12-lead,True,2198,79,2119,0.0359417652411283,0.8373665629237579,0.1573071224984656,0.0327686308884653,0.1348223599250887,0.610403437312421,0.7147066271584352,0.5,0,0,79,2119,0.0,1.0,,0.9640582347588716,0.0,1.0
"Previous model, patient analysis",subcode,1AVB,2-lead,True,2198,79,2119,0.0359417652411283,0.8205088380595097,0.1277044325030558,0.0333173745737433,0.1361254962695254,0.5999363970024578,0.998874023565984,0.5,0,0,79,2119,0.0,1.0,,0.9640582347588716,0.0,1.0
"Previous model, patient analysis",subcode,2AVB,12-lead,False,2198,1,2197,0.0004549590536851,0.8939462903959945,0.0042735042735042,0.0005937027842499,0.0052218753048853,-1.8251836951099516,0.5413443760128058,0.5,0,0,1,2197,0.0,1.0,,0.9995450409463148,0.0,1.0
"Previous model, patient analysis",subcode,2AVB,2-lead,False,2198,1,2197,0.0004549590536851,0.9189804278561676,0.0055865921787709,0.0005413042754372,0.0051934326383682,-1.886242296825195,0.7779591861184201,0.5,0,0,1,2197,0.0,1.0,,0.9995450409463148,0.0,1.0
"Previous model, patient analysis",subcode,3AVB,12-lead,False,2198,2,2196,0.0009099181073703,0.9972677595628416,0.1964285714285714,0.0008868155609258,0.0045631027085478,-1.0848064467588343,1.7002714310909588,0.5,0,0,2,2196,0.0,1.0,,0.9990900818926296,0.0,1.0
"Previous model, patient analysis",subcode,3AVB,2-lead,False,2198,2,2196,0.0009099181073703,0.9567395264116576,0.0176722863058266,0.0010048688425693,0.007476272189277,-1.4644086332569874,1.1001280023982976,0.5,0,0,2,2196,0.0,1.0,,0.9990900818926296,0.0,1.0
"Previous model, patient analysis",subcode,ALMI,12-lead,False,2198,27,2171,0.0122838944494995,0.8605353395772557,0.108722146596546,0.0121681338926941,0.0597317412742067,-0.1030771225190114,0.545172818727351,0.5,0,1,27,2170,0.0,0.9995393827729157,0.0,0.9877105143377332,0.0004606172270842,1.0
"Previous model, patient analysis",subcode,ALMI,2-lead,False,2198,27,2171,0.0122838944494995,0.7682583550847024,0.0378304069603755,0.0122157918260766,0.06230761296716,-0.0579365175785846,0.6425685497386632,0.5,0,0,27,2171,0.0,1.0,,0.9877161055505004,0.0,1.0
"Previous model, patient analysis",subcode,AMI,12-lead,True,2198,35,2163,0.0159235668789808,0.7646522686744601,0.0379829236151925,0.0155867678219711,0.0758828267296417,0.1974033898762313,0.6900334115366286,0.5,0,0,35,2163,0.0,1.0,,0.9840764331210192,0.0,1.0
"Previous model, patient analysis",subcode,AMI,2-lead,True,2198,35,2163,0.0159235668789808,0.6106730070669044,0.0212501316826049,0.0156904494870966,0.0809226217059917,-0.0329169355632961,0.5591175833588243,0.5,0,0,35,2163,0.0,1.0,,0.9840764331210192,0.0,1.0
"Previous model, patient analysis",subcode,ANEUR,12-lead,False,2198,10,2188,0.0045495905368516,0.9051645338208408,0.050967648428023,0.0044961172482435,0.0233870054548886,-0.4025652034499087,0.8248628304996855,0.5,0,0,10,2188,0.0,1.0,,0.9954504094631484,0.0,1.0
"Previous model, patient analysis",subcode,ANEUR,2-lead,False,2198,10,2188,0.0045495905368516,0.7939213893967093,0.0120889913232729,0.0045858683584561,0.0273189825172512,-0.4777298300334381,0.7668239754840396,0.5,0,0,10,2188,0.0,1.0,,0.9954504094631484,0.0,1.0
"Previous model, patient analysis",subcode,ASMI,12-lead,True,2198,234,1964,0.1064604185623293,0.9137901021811408,0.577927703341967,0.0696355069817789,0.240397552844168,1.1486317374527606,0.815606700340921,0.5,47,14,187,1950,0.2008547008547008,0.9928716904276986,0.7704918032786885,0.9124941506785212,0.0071283095723014,0.7991452991452992
"Previous model, patient analysis",subcode,ASMI,2-lead,True,2198,234,1964,0.1064604185623293,0.8055337963688269,0.3215309270195644,0.0923187870591202,0.3395196147979805,1.4124146244973637,0.891873278313888,0.5,0,1,234,1963,0.0,0.99949083503055,0.0,0.893491124260355,0.0005091649694501,1.0
"Previous model, patient analysis",subcode,CLBBB,12-lead,True,2198,54,2144,0.024567788898999,0.9948866777224986,0.8540640754489974,0.0084620494843778,0.0289748409325231,0.6498261514781861,0.8150807146642167,0.5,34,8,20,2136,0.6296296296296297,0.996268656716418,0.8095238095238095,0.9907235621521336,0.003731343283582,0.3703703703703703
"Previous model, patient analysis",subcode,CLBBB,2-lead,True,2198,54,2144,0.024567788898999,0.9904643449419568,0.7468170986579861,0.0120892529739226,0.0412394255969586,-0.8817868548505123,0.9566672120002504,0.5,41,23,13,2121,0.7592592592592593,0.9892723880597016,0.640625,0.9939081537019682,0.0107276119402985,0.2407407407407407
"Previous model, patient analysis",subcode,CRBBB,12-lead,True,2198,54,2144,0.024567788898999,0.9898683665008292,0.6925472130756414,0.0127100833490167,0.0397517294695571,0.5762449138700696,1.1541113402555767,0.5,17,6,37,2138,0.3148148148148148,0.9972014925373134,0.7391304347826086,0.9829885057471264,0.0027985074626865,0.6851851851851852
"Previous model, patient analysis",subcode,CRBBB,2-lead,True,2198,54,2144,0.024567788898999,0.9194997236042012,0.2129120131426395,0.0217018616145897,0.0880071823238655,0.6973370516241634,0.6844812535369496,0.5,1,3,53,2141,0.0185185185185185,0.9986007462686568,0.25,0.9758432087511396,0.0013992537313432,0.9814814814814816
"Previous model, patient analysis",subcode,DIG,12-lead,False,2198,18,2180,0.008189262966333,0.8886850152905199,0.0711632349374668,0.0081001217626517,0.0400094487944761,-0.146039349943881,0.5671213288168102,0.5,0,0,18,2180,0.0,1.0,,0.991810737033667,0.0,1.0
"Previous model, patient analysis",subcode,DIG,2-lead,False,2198,18,2180,0.008189262966333,0.8772171253822629,0.0819542980148277,0.0080231296615638,0.039414837248023,-0.4955065534033868,0.8889272610732603,0.5,0,0,18,2180,0.0,1.0,,0.991810737033667,0.0,1.0
"Previous model, patient analysis",subcode,EL,12-lead,False,2198,9,2189,0.0040946314831665,0.8165067763057712,0.0187779999876502,0.0042047447602386,0.025157586075522,-0.5115443750756258,0.610226692605211,0.5,0,0,9,2189,0.0,1.0,,0.9959053685168336,0.0,1.0
"Previous model, patient analysis",subcode,EL,2-lead,False,2198,9,2189,0.0040946314831665,0.8051875539312725,0.0175443857126051,0.0041145711053873,0.0252853057465767,-0.6914993802271748,0.9661038520003188,0.5,0,0,9,2189,0.0,1.0,,0.9959053685168336,0.0,1.0
"Previous model, patient analysis",subcode,ILBBB,12-lead,False,2198,8,2190,0.0036396724294813,0.911472602739726,0.0949680050045003,0.0035576780918415,0.0190213720978472,-0.6020581919602609,0.7826641098083955,0.5,0,0,8,2190,0.0,1.0,,0.9963603275705186,0.0,1.0
"Previous model, patient analysis",subcode,ILBBB,2-lead,False,2198,8,2190,0.0036396724294813,0.9109018264840184,0.0657085730070902,0.0035563730815985,0.0196011954579967,-0.685276874763525,1.2325082637762546,0.5,0,0,8,2190,0.0,1.0,,0.9963603275705186,0.0,1.0
"Previous model, patient analysis",subcode,ILMI,12-lead,True,2198,48,2150,0.021838034576888,0.9182073643410852,0.347747582092079,0.0173456525285618,0.0719353694495579,0.5398113527527674,0.8163730820968361,0.5,3,1,45,2149,0.0625,0.9995348837209302,0.75,0.9794895168641752,0.0004651162790697,0.9375
"Previous model, patient analysis",subcode,ILMI,2-lead,True,2198,48,2150,0.021838034576888,0.882248062015504,0.263802305978943,0.0187871107726144,0.0779529544322539,0.0363875640211542,1.260789323120453,0.5,0,0,48,2150,0.0,1.0,,0.978161965423112,0.0,1.0
"Previous model, patient analysis",subcode,IMI,12-lead,True,2198,267,1931,0.1214740673339399,0.844395696472108,0.4102001031353341,0.0938218003613563,0.3302035668634675,1.1236994769071686,0.683513262590684,0.5,10,5,257,1926,0.0374531835205992,0.9974106680476436,0.6666666666666666,0.8822721026110857,0.0025893319523562,0.9625468164794008
"Previous model, patient analysis",subcode,IMI,2-lead,True,2198,267,1931,0.1214740673339399,0.7690141336793535,0.331093640562195,0.1049521384954582,0.3713035669786417,1.2040163675367894,1.0467085415530877,0.5,0,0,267,1931,0.0,1.0,,0.87852593266606,0.0,1.0
"Previous model, patient analysis",subcode,INJAL,12-lead,False,2198,14,2184,0.0063694267515923,0.9381214024071168,0.2533937328761274,0.0056322108783242,0.0261703901239624,-0.3234812604650104,1.0496635003524706,0.5,1,1,13,2183,0.0714285714285714,0.9995421245421244,0.5,0.99408014571949,0.0004578754578754,0.9285714285714286
"Previous model, patient analysis",subcode,INJAL,2-lead,False,2198,14,2184,0.0063694267515923,0.8800693354264782,0.1639244306561496,0.0060906468383813,0.0320013089891846,-0.568526324478542,0.9734030310180748,0.5,0,0,14,2184,0.0,1.0,,0.9936305732484076,0.0,1.0
"Previous model, patient analysis",subcode,INJAS,12-lead,False,2198,22,2176,0.0100090991810737,0.9612090574866312,0.2814348799960868,0.0083500871272149,0.0337872696162062,-0.0865397985865957,1.269935284327141,0.5,1,1,21,2175,0.0454545454545454,0.9995404411764706,0.5,0.9904371584699454,0.0004595588235294,0.9545454545454546
"Previous model, patient analysis",subcode,INJAS,2-lead,False,2198,22,2176,0.0100090991810737,0.8829796122994653,0.1172017972461621,0.0097214292250291,0.0460071261476577,-0.5344125623127073,1.0378600539240772,0.5,0,0,22,2176,0.0,1.0,,0.9899909008189264,0.0,1.0
"Previous model, patient analysis",subcode,INJIL,12-lead,False,2198,2,2196,0.0009099181073703,0.9751821493624772,0.039938080495356,0.000952538042911,0.0055709181749391,-0.8041203685210976,1.015423766351265,0.5,0,0,2,2196,0.0,1.0,,0.9990900818926296,0.0,1.0
"Previous model, patient analysis",subcode,INJIL,2-lead,False,2198,2,2196,0.0009099181073703,0.9537795992714024,0.0141901576684185,0.0009354903965682,0.006703215024028,-1.1902394275901858,1.2943294285245373,0.5,0,0,2,2196,0.0,1.0,,0.9990900818926296,0.0,1.0
"Previous model, patient analysis",subcode,INJIN,12-lead,False,2198,2,2196,0.0009099181073703,0.8802367941712204,0.0352788586251621,0.0009207596805634,0.0067775563344055,-1.0328520533795724,0.849756490805609,0.5,0,0,2,2196,0.0,1.0,,0.9990900818926296,0.0,1.0
"Previous model, patient analysis",subcode,INJIN,2-lead,False,2198,2,2196,0.0009099181073703,0.7686703096539163,0.0056058260904075,0.00092393882438,0.0075950627924181,-0.9716492825932516,0.5723905486852144,0.5,0,0,2,2196,0.0,1.0,,0.9990900818926296,0.0,1.0
"Previous model, patient analysis",subcode,INJLA,12-lead,False,2198,2,2196,0.0009099181073703,0.8039617486338798,0.0033752155703375,0.0011485319913621,0.0088045549992996,-1.2935295065744412,0.3668776284764923,0.5,0,0,2,2196,0.0,1.0,,0.9990900818926296,0.0,1.0
"Previous model, patient analysis",subcode,INJLA,2-lead,False,2198,2,2196,0.0009099181073703,0.7777777777777778,0.0030318470168094,0.0010042160376362,0.0094849880562488,-1.6879355829112972,0.5391630271597514,0.5,0,0,2,2196,0.0,1.0,,0.9990900818926296,0.0,1.0
"Previous model, patient analysis",subcode,IPLMI,12-lead,False,2198,5,2193,0.0022747952684258,0.6848153214774282,0.0115921675624767,0.0023786609801439,0.0180608029792383,-0.739046072545216,0.3237839678076588,0.5,0,0,5,2193,0.0,1.0,,0.997725204731574,0.0,1.0
"Previous model, patient analysis",subcode,IPLMI,2-lead,False,2198,5,2193,0.0022747952684258,0.653625170998632,0.0091961113975433,0.0023510759557941,0.0192120421663144,-1.147930898984242,0.2493989588294592,0.5,0,0,5,2193,0.0,1.0,,0.997725204731574,0.0,1.0
"Previous model, patient analysis",subcode,IPMI,12-lead,False,2198,3,2195,0.0013648771610555,0.8574031890660592,0.1811198208286674,0.0013570057011114,0.0098595352059548,-1.069155954028128,0.911563668683888,0.5,0,0,3,2195,0.0,1.0,,0.9986351228389444,0.0,1.0
"Previous model, patient analysis",subcode,IPMI,2-lead,False,2198,3,2195,0.0013648771610555,0.732725892179195,0.0036095494692829,0.0014025807934006,0.0117640093542292,-1.2886845494970105,0.6868845942195551,0.5,0,0,3,2195,0.0,1.0,,0.9986351228389444,0.0,1.0
"Previous model, patient analysis",subcode,IRBBB,12-lead,True,2198,112,2086,0.0509554140127388,0.8491388166004656,0.3518932396434797,0.041142270842499,0.1607118731228657,0.7099962456569506,0.8785442801250319,0.5,1,0,111,2086,0.0089285714285714,1.0,1.0,0.9494765589440146,0.0,0.9910714285714286
"Previous model, patient analysis",subcode,IRBBB,2-lead,True,2198,112,2086,0.0509554140127388,0.6804611525818381,0.1088603022331571,0.0480308813301924,0.2028098013727286,0.7575354050690805,0.7612422629630645,0.5,0,0,112,2086,0.0,1.0,,0.9490445859872612,0.0,1.0
"Previous model, patient analysis",subcode,ISCAL,12-lead,True,2198,66,2132,0.0300272975432211,0.9203763715958838,0.2502577542251729,0.0252736182269979,0.0926241835184133,0.3094601265943142,0.8600047488779344,0.5,0,0,66,2132,0.0,1.0,,0.9699727024567788,0.0,1.0
"Previous model, patient analysis",subcode,ISCAL,2-lead,True,2198,66,2132,0.0300272975432211,0.9061203024617658,0.1975717273334319,0.0259756959991744,0.0953987071362967,-0.0922838145996941,1.0688967039031931,0.5,0,0,66,2132,0.0,1.0,,0.9699727024567788,0.0,1.0
"Previous model, patient analysis",subcode,ISCAN,12-lead,False,2198,4,2194,0.0018198362147406,0.7809936189608022,0.004914479924592,0.0019441311559295,0.0144365532268035,-1.0161717019349987,0.4417607802882146,0.5,0,0,4,2194,0.0,1.0,,0.9981801637852592,0.0,1.0
"Previous model, patient analysis",subcode,ISCAN,2-lead,False,2198,4,2194,0.0018198362147406,0.7424794895168643,0.0041737621258736,0.0019956054049503,0.0165813287888014,-1.535655579456497,0.589652528905834,0.5,0,0,4,2194,0.0,1.0,,0.9981801637852592,0.0,1.0
"Previous model, patient analysis",subcode,ISCAS,12-lead,False,2198,17,2181,0.0077343039126478,0.9104835882083232,0.0588053850086348,0.0080025890177682,0.0364047411253358,-0.3947967445977285,0.6968694817307616,0.5,0,0,17,2181,0.0,1.0,,0.9922656960873522,0.0,1.0
"Previous model, patient analysis",subcode,ISCAS,2-lead,False,2198,17,2181,0.0077343039126478,0.8129568195916606,0.1499970227128515,0.0081373722506064,0.0453591582512947,-1.0067558781481998,0.6900347005912438,0.5,0,0,17,2181,0.0,1.0,,0.9922656960873522,0.0,1.0
"Previous model, patient analysis",subcode,ISCIL,12-lead,False,2198,18,2180,0.008189262966333,0.91934250764526,0.09087300112544,0.0078670662901683,0.0356208148609633,-0.345944728081878,0.9739596279539594,0.5,0,0,18,2180,0.0,1.0,,0.991810737033667,0.0,1.0
"Previous model, patient analysis",subcode,ISCIL,2-lead,False,2198,18,2180,0.008189262966333,0.9058103975535168,0.0636708732193084,0.0082424043203449,0.0412722765988621,-0.889939579767104,1.298447400146815,0.5,0,0,18,2180,0.0,1.0,,0.991810737033667,0.0,1.0
"Previous model, patient analysis",subcode,ISCIN,12-lead,False,2198,22,2176,0.0100090991810737,0.8014914772727273,0.0303620529302804,0.0101231401227384,0.0529323947403437,-0.1587214714106278,0.5225491144373066,0.5,0,0,22,2176,0.0,1.0,,0.9899909008189264,0.0,1.0
"Previous model, patient analysis",subcode,ISCIN,2-lead,False,2198,22,2176,0.0100090991810737,0.8400526403743316,0.0442713147691821,0.0098316316368243,0.0486035438620465,-0.3387807084455476,1.049151084251424,0.5,0,0,22,2176,0.0,1.0,,0.9899909008189264,0.0,1.0
"Previous model, patient analysis",subcode,ISCLA,12-lead,False,2198,13,2185,0.0059144676979071,0.9297658862876256,0.0719377273427981,0.0057307886609324,0.0274025612042836,-0.4377767623131426,1.157985347482418,0.5,0,0,13,2185,0.0,1.0,,0.9940855323020928,0.0,1.0
"Previous model, patient analysis",subcode,ISCLA,2-lead,False,2198,13,2185,0.0059144676979071,0.902481957401866,0.0324034782164405,0.0059857805705532,0.0316475346782004,-0.8206541736167746,1.250993724739749,0.5,0,0,13,2185,0.0,1.0,,0.9940855323020928,0.0,1.0
"Previous model, patient analysis",subcode,ISC_,12-lead,True,2198,128,2070,0.0582347588717015,0.9575898248792272,0.671427255031876,0.0324737995145903,0.1185135384216148,0.7416904072326549,0.6719502020647355,0.5,53,23,75,2047,0.4140625,0.9888888888888888,0.6973684210526315,0.9646559849198868,0.0111111111111111,0.5859375
"Previous model, patient analysis",subcode,ISC_,2-lead,True,2198,128,2070,0.0582347588717015,0.927272041062802,0.5519183675653908,0.0376689194604846,0.1344910561314822,0.4981922191781517,0.9530591388949076,0.5,30,7,98,2063,0.234375,0.9966183574879228,0.8108108108108109,0.954650624710782,0.0033816425120772,0.765625
"Previous model, patient analysis",subcode,IVCD,12-lead,True,2198,79,2119,0.0359417652411283,0.6652469220613975,0.0998760582432984,0.0342178200578442,0.1616209478826742,0.611955550531919,0.4448841166514808,0.5,0,0,79,2119,0.0,1.0,,0.9640582347588716,0.0,1.0
"Previous model, patient analysis",subcode,IVCD,2-lead,True,2198,79,2119,0.0359417652411283,0.6855992497057962,0.0823068464893901,0.034151361645579,0.1486596964557272,0.3039771202112976,0.935863709407815,0.5,0,0,79,2119,0.0,1.0,,0.9640582347588716,0.0,1.0
"Previous model, patient analysis",subcode,LAFB,12-lead,True,2198,162,2036,0.0737033666969972,0.9244130345145408,0.5107534605704559,0.0507989956497357,0.1775052466103603,0.9898909456723108,0.8467278435816137,0.5,29,11,133,2025,0.1790123456790123,0.9945972495088408,0.725,0.938368860055607,0.0054027504911591,0.8209876543209876
"Previous model, patient analysis",subcode,LAFB,2-lead,True,2198,162,2036,0.0737033666969972,0.8823067501030827,0.4843393849919146,0.0617717934103878,0.2329225674657359,1.612419471708521,1.190932959371563,0.5,1,1,161,2035,0.0061728395061728,0.99950884086444,0.5,0.9266848816029144,0.0004911591355599,0.9938271604938272
"Previous model, patient analysis",subcode,LAO/LAE,12-lead,True,2198,42,2156,0.019108280254777,0.8188444208852372,0.1230541350712539,0.0178834774983809,0.08431686458768,0.4138271345103936,0.6456969107234674,0.5,0,0,42,2156,0.0,1.0,,0.9808917197452228,0.0,1.0
"Previous model, patient analysis",subcode,LAO/LAE,2-lead,True,2198,42,2156,0.019108280254777,0.8006780634331655,0.1016275546680258,0.0181136049022085,0.0825043697338518,0.0790487512602935,0.9816005911219702,0.5,0,0,42,2156,0.0,1.0,,0.9808917197452228,0.0,1.0
"Previous model, patient analysis",subcode,LMI,12-lead,False,2198,20,2178,0.0090991810737033,0.7220844811753903,0.035795703679838,0.0091396119216501,0.0516312936821671,-0.1755721764000052,0.4855705273189896,0.5,0,0,20,2178,0.0,1.0,,0.9909008189262968,0.0,1.0
"Previous model, patient analysis",subcode,LMI,2-lead,False,2198,20,2178,0.0090991810737033,0.707552800734619,0.0200286496796972,0.009079375673014,0.0508228404453115,-0.4738191522492944,0.8112701433841888,0.5,0,0,20,2178,0.0,1.0,,0.9909008189262968,0.0,1.0
"Previous model, patient analysis",subcode,LNGQT,12-lead,False,2198,11,2187,0.0050045495905368,0.8696429313713264,0.0220116829848136,0.0050349557624378,0.0273297264985664,-0.3876324541055923,0.8420408663130304,0.5,0,0,11,2187,0.0,1.0,,0.9949954504094632,0.0,1.0
"Previous model, patient analysis",subcode,LNGQT,2-lead,False,2198,11,2187,0.0050045495905368,0.7516731096978011,0.0323722996194714,0.0050164902346196,0.0310863999716724,-0.7246669267863817,0.8457620839916262,0.5,0,0,11,2187,0.0,1.0,,0.9949954504094632,0.0,1.0
"Previous model, patient analysis",subcode,LPFB,12-lead,False,2198,18,2180,0.008189262966333,0.7977319062181447,0.0768039743932057,0.0081072915236943,0.0462707765860663,-0.1036386948892734,0.4627416689360754,0.5,0,0,18,2180,0.0,1.0,,0.991810737033667,0.0,1.0
"Previous model, patient analysis",subcode,LPFB,2-lead,False,2198,18,2180,0.008189262966333,0.6875382262996942,0.0336475136886251,0.0081650428528617,0.0478597932113779,0.0121886747294962,0.4719352075428487,0.5,0,0,18,2180,0.0,1.0,,0.991810737033667,0.0,1.0
"Previous model, patient analysis",subcode,LVH,12-lead,True,2198,214,1984,0.097361237488626,0.9356087013867952,0.6930925033698673,0.0545445040538954,0.2115118041560762,1.3591687906140049,0.6278328044655949,0.5,93,28,121,1956,0.4345794392523364,0.9858870967741936,0.768595041322314,0.94174289841117,0.0141129032258064,0.5654205607476636
"Previous model, patient analysis",subcode,LVH,2-lead,True,2198,214,1984,0.097361237488626,0.8673241068736811,0.5080818595662295,0.067583836213078,0.2439224195566584,0.8065460392576597,0.8073051822256019,0.5,46,19,168,1965,0.2149532710280373,0.9904233870967742,0.7076923076923077,0.9212376933895922,0.0095766129032258,0.7850467289719626
"Previous model, patient analysis",subcode,NDT,12-lead,True,2198,182,2016,0.0828025477707006,0.8877905328798187,0.4268186146923554,0.0601556299723739,0.2092883740698878,0.6123852497478791,0.7944231756207399,0.5,16,7,166,2009,0.0879120879120879,0.9965277777777778,0.6956521739130435,0.9236781609195402,0.0034722222222222,0.912087912087912
"Previous model, patient analysis",subcode,NDT,2-lead,True,2198,182,2016,0.0828025477707006,0.8390267966160824,0.3031930139279992,0.0693951269968627,0.243070747169505,0.8220116783364906,1.0480855227196235,0.5,0,0,182,2016,0.0,1.0,,0.9171974522292994,0.0,1.0
"Previous model, patient analysis",subcode,NORM,12-lead,True,2198,963,1235,0.4381255686988171,0.93692786963815,0.9117848353995928,0.1147591714702954,0.3811422638600295,0.9064043660240064,0.5893113396571098,0.5,739,114,224,1121,0.7673935617860852,0.9076923076923076,0.8663540445486518,0.833457249070632,0.0923076923076923,0.2326064382139148
"Previous model, patient analysis",subcode,NORM,2-lead,True,2198,963,1235,0.4381255686988171,0.9088854414973452,0.8713603723597787,0.1394678838453285,0.4225899346625441,0.9483540164214874,0.8903038289162639,0.5,632,127,331,1108,0.656282450674974,0.897165991902834,0.8326745718050066,0.7699791521890201,0.1028340080971659,0.3437175493250259
"Previous model, patient analysis",subcode,NST_,12-lead,True,2198,77,2121,0.0350318471337579,0.8377021375606948,0.1644669275605419,0.0317060996242453,0.12884403606436,0.4310783864430878,0.7201635770124111,0.5,0,1,77,2120,0.0,0.9995285242809996,0.0,0.9649522075557578,0.0004714757190004,1.0
"Previous model, patient analysis",subcode,NST_,2-lead,True,2198,77,2121,0.0350318471337579,0.8303728332016875,0.138900794771314,0.0320492988045591,0.1279913042317549,0.33077521865816,1.033157575935747,0.5,0,0,77,2121,0.0,1.0,,0.964968152866242,0.0,1.0
"Previous model, patient analysis",subcode,PMI,12-lead,False,2198,2,2196,0.0009099181073703,0.8337887067395264,0.0039806564973332,0.0009470938842954,0.0076882983790794,-1.1206366378811536,0.6317862988167194,0.5,0,0,2,2196,0.0,1.0,,0.9990900818926296,0.0,1.0
"Previous model, patient analysis",subcode,PMI,2-lead,False,2198,2,2196,0.0009099181073703,0.7295081967213115,0.0031579226707003,0.0009951904946322,0.0103467558498605,-1.871115769515522,0.6109418358895055,0.5,0,0,2,2196,0.0,1.0,,0.9990900818926296,0.0,1.0
"Previous model, patient analysis",subcode,RAO/RAE,12-lead,False,2198,10,2188,0.0045495905368516,0.9242230347349176,0.1038021105047995,0.0046433906322302,0.0233680751369263,-0.4263822142464989,0.7604865350591139,0.5,0,0,10,2188,0.0,1.0,,0.9954504094631484,0.0,1.0
"Previous model, patient analysis",subcode,RAO/RAE,2-lead,False,2198,10,2188,0.0045495905368516,0.901416819012797,0.0291015183659732,0.0046774165704832,0.0250701216502966,-0.5141837027230406,0.9168271601558172,0.5,0,0,10,2188,0.0,1.0,,0.9954504094631484,0.0,1.0
"Previous model, patient analysis",subcode,RVH,12-lead,False,2198,12,2186,0.005459508644222,0.9489173528514792,0.0862935543165234,0.0056001744920936,0.0253389238738116,-0.000195435994496,0.6233937537225621,0.5,0,1,12,2185,0.0,0.9995425434583716,0.0,0.994538006372326,0.0004574565416285,1.0
"Previous model, patient analysis",subcode,RVH,2-lead,False,2198,12,2186,0.005459508644222,0.7940683135102166,0.0610160782487715,0.0054931442255314,0.0307201525560771,-0.3423304234869961,0.6908136374450513,0.5,0,0,12,2186,0.0,1.0,,0.994540491355778,0.0,1.0
"Previous model, patient analysis",subcode,SEHYP,12-lead,False,2198,2,2196,0.0009099181073703,0.9820127504553734,0.0559523809523809,0.0009928394085566,0.0060857394596196,-1.2619332706260673,1.191387193162551,0.5,0,0,2,2196,0.0,1.0,,0.9990900818926296,0.0,1.0
"Previous model, patient analysis",subcode,SEHYP,2-lead,False,2198,2,2196,0.0009099181073703,0.9592440801457196,0.055813953488372,0.0010081828520097,0.0108564366962576,-2.176314551489308,2.163495465454096,0.5,0,0,2,2196,0.0,1.0,,0.9990900818926296,0.0,1.0
"Previous model, patient analysis",subcode,WPW,12-lead,False,2198,8,2190,0.0036396724294813,0.8139269406392694,0.1849171771354189,0.0035282850989387,0.0220466152798318,-0.6184046820473665,0.6710850313417445,0.5,0,0,8,2190,0.0,1.0,,0.9963603275705186,0.0,1.0
"Previous model, patient analysis",subcode,WPW,2-lead,False,2198,8,2190,0.0036396724294813,0.7394406392694064,0.041974766363092,0.0037352099439542,0.0248353510863626,-1.0529533477471973,0.8668155644981718,0.5,0,0,8,2190,0.0,1.0,,0.9963603275705186,0.0,1.0
"Previous model, patient analysis",rhythm,AFIB,12-lead,True,2198,152,2046,0.0691537761601455,0.9672081596954264,0.7461285884702294,0.0310285675935381,0.1064058465286559,-0.0407070375621357,0.8233923968289194,0.5,91,33,61,2013,0.5986842105263158,0.9838709677419356,0.7338709677419355,0.9705882352941176,0.0161290322580645,0.4013157894736842
"Previous model, patient analysis",rhythm,AFIB,2-lead,True,2198,152,2046,0.0691537761601455,0.9572915058908268,0.6497685889136959,0.0377918332465836,0.1240461612621801,0.341915928874976,1.032163725658548,0.5,59,22,93,2024,0.3881578947368421,0.989247311827957,0.7283950617283951,0.9560699102503544,0.010752688172043,0.6118421052631579
"Previous model, patient analysis",rhythm,AFLT,12-lead,False,2198,7,2191,0.0031847133757961,0.911390754384821,0.4368012477582519,0.0025892940116439,0.013721065493402,-1.1416938120082083,0.8108686748778121,0.5,4,5,3,2186,0.5714285714285714,0.9977179370150616,0.4444444444444444,0.9986295111923252,0.0022820629849383,0.4285714285714285
"Previous model, patient analysis",rhythm,AFLT,2-lead,False,2198,7,2191,0.0031847133757961,0.9595748842668058,0.6251375550220089,0.0025917794009469,0.0132531309530975,-1.2443626885000327,0.999448920745983,0.5,4,2,3,2189,0.5714285714285714,0.9990871748060246,0.6666666666666666,0.998631386861314,0.0009128251939753,0.4285714285714285
"Previous model, patient analysis",rhythm,BIGU,12-lead,False,2198,8,2190,0.0036396724294813,0.9381849315068492,0.1702517601087026,0.0039751963176876,0.0194172601292174,-1.144302256413745,0.8825060239220217,0.5,2,3,6,2187,0.25,0.9986301369863012,0.4,0.9972640218878248,0.0013698630136986,0.75
"Previous model, patient analysis",rhythm,BIGU,2-lead,False,2198,8,2190,0.0036396724294813,0.9231735159817352,0.3035450414569433,0.003759530182779,0.025670852679468,-1.7463002448566445,1.4090280278887948,0.5,2,2,6,2188,0.25,0.9990867579908675,0.5,0.9972652689152234,0.0009132420091324,0.75
"Previous model, patient analysis",rhythm,PACE,12-lead,True,2198,28,2170,0.0127388535031847,0.9509710335747202,0.7207602842724891,0.0060834892756207,0.0282108953042974,0.0015995761309104,0.762911008394727,0.5,16,5,12,2165,0.5714285714285714,0.9976958525345622,0.7619047619047619,0.994487827285255,0.0023041474654377,0.4285714285714285
"Previous model, patient analysis",rhythm,PACE,2-lead,True,2198,28,2170,0.0127388535031847,0.9434660961158656,0.6012349390956804,0.0083325443807965,0.0370764567250684,-1.046954898009528,0.9377408589356308,0.5,15,8,13,2162,0.5357142857142857,0.9963133640552996,0.6521739130434783,0.9940229885057472,0.0036866359447004,0.4642857142857143
"Previous model, patient analysis",rhythm,PSVT,12-lead,False,2198,2,2196,0.0009099181073703,0.9959016393442622,0.55,0.0016014057209357,0.0058977405127226,-1.9979976639874544,0.9617012814412738,0.5,1,3,1,2193,0.5,0.9986338797814208,0.25,0.9995442114858706,0.0013661202185792,0.5
"Previous model, patient analysis",rhythm,PSVT,2-lead,False,2198,2,2196,0.0009099181073703,0.9956739526411658,0.3,0.0011252609913705,0.0048096767519959,-1.5774189236991476,1.1021486793447015,0.5,1,2,1,2194,0.5,0.999089253187614,0.3333333333333333,0.9995444191343964,0.0009107468123861,0.5
"Previous model, patient analysis",rhythm,SARRH,12-lead,True,2198,77,2121,0.0350318471337579,0.6867503076838296,0.0900675880009054,0.0333774138451522,0.145605585182909,-0.299970972831784,0.955146499534226,0.5,0,0,77,2121,0.0,1.0,,0.964968152866242,0.0,1.0
"Previous model, patient analysis",rhythm,SARRH,2-lead,True,2198,77,2121,0.0350318471337579,0.6788515586252504,0.0734420463248058,0.0343021480675281,0.1549137125478289,-0.6480713669905999,1.493317168363289,0.5,0,0,77,2121,0.0,1.0,,0.964968152866242,0.0,1.0
"Previous model, patient analysis",rhythm,SBRAD,12-lead,True,2198,64,2134,0.0291173794358507,0.9369801429240864,0.4007761460376203,0.0232098206035589,0.0844939496903461,-0.5351889648412677,0.7851139003434613,0.5,20,24,44,2110,0.3125,0.9887535145267105,0.4545454545454545,0.979572887650882,0.0112464854732895,0.6875
"Previous model, patient analysis",rhythm,SBRAD,2-lead,True,2198,64,2134,0.0291173794358507,0.9339342197750704,0.4191743463593148,0.0322651551403882,0.11487901499136,-1.5700898568631945,0.9498539259733914,0.5,33,60,31,2074,0.515625,0.971883786316776,0.3548387096774194,0.9852731591448932,0.0281162136832239,0.484375
"Previous model, patient analysis",rhythm,SR,12-lead,True,2198,1674,524,0.7616014558689718,0.8464230667505724,0.928864633786146,0.1453621323783058,0.4569555580167257,1.1738328442911377,0.7892199870448762,0.5,1361,144,313,380,0.8130227001194743,0.7251908396946565,0.9043189368770764,0.5483405483405484,0.2748091603053435,0.1869772998805257
"Previous model, patient analysis",rhythm,SR,2-lead,True,2198,1674,524,0.7616014558689718,0.834767481098434,0.9202975309179418,0.1683538849089292,0.5152009361876776,1.3322849145658238,0.987249504112291,0.5,1243,121,431,403,0.7425328554360813,0.7690839694656488,0.9112903225806452,0.4832134292565947,0.2309160305343511,0.2574671445639188
"Previous model, patient analysis",rhythm,STACH,12-lead,True,2198,82,2116,0.0373066424021838,0.9874994236709852,0.7927509290473456,0.0171766819798883,0.0541125020598444,-0.5032418971169975,0.8836870266597568,0.5,57,32,25,2084,0.6951219512195121,0.9848771266540642,0.6404494382022472,0.9881460407776196,0.0151228733459357,0.3048780487804878
"Previous model, patient analysis",rhythm,STACH,2-lead,True,2198,82,2116,0.0373066424021838,0.977730646871686,0.5713313167825281,0.0228748107634935,0.0745359930831278,-0.2447830784186504,0.7524512850504103,0.5,47,34,35,2082,0.573170731707317,0.9839319470699432,0.5802469135802469,0.9834671705243268,0.0160680529300567,0.4268292682926829
"Previous model, patient analysis",rhythm,SVARR,12-lead,False,2198,14,2184,0.0063694267515923,0.7793694400837259,0.0236456210587168,0.0072290829770374,0.0421474030674886,-1.1327342536542977,0.6451440132859448,0.5,0,0,14,2184,0.0,1.0,,0.9936305732484076,0.0,1.0
"Previous model, patient analysis",rhythm,SVARR,2-lead,False,2198,14,2184,0.0063694267515923,0.7983712715855573,0.0158718737746256,0.0070828586200209,0.0436072624590168,-1.241693425854058,0.8343889971238516,0.5,0,0,14,2184,0.0,1.0,,0.9936305732484076,0.0,1.0
"Previous model, patient analysis",rhythm,SVTAC,12-lead,False,2198,3,2195,0.0013648771610555,0.995596051632498,0.4343434343434343,0.0018086932674028,0.0066397471488303,-1.5532633637059845,1.0727545564798786,0.5,1,4,2,2191,0.3333333333333333,0.9981776765375854,0.2,0.9990880072959416,0.0018223234624145,0.6666666666666666
"Previous model, patient analysis",rhythm,SVTAC,2-lead,False,2198,3,2195,0.0013648771610555,0.987243735763098,0.1108378870673952,0.0021030874317496,0.0080658637515237,-1.388122114216389,0.7167853254346566,0.5,0,3,3,2192,0.0,0.9986332574031892,0.0,0.9986332574031892,0.0013667425968109,1.0
"Previous model, patient analysis",rhythm,TRIGU,12-lead,False,2198,2,2196,0.0009099181073703,0.9266848816029144,0.2530959752321981,0.0008963262781707,0.0069132791193392,-1.506084207303752,1.2062352289563798,0.5,0,0,2,2196,0.0,1.0,,0.9990900818926296,0.0,1.0
"Previous model, patient analysis",rhythm,TRIGU,2-lead,False,2198,2,2196,0.0009099181073703,0.6495901639344263,0.0319053079947575,0.0010421999611864,0.0114225275593771,-2.120850213982626,0.9011862399428476,0.5,0,0,2,2196,0.0,1.0,,0.9990900818926296,0.0,1.0
"Previous model, patient analysis",rhythm,AFIB-or-AFLT,12-lead,True,2198,157,2041,0.0714285714285714,0.9698099782484544,0.7619101084435139,0.0304585395525035,0.1039901282124861,-0.0256005548952401,0.8608489936367156,0.5,97,32,60,2009,0.6178343949044586,0.9843214110730034,0.751937984496124,0.971000483325278,0.0156785889269965,0.3821656050955414
"Previous model, patient analysis",rhythm,AFIB-or-AFLT,2-lead,True,2198,157,2041,0.0714285714285714,0.9582320393712336,0.6689528618433161,0.0377927599078406,0.1246516730162261,0.3499801849756594,1.047106166883795,0.5,64,21,93,2020,0.4076433121019108,0.9897109260166586,0.7529411764705882,0.9559867486985328,0.0102890739833415,0.5923566878980892
Fixed I+II,superclass,NORM,12-lead,True,2198,963,1235,0.4381255686988171,0.923176981514414,0.8861760785557906,0.1174031785668474,0.3718583804950701,-0.0838452508386454,0.6662802145279679,0.5,805,193,158,1042,0.8359293873312564,0.8437246963562753,0.8066132264529058,0.8683333333333333,0.1562753036437247,0.1640706126687435
Fixed I+II,superclass,NORM,2-lead,True,2198,963,1235,0.4381255686988171,0.9112246227838948,0.870473363190746,0.1225204029517587,0.3780814716235322,-0.3501270223472298,0.8039062171450869,0.5,851,264,112,971,0.8836967808930426,0.7862348178137651,0.7632286995515695,0.8965835641735919,0.2137651821862348,0.1163032191069574
Fixed I+II,superclass,MI,12-lead,True,2198,550,1648,0.2502274795268426,0.8837047661076789,0.7473407620919253,0.1153214049598557,0.3876649362933805,0.2928706343382905,0.6174918775369433,0.5,316,116,234,1532,0.5745454545454546,0.9296116504854368,0.7314814814814815,0.8674971687429218,0.0703883495145631,0.4254545454545455
Fixed I+II,superclass,MI,2-lead,True,2198,550,1648,0.2502274795268426,0.8408539276257723,0.6695129831407619,0.1329264753288462,0.4253001416932555,0.1118877529501796,0.6801468172595693,0.5,281,143,269,1505,0.5109090909090909,0.9132281553398058,0.6627358490566038,0.8483652762119503,0.0867718446601941,0.4890909090909091
Fixed I+II,superclass,STTC,12-lead,True,2198,521,1677,0.2370336669699727,0.9143658644618338,0.7722954755311621,0.102480054503048,0.3359761176951064,0.8201377094466026,0.8567333377273817,0.5,276,67,245,1610,0.5297504798464492,0.9600477042337509,0.8046647230320699,0.8679245283018868,0.0399522957662492,0.4702495201535508
Fixed I+II,superclass,STTC,2-lead,True,2198,521,1677,0.2370336669699727,0.8991481223325173,0.733598315746694,0.1157418207667104,0.3750105055614747,0.8871419588806454,0.7399554862444322,0.5,249,81,272,1596,0.4779270633397313,0.9516994633273704,0.7545454545454545,0.854389721627409,0.0483005366726296,0.5220729366602687
Fixed I+II,superclass,CD,12-lead,True,2198,496,1702,0.2256596906278435,0.8812888537204806,0.7590563963707647,0.1039638667229704,0.3529750989127695,0.2810522073668903,0.677992129485317,0.5,287,84,209,1618,0.5786290322580645,0.9506462984723856,0.7735849056603774,0.8856048166392994,0.0493537015276145,0.4213709677419355
Fixed I+II,superclass,CD,2-lead,True,2198,496,1702,0.2256596906278435,0.8496135950115614,0.7192208894661738,0.1104106643014062,0.383396760311021,0.5166087271670576,0.6851925795476441,0.5,254,73,242,1629,0.5120967741935484,0.9571092831962396,0.7767584097859327,0.8706574024585783,0.0428907168037602,0.4879032258064516
Fixed I+II,superclass,HYP,12-lead,True,2198,262,1936,0.1191992720655141,0.874516986310012,0.5859710686197047,0.0745445684017516,0.2711306815481472,0.7481716809851605,0.6894239284319416,0.5,93,32,169,1904,0.3549618320610687,0.9834710743801652,0.744,0.9184756391702846,0.0165289256198347,0.6450381679389313
Fixed I+II,superclass,HYP,2-lead,True,2198,262,1936,0.1191992720655141,0.8355762254747334,0.4911300038294202,0.0823153486274702,0.2875521922696338,0.4474152195093203,0.7460100024134049,0.5,62,31,200,1905,0.2366412213740458,0.9839876033057852,0.6666666666666666,0.9049881235154394,0.0160123966942148,0.7633587786259542
Fixed I+II,subcode,1AVB,12-lead,True,2198,79,2119,0.0359417652411283,0.8025877981613013,0.1237488977008827,0.0331724599034772,0.1360948608273444,0.2734215526771948,0.7551677561355102,0.5,0,0,79,2119,0.0,1.0,,0.9640582347588716,0.0,1.0
Fixed I+II,subcode,1AVB,2-lead,True,2198,79,2119,0.0359417652411283,0.8192483915866691,0.146339905686387,0.0328081493872521,0.1342940068291363,0.398972968280865,0.7961397524527737,0.5,0,0,79,2119,0.0,1.0,,0.9640582347588716,0.0,1.0
Fixed I+II,subcode,2AVB,12-lead,False,2198,1,2197,0.0004549590536851,0.6932180245789713,0.0014814814814814,0.0005128550745622,0.0066947134166716,-2.1921309629910217,0.3344050616296848,0.5,0,0,1,2197,0.0,1.0,,0.9995450409463148,0.0,1.0
Fixed I+II,subcode,2AVB,2-lead,False,2198,1,2197,0.0004549590536851,0.3850705507510241,0.0007396449704142,0.0004941068033461,0.0063514050125061,-1.907547742908356,-0.4829163626024086,0.5,0,0,1,2197,0.0,1.0,,0.9995450409463148,0.0,1.0
Fixed I+II,subcode,3AVB,12-lead,False,2198,2,2196,0.0009099181073703,0.9560564663023678,0.0471014492753623,0.0009203632271236,0.0069397633752461,-1.3504595229476568,1.6281499087135598,0.5,0,0,2,2196,0.0,1.0,,0.9990900818926296,0.0,1.0
Fixed I+II,subcode,3AVB,2-lead,False,2198,2,2196,0.0009099181073703,0.9200819672131147,0.0084401709401709,0.0009506992282639,0.0073471766684959,-1.241959998715192,0.9864348167808676,0.5,0,0,2,2196,0.0,1.0,,0.9990900818926296,0.0,1.0
Fixed I+II,subcode,ALMI,12-lead,False,2198,27,2171,0.0122838944494995,0.8233277035672244,0.0750475898260701,0.0121141560650263,0.0595090794273854,-0.158677118812886,0.6057921175712605,0.5,0,0,27,2171,0.0,1.0,,0.9877161055505004,0.0,1.0
Fixed I+II,subcode,ALMI,2-lead,False,2198,27,2171,0.0122838944494995,0.7335755838749851,0.0420377630947912,0.012322762470046,0.0661399153740308,-0.2251721988593522,0.4683739218272341,0.5,0,0,27,2171,0.0,1.0,,0.9877161055505004,0.0,1.0
Fixed I+II,subcode,AMI,12-lead,True,2198,35,2163,0.0159235668789808,0.7279968297998811,0.0309551778071329,0.0155842759448654,0.0765887139001429,-0.0499804052912967,0.8108934754144457,0.5,0,0,35,2163,0.0,1.0,,0.9840764331210192,0.0,1.0
Fixed I+II,subcode,AMI,2-lead,True,2198,35,2163,0.0159235668789808,0.6656627699623539,0.0687702092922281,0.0155709700785404,0.0792447964047733,-0.0795950451244097,0.6815192220510665,0.5,0,0,35,2163,0.0,1.0,,0.9840764331210192,0.0,1.0
Fixed I+II,subcode,ANEUR,12-lead,False,2198,10,2188,0.0045495905368516,0.8907221206581353,0.0543908683734866,0.0044823916890714,0.0242110032241424,-0.5301320385276882,1.0230349989418313,0.5,0,0,10,2188,0.0,1.0,,0.9954504094631484,0.0,1.0
Fixed I+II,subcode,ANEUR,2-lead,False,2198,10,2188,0.0045495905368516,0.7998628884826325,0.0138640088278595,0.004713244225203,0.0284489204798681,-0.7592015249728481,0.6526919862645699,0.5,0,0,10,2188,0.0,1.0,,0.9954504094631484,0.0,1.0
Fixed I+II,subcode,ASMI,12-lead,True,2198,234,1964,0.1064604185623293,0.892766375963932,0.5333846349725755,0.075252550094841,0.256985720878395,1.076888465152934,0.8928116210215534,0.5,22,4,212,1960,0.094017094017094,0.9979633401221996,0.8461538461538461,0.9023941068139965,0.0020366598778004,0.905982905982906
Fixed I+II,subcode,ASMI,2-lead,True,2198,234,1964,0.1064604185623293,0.8168442216303724,0.3627585334122581,0.086274254168515,0.3038828467539263,0.9778909704673768,0.8871043312237903,0.5,0,0,234,1964,0.0,1.0,,0.8935395814376706,0.0,1.0
Fixed I+II,subcode,CLBBB,12-lead,True,2198,54,2144,0.024567788898999,0.9880199695964622,0.6445739025615728,0.0126003660455724,0.0406926909953188,0.2132310930005408,0.970029001292318,0.5,28,15,26,2129,0.5185185185185185,0.9930037313432836,0.6511627906976745,0.9879350348027842,0.0069962686567164,0.4814814814814814
Fixed I+II,subcode,CLBBB,2-lead,True,2198,54,2144,0.024567788898999,0.9909134881149806,0.7390655640279237,0.0101547334367559,0.0348785573365683,0.1954467143237098,0.9664139499774984,0.5,35,12,19,2132,0.6481481481481481,0.9944029850746268,0.7446808510638298,0.99116689911669,0.0055970149253731,0.3518518518518518
Fixed I+II,subcode,CRBBB,12-lead,True,2198,54,2144,0.024567788898999,0.9769295881702598,0.5345087668115032,0.0158998039130665,0.0525822020728972,-0.1803397712377424,1.1409533356290402,0.5,16,9,38,2135,0.2962962962962963,0.9958022388059702,0.64,0.9825126553152324,0.0041977611940298,0.7037037037037037
Fixed I+II,subcode,CRBBB,2-lead,True,2198,54,2144,0.024567788898999,0.9615637092316196,0.5213429451663051,0.0171554618398184,0.0619455228116289,0.2183806308241458,1.012787387685711,0.5,10,0,44,2144,0.1851851851851851,1.0,1.0,0.979890310786106,0.0,0.8148148148148148
Fixed I+II,subcode,DIG,12-lead,False,2198,18,2180,0.008189262966333,0.8708970438328236,0.0435589114068575,0.0080064516470183,0.0395264451807012,0.0556925278290613,0.8237187127664902,0.5,0,0,18,2180,0.0,1.0,,0.991810737033667,0.0,1.0
Fixed I+II,subcode,DIG,2-lead,False,2198,18,2180,0.008189262966333,0.90565749235474,0.0645907917072006,0.0080436050637371,0.0373252083381329,-0.1105168573266796,0.8180204633085799,0.5,0,0,18,2180,0.0,1.0,,0.991810737033667,0.0,1.0
Fixed I+II,subcode,EL,12-lead,False,2198,9,2189,0.0040946314831665,0.7721943048576214,0.0112941665854618,0.0041119470390272,0.0258287158319904,-0.644757407504984,0.8823518729255379,0.5,0,0,9,2189,0.0,1.0,,0.9959053685168336,0.0,1.0
Fixed I+II,subcode,EL,2-lead,False,2198,9,2189,0.0040946314831665,0.7819907618902594,0.0134828702465713,0.0041090175019292,0.0256030215606526,-0.6397282737617492,0.852397583929226,0.5,0,0,9,2189,0.0,1.0,,0.9959053685168336,0.0,1.0
Fixed I+II,subcode,ILBBB,12-lead,False,2198,8,2190,0.0036396724294813,0.89337899543379,0.1883942299399596,0.003498776880367,0.0199655508685209,-0.6305031506116614,0.9273171571790262,0.5,0,0,8,2190,0.0,1.0,,0.9963603275705186,0.0,1.0
Fixed I+II,subcode,ILBBB,2-lead,False,2198,8,2190,0.0036396724294813,0.8648972602739726,0.0278683340662301,0.0036709689375541,0.0212940225123151,-0.5111405346556334,0.7176234641197098,0.5,0,0,8,2190,0.0,1.0,,0.9963603275705186,0.0,1.0
Fixed I+II,subcode,ILMI,12-lead,True,2198,48,2150,0.021838034576888,0.8994476744186046,0.294882138810822,0.0181628319653241,0.0748402066669447,0.2322225947950346,0.9226942452830936,0.5,1,0,47,2150,0.0208333333333333,1.0,1.0,0.9786071916249433,0.0,0.9791666666666666
Fixed I+II,subcode,ILMI,2-lead,True,2198,48,2150,0.021838034576888,0.8972286821705425,0.1852882447678261,0.0193026583693063,0.0775383799008615,0.1459258299318921,0.8905403952156195,0.5,0,0,48,2150,0.0,1.0,,0.978161965423112,0.0,1.0
Fixed I+II,subcode,IMI,12-lead,True,2198,267,1931,0.1214740673339399,0.8212895454995082,0.3535659649381316,0.0983769888708429,0.3405474753738638,1.1160162656839674,0.8182614209360003,0.5,0,0,267,1931,0.0,1.0,,0.87852593266606,0.0,1.0
Fixed I+II,subcode,IMI,2-lead,True,2198,267,1931,0.1214740673339399,0.819464405898634,0.3924478965516876,0.0917264786449661,0.3199341637562672,0.7997755462956841,0.765358626570955,0.5,25,20,242,1911,0.0936329588014981,0.9896426721905748,0.5555555555555556,0.887598699489085,0.0103573278094251,0.906367041198502
Fixed I+II,subcode,INJAL,12-lead,False,2198,14,2184,0.0063694267515923,0.8862179487179488,0.1185479140898721,0.0061240646546861,0.0311220608184585,-0.3155072068480696,1.110170041237465,0.5,0,0,14,2184,0.0,1.0,,0.9936305732484076,0.0,1.0
Fixed I+II,subcode,INJAL,2-lead,False,2198,14,2184,0.0063694267515923,0.8869374672946102,0.0744931145586121,0.0061791022565885,0.0314101723924106,-0.3313972490081875,1.098304285041832,0.5,0,0,14,2184,0.0,1.0,,0.9936305732484076,0.0,1.0
Fixed I+II,subcode,INJAS,12-lead,False,2198,22,2176,0.0100090991810737,0.892108121657754,0.0847308160324244,0.0095580702109165,0.0438450318350159,0.1295392626085334,0.982314810787306,0.5,0,0,22,2176,0.0,1.0,,0.9899909008189264,0.0,1.0
Fixed I+II,subcode,INJAS,2-lead,False,2198,22,2176,0.0100090991810737,0.8658088235294118,0.0629495834205988,0.009703283909661,0.0461172170372975,-0.142636873486287,0.9399296558338722,0.5,0,0,22,2176,0.0,1.0,,0.9899909008189264,0.0,1.0
Fixed I+II,subcode,INJIL,12-lead,False,2198,2,2196,0.0009099181073703,0.819672131147541,0.0037043359508364,0.0009331182949993,0.0075663520254206,-1.1126035415467048,0.6385820119023196,0.5,0,0,2,2196,0.0,1.0,,0.9990900818926296,0.0,1.0
Fixed I+II,subcode,INJIL,2-lead,False,2198,2,2196,0.0009099181073703,0.8615664845173042,0.0048869360197192,0.000937961309368,0.0075543587703218,-1.2405560342713955,0.8352919097586343,0.5,0,0,2,2196,0.0,1.0,,0.9990900818926296,0.0,1.0
Fixed I+II,subcode,INJIN,12-lead,False,2198,2,2196,0.0009099181073703,0.8772768670309654,0.073297730307076,0.0009203146475318,0.0074469447908772,-1.3573324065383807,1.3225694188617754,0.5,0,0,2,2196,0.0,1.0,,0.9990900818926296,0.0,1.0
Fixed I+II,subcode,INJIN,2-lead,False,2198,2,2196,0.0009099181073703,0.9574225865209472,0.0155496624879459,0.0009226870416442,0.0070204853957675,-1.2908142068136652,1.8417676906040636,0.5,0,0,2,2196,0.0,1.0,,0.9990900818926296,0.0,1.0
Fixed I+II,subcode,INJLA,12-lead,False,2198,2,2196,0.0009099181073703,0.8565573770491803,0.0048634008478568,0.00092396627069,0.0072794988413157,-1.068776724310281,0.9000137816178831,0.5,0,0,2,2196,0.0,1.0,,0.9990900818926296,0.0,1.0
Fixed I+II,subcode,INJLA,2-lead,False,2198,2,2196,0.0009099181073703,0.8007741347905282,0.0042239112539062,0.0009382134343568,0.0081417715939527,-1.334187032885592,0.7054070541224778,0.5,0,0,2,2196,0.0,1.0,,0.9990900818926296,0.0,1.0
Fixed I+II,subcode,IPLMI,12-lead,False,2198,5,2193,0.0022747952684258,0.8802553579571364,0.012513022096496,0.002284120168501,0.0149658516109238,-0.8522383523953855,1.356962259310819,0.5,0,0,5,2193,0.0,1.0,,0.997725204731574,0.0,1.0
Fixed I+II,subcode,IPLMI,2-lead,False,2198,5,2193,0.0022747952684258,0.8104879160966714,0.0159082951975213,0.0023077271056685,0.0162831302067252,-1.0178040564779198,0.8758602456019081,0.5,0,0,5,2193,0.0,1.0,,0.997725204731574,0.0,1.0
Fixed I+II,subcode,IPMI,12-lead,False,2198,3,2195,0.0013648771610555,0.75125284738041,0.0047039784282739,0.0014101697378797,0.0118517493345452,-1.3324876777094086,0.6607578669119023,0.5,0,0,3,2195,0.0,1.0,,0.9986351228389444,0.0,1.0
Fixed I+II,subcode,IPMI,2-lead,False,2198,3,2195,0.0013648771610555,0.781169324221716,0.0119982155200224,0.0014246229247764,0.0120053125963655,-1.4275412319188057,0.7798716638024525,0.5,0,0,3,2195,0.0,1.0,,0.9986351228389444,0.0,1.0
Fixed I+II,subcode,IRBBB,12-lead,True,2198,112,2086,0.0509554140127388,0.8074792836597726,0.2396596893525557,0.0438253235203899,0.1708801340866871,0.3889273194083306,0.8941176919927338,0.5,0,0,112,2086,0.0,1.0,,0.9490445859872612,0.0,1.0
Fixed I+II,subcode,IRBBB,2-lead,True,2198,112,2086,0.0509554140127388,0.6697798246815505,0.1509952427430402,0.046687465655302,0.1944715583839616,0.4424395915467861,0.765289024672599,0.5,0,0,112,2086,0.0,1.0,,0.9490445859872612,0.0,1.0
Fixed I+II,subcode,ISCAL,12-lead,True,2198,66,2132,0.0300272975432211,0.9066746261868212,0.2063521564829761,0.0269129192043413,0.1024647927099646,0.7879983699337595,1.0423615108079254,0.5,0,0,66,2132,0.0,1.0,,0.9699727024567788,0.0,1.0
Fixed I+II,subcode,ISCAL,2-lead,True,2198,66,2132,0.0300272975432211,0.9076127124907614,0.2148147736565168,0.02615577198661,0.0972504133826123,0.4185357610515988,0.9122957240440314,0.5,0,0,66,2132,0.0,1.0,,0.9699727024567788,0.0,1.0
Fixed I+II,subcode,ISCAN,12-lead,False,2198,4,2194,0.0018198362147406,0.784412032816773,0.0051833943318159,0.0018916072144598,0.0142910372185217,-1.149754855038162,0.6478039674657436,0.5,0,0,4,2194,0.0,1.0,,0.9981801637852592,0.0,1.0
Fixed I+II,subcode,ISCAN,2-lead,False,2198,4,2194,0.0018198362147406,0.7975159525979946,0.005705888815338,0.0018685293882028,0.0137492853116113,-1.0712025809827783,0.7697506744384234,0.5,0,0,4,2194,0.0,1.0,,0.9981801637852592,0.0,1.0
Fixed I+II,subcode,ISCAS,12-lead,False,2198,17,2181,0.0077343039126478,0.8656040132696821,0.0394172409194795,0.0075912216692158,0.037980512870585,-0.0732807843140475,0.8377889409366197,0.5,0,0,17,2181,0.0,1.0,,0.9922656960873522,0.0,1.0
Fixed I+II,subcode,ISCAS,2-lead,False,2198,17,2181,0.0077343039126478,0.818620708255792,0.0297126527213722,0.0076606595272564,0.0407954231575838,-0.3579181483978939,0.7695314261031979,0.5,0,0,17,2181,0.0,1.0,,0.9922656960873522,0.0,1.0
Fixed I+II,subcode,ISCIL,12-lead,False,2198,18,2180,0.008189262966333,0.8726299694189602,0.0351263022674351,0.0080434451301635,0.0393539863956756,-0.0160471537107264,0.9067701860564136,0.5,0,0,18,2180,0.0,1.0,,0.991810737033667,0.0,1.0
Fixed I+II,subcode,ISCIL,2-lead,False,2198,18,2180,0.008189262966333,0.8738532110091743,0.0653314134059634,0.0080200229324069,0.0394426708329324,-0.1935277791365388,0.7767131630532269,0.5,0,0,18,2180,0.0,1.0,,0.991810737033667,0.0,1.0
Fixed I+II,subcode,ISCIN,12-lead,False,2198,22,2176,0.0100090991810737,0.783401570855615,0.0395521896663668,0.0097909248530747,0.0510774582627299,0.0460815026197048,0.7226344062804549,0.5,0,0,22,2176,0.0,1.0,,0.9899909008189264,0.0,1.0
Fixed I+II,subcode,ISCIN,2-lead,False,2198,22,2176,0.0100090991810737,0.8338694852941176,0.0811588079865582,0.009716272362744,0.0484285220395617,-0.0543947867397421,0.8013193413611511,0.5,0,0,22,2176,0.0,1.0,,0.9899909008189264,0.0,1.0
Fixed I+II,subcode,ISCLA,12-lead,False,2198,13,2185,0.0059144676979071,0.9131490934694596,0.0632835330173513,0.0057376694576722,0.0285353300426389,-0.2579731816481428,1.5302317023147638,0.5,0,0,13,2185,0.0,1.0,,0.9940855323020928,0.0,1.0
Fixed I+II,subcode,ISCLA,2-lead,False,2198,13,2185,0.0059144676979071,0.908255588804788,0.054681221251973,0.0057771455912244,0.0296629059764744,-0.5909731448327731,1.225740274008348,0.5,0,0,13,2185,0.0,1.0,,0.9940855323020928,0.0,1.0
Fixed I+II,subcode,ISC_,12-lead,True,2198,128,2070,0.0582347588717015,0.9517814009661836,0.6181438628907956,0.0403770155098304,0.1543773132293954,1.8925069089784243,0.8260197755826743,0.5,26,5,102,2065,0.203125,0.997584541062802,0.8387096774193549,0.952930318412552,0.002415458937198,0.796875
Fixed I+II,subcode,ISC_,2-lead,True,2198,128,2070,0.0582347588717015,0.9239696557971016,0.5392389653734518,0.0416117768386116,0.1602329732691362,1.3556552471486427,0.7827786831388652,0.5,15,3,113,2067,0.1171875,0.9985507246376812,0.8333333333333334,0.9481651376146788,0.0014492753623188,0.8828125
Fixed I+II,subcode,IVCD,12-lead,True,2198,79,2119,0.0359417652411283,0.6624034503975484,0.0907787681880722,0.0343264069555791,0.1577024200421551,0.6026947206233013,0.5317071832424998,0.5,0,0,79,2119,0.0,1.0,,0.9640582347588716,0.0,1.0
Fixed I+II,subcode,IVCD,2-lead,True,2198,79,2119,0.0359417652411283,0.6749959677660229,0.0806843577882243,0.0343915178776149,0.1560067653439785,0.5184724798800158,0.5450752178044264,0.5,0,0,79,2119,0.0,1.0,,0.9640582347588716,0.0,1.0
Fixed I+II,subcode,LAFB,12-lead,True,2198,162,2036,0.0737033666969972,0.8960440466661815,0.3678364567886188,0.0557373362358071,0.1902641248312591,0.6214288798001288,0.8731804475104732,0.5,5,12,157,2024,0.0308641975308641,0.9941060903732808,0.2941176470588235,0.92801467216873,0.005893909626719,0.9691358024691358
Fixed I+II,subcode,LAFB,2-lead,True,2198,162,2036,0.0737033666969972,0.9182856727061048,0.5721474980851519,0.048532567311886,0.1751250860369331,0.9295184624106806,0.8998404563684541,0.5,30,6,132,2030,0.1851851851851851,0.9970530451866404,0.8333333333333334,0.938945420906568,0.0029469548133595,0.8148148148148148
Fixed I+II,subcode,LAO/LAE,12-lead,True,2198,42,2156,0.019108280254777,0.8001479812704302,0.0748408399306296,0.0182243060019807,0.0834458232381807,0.0969715747961505,0.8268308609705751,0.5,0,0,42,2156,0.0,1.0,,0.9808917197452228,0.0,1.0
Fixed I+II,subcode,LAO/LAE,2-lead,True,2198,42,2156,0.019108280254777,0.7585917483876667,0.056774975182675,0.018514362174958,0.08801248228832,0.1594093046922279,0.6847451446908022,0.5,0,0,42,2156,0.0,1.0,,0.9808917197452228,0.0,1.0
Fixed I+II,subcode,LMI,12-lead,False,2198,20,2178,0.0090991810737033,0.7053719008264463,0.0484768167499515,0.0090970219684296,0.0509267273949204,-0.3997701368060964,0.5828829914602762,0.5,0,0,20,2178,0.0,1.0,,0.9909008189262968,0.0,1.0
Fixed I+II,subcode,LMI,2-lead,False,2198,20,2178,0.0090991810737033,0.6705693296602387,0.0290388869442865,0.0091581055071977,0.0527317331505575,-0.3672148416715171,0.4573931437575594,0.5,0,0,20,2178,0.0,1.0,,0.9909008189262968,0.0,1.0
Fixed I+II,subcode,LNGQT,12-lead,False,2198,11,2187,0.0050045495905368,0.71870973105541,0.0100378221382184,0.0050456209338721,0.0313725501256268,-0.5686368171548415,0.6540018826366426,0.5,0,0,11,2187,0.0,1.0,,0.9949954504094632,0.0,1.0
Fixed I+II,subcode,LNGQT,2-lead,False,2198,11,2187,0.0050045495905368,0.7177952363137549,0.0130852547876693,0.0050464896884536,0.0316641963691461,-0.5842164462936884,0.5688338992895097,0.5,0,0,11,2187,0.0,1.0,,0.9949954504094632,0.0,1.0
Fixed I+II,subcode,LPFB,12-lead,False,2198,18,2180,0.008189262966333,0.7892456676860347,0.1195435458206372,0.0082115010668386,0.0461887892997519,-0.4934057879857415,0.5142340482069588,0.5,0,0,18,2180,0.0,1.0,,0.991810737033667,0.0,1.0
Fixed I+II,subcode,LPFB,2-lead,False,2198,18,2180,0.008189262966333,0.9037461773700306,0.0938222989368533,0.0079790917127153,0.037838866991913,-0.3012372751790538,0.7751755353884198,0.5,0,0,18,2180,0.0,1.0,,0.991810737033667,0.0,1.0
Fixed I+II,subcode,LVH,12-lead,True,2198,214,1984,0.097361237488626,0.9073028150437142,0.6139523477105366,0.0655198930932795,0.2636416743724967,1.9221200403122791,0.7308534704289125,0.5,52,12,162,1972,0.2429906542056074,0.9939516129032258,0.8125,0.9240862230552952,0.0060483870967741,0.7570093457943925
Fixed I+II,subcode,LVH,2-lead,True,2198,214,1984,0.097361237488626,0.8617444226710883,0.488252087790687,0.0732325603897516,0.284298737943532,1.5142953704858042,0.7620495632116193,0.5,30,7,184,1977,0.1401869158878504,0.9964717741935484,0.8108108108108109,0.914854234150856,0.0035282258064516,0.8598130841121495
Fixed I+II,subcode,NDT,12-lead,True,2198,182,2016,0.0828025477707006,0.8494816195709053,0.340745415472376,0.0672848877309301,0.2396365361633516,0.883450615110631,0.875583403160645,0.5,0,0,182,2016,0.0,1.0,,0.9171974522292994,0.0,1.0
Fixed I+II,subcode,NDT,2-lead,True,2198,182,2016,0.0828025477707006,0.8270866038723181,0.2758526905136159,0.0703838612641887,0.2554185778040505,0.9420245065842486,0.7756643842020563,0.5,0,0,182,2016,0.0,1.0,,0.9171974522292994,0.0,1.0
Fixed I+II,subcode,NORM,12-lead,True,2198,963,1235,0.4381255686988171,0.9233728942533664,0.8875382428522531,0.1314488221971811,0.4105519324238242,1.060525947186978,0.6934495733296959,0.5,670,121,293,1114,0.6957424714434061,0.9020242914979756,0.8470290771175727,0.7917555081734187,0.0979757085020242,0.304257528556594
Fixed I+II,subcode,NORM,2-lead,True,2198,963,1235,0.4381255686988171,0.9106368845670372,0.8695186238635199,0.1285529267622572,0.3954348751292582,0.6689496950572327,0.8283728056172187,0.5,708,160,255,1075,0.735202492211838,0.8704453441295547,0.815668202764977,0.8082706766917294,0.1295546558704453,0.2647975077881619
Fixed I+II,subcode,NST_,12-lead,True,2198,77,2121,0.0350318471337579,0.8208820882088209,0.1421464092512755,0.0321337675353018,0.1321609971979125,0.5607027253441939,0.8448227411422515,0.5,0,0,77,2121,0.0,1.0,,0.964968152866242,0.0,1.0
Fixed I+II,subcode,NST_,2-lead,True,2198,77,2121,0.0350318471337579,0.8252845692732539,0.1413875097701533,0.0322803596286216,0.1347109033353768,0.6457696203355516,0.7479230645040202,0.5,0,0,77,2121,0.0,1.0,,0.964968152866242,0.0,1.0
Fixed I+II,subcode,PMI,12-lead,False,2198,2,2196,0.0009099181073703,0.8406193078324226,0.0046441735779509,0.0009284722829592,0.0080609085785638,-1.3659919222704666,1.0952030247526647,0.5,0,0,2,2196,0.0,1.0,,0.9990900818926296,0.0,1.0
Fixed I+II,subcode,PMI,2-lead,False,2198,2,2196,0.0009099181073703,0.9034608378870672,0.0124634960367125,0.0009167124806545,0.0072522616845013,-1.2068626703572127,1.6288167122401411,0.5,0,0,2,2196,0.0,1.0,,0.9990900818926296,0.0,1.0
Fixed I+II,subcode,RAO/RAE,12-lead,False,2198,10,2188,0.0045495905368516,0.7910877513711151,0.0180279889559146,0.0047385000604977,0.0287871232495599,-0.8051131373220484,0.7081822856400265,0.5,0,0,10,2188,0.0,1.0,,0.9954504094631484,0.0,1.0
Fixed I+II,subcode,RAO/RAE,2-lead,False,2198,10,2188,0.0045495905368516,0.8231718464351006,0.0385711272177396,0.0046152185275602,0.0269722356890444,-0.6279157400996425,0.7685199450897428,0.5,0,0,10,2188,0.0,1.0,,0.9954504094631484,0.0,1.0
Fixed I+II,subcode,RVH,12-lead,False,2198,12,2186,0.005459508644222,0.8952424519670631,0.142052497060469,0.0055527632995436,0.0287523628836028,-0.7416104810781848,0.7339739562686701,0.5,0,0,12,2186,0.0,1.0,,0.994540491355778,0.0,1.0
Fixed I+II,subcode,RVH,2-lead,False,2198,12,2186,0.005459508644222,0.9285986581274778,0.1488606720714296,0.0053611603431188,0.0264695107622378,-0.7174618020847165,0.880679218302463,0.5,0,0,12,2186,0.0,1.0,,0.994540491355778,0.0,1.0
Fixed I+II,subcode,SEHYP,12-lead,False,2198,2,2196,0.0009099181073703,0.9355646630236794,0.0102953462086589,0.0009665009790263,0.0080544952666272,-1.5368812913997345,1.198645907153496,0.5,0,0,2,2196,0.0,1.0,,0.9990900818926296,0.0,1.0
Fixed I+II,subcode,SEHYP,2-lead,False,2198,2,2196,0.0009099181073703,0.8843351548269581,0.0059204764407076,0.000930784595424,0.0081036014881783,-1.4309502587369398,1.297013271613314,0.5,0,0,2,2196,0.0,1.0,,0.9990900818926296,0.0,1.0
Fixed I+II,subcode,WPW,12-lead,False,2198,8,2190,0.0036396724294813,0.7426940639269406,0.0204054544977253,0.0037396310169943,0.0247737817503374,-0.8018588040455067,0.5754380848011339,0.5,0,0,8,2190,0.0,1.0,,0.9963603275705186,0.0,1.0
Fixed I+II,subcode,WPW,2-lead,False,2198,8,2190,0.0036396724294813,0.71175799086758,0.0136835427260532,0.0037047261718463,0.0246069989183432,-0.7828554387474382,0.6418190371508826,0.5,0,0,8,2190,0.0,1.0,,0.9963603275705186,0.0,1.0
Fixed I+II,rhythm,AFIB,12-lead,True,2198,152,2046,0.0691537761601455,0.9116761845963884,0.4339007129421812,0.0479831924253083,0.1630474184376616,0.005336589875389,0.8755706194959678,0.5,34,29,118,2017,0.2236842105263158,0.9858260019550342,0.5396825396825397,0.9447306791569088,0.0141739980449657,0.7763157894736842
Fixed I+II,rhythm,AFIB,2-lead,True,2198,152,2046,0.0691537761601455,0.9271781910788702,0.5500379274945847,0.0436307916638601,0.1551063572987917,0.5261052139764745,0.7825454572515298,0.5,50,24,102,2022,0.3289473684210526,0.9882697947214076,0.6756756756756757,0.9519774011299436,0.0117302052785923,0.6710526315789473
Fixed I+II,rhythm,AFLT,12-lead,False,2198,7,2191,0.0031847133757961,0.9499250179304948,0.2947069982578356,0.0057221146474929,0.0238500419982595,-2.049198380676912,0.954091898304716,0.5,3,15,4,2176,0.4285714285714285,0.9931538110451849,0.1666666666666666,0.998165137614679,0.0068461889548151,0.5714285714285714
Fixed I+II,rhythm,AFLT,2-lead,False,2198,7,2191,0.0031847133757961,0.976788159353198,0.6165604457271123,0.0037613538615102,0.0170809046363557,-1.7540684658693877,1.2563045758369145,0.5,4,4,3,2187,0.5714285714285714,0.9981743496120492,0.5,0.9986301369863012,0.0018256503879507,0.4285714285714285
Fixed I+II,rhythm,BIGU,12-lead,False,2198,8,2190,0.0036396724294813,0.9062785388127856,0.1994570331517139,0.0039417045017383,0.0236317688099895,-1.4019841659774417,1.1433566848827272,0.5,0,0,8,2190,0.0,1.0,,0.9963603275705186,0.0,1.0
Fixed I+II,rhythm,BIGU,2-lead,False,2198,8,2190,0.0036396724294813,0.8189497716894977,0.0714690104834485,0.0037464173102913,0.0240925038612346,-1.1143043365280376,0.9636450757524312,0.5,0,0,8,2190,0.0,1.0,,0.9963603275705186,0.0,1.0
Fixed I+II,rhythm,PACE,12-lead,True,2198,28,2170,0.0127388535031847,0.9694535878867676,0.5724713169887631,0.0090021915532099,0.035854229361865,-0.9245278391078128,0.9336223170137758,0.5,14,10,14,2160,0.5,0.9953917050691244,0.5833333333333334,0.9935602575896963,0.0046082949308755,0.5
Fixed I+II,rhythm,PACE,2-lead,True,2198,28,2170,0.0127388535031847,0.9660796576695194,0.5933321259199117,0.0075931675608846,0.0337272771967257,0.2641139083147331,0.9829763527708232,0.5,11,2,17,2168,0.3928571428571428,0.9990783410138248,0.8461538461538461,0.9922196796338671,0.0009216589861751,0.6071428571428571
Fixed I+II,rhythm,PSVT,12-lead,False,2198,2,2196,0.0009099181073703,0.997495446265938,0.3333333333333333,0.0026384703129887,0.0114128688818437,-2.723481603037872,2.0988310240141153,0.5,1,4,1,2192,0.5,0.9981785063752276,0.2,0.9995440036479708,0.0018214936247723,0.5
Fixed I+II,rhythm,PSVT,2-lead,False,2198,2,2196,0.0009099181073703,0.9977231329690346,0.5833333333333334,0.0018532295656725,0.0078543707114548,-2.3973422590669236,1.842220943695322,0.5,1,3,1,2193,0.5,0.9986338797814208,0.25,0.9995442114858706,0.0013661202185792,0.5
Fixed I+II,rhythm,SARRH,12-lead,True,2198,77,2121,0.0350318471337579,0.635561515335207,0.0617820820379841,0.0336243238979067,0.1490413951805667,-0.1192420275546019,1.0139536411538008,0.5,0,0,77,2121,0.0,1.0,,0.964968152866242,0.0,1.0
Fixed I+II,rhythm,SARRH,2-lead,True,2198,77,2121,0.0350318471337579,0.6454931207406454,0.0690847508415169,0.0342540181559103,0.1538060149651566,-0.5518027483317929,0.9803757483080364,0.5,0,0,77,2121,0.0,1.0,,0.964968152866242,0.0,1.0
Fixed I+II,rhythm,SBRAD,12-lead,True,2198,64,2134,0.0291173794358507,0.9199859418931584,0.3469848424752916,0.0229084661741998,0.0871662831518674,0.2276316392343963,0.9535529229694226,0.5,5,4,59,2130,0.078125,0.9981255857544518,0.5555555555555556,0.9730470534490636,0.0018744142455482,0.921875
Fixed I+II,rhythm,SBRAD,2-lead,True,2198,64,2134,0.0291173794358507,0.9259313495782568,0.3975555131345514,0.0229296413634428,0.088755780796101,-0.6608038205786539,1.0845148456445763,0.5,20,13,44,2121,0.3125,0.9939081537019682,0.6060606060606061,0.979676674364896,0.0060918462980318,0.6875
Fixed I+II,rhythm,SR,12-lead,True,2198,1674,524,0.7616014558689718,0.8191354984632502,0.916337780213099,0.1534694366848034,0.4775841517734809,1.021003580973158,0.8915213179643289,0.5,1375,167,299,357,0.8213859020310633,0.6812977099236641,0.8916990920881972,0.5442073170731707,0.3187022900763359,0.1786140979689366
Fixed I+II,rhythm,SR,2-lead,True,2198,1674,524,0.7616014558689718,0.8285190201282296,0.9196938277286146,0.1340943670379937,0.4304242264163664,0.6705101510748822,1.063140691225019,0.5,1492,208,182,316,0.8912783751493429,0.6030534351145038,0.8776470588235294,0.6345381526104418,0.3969465648854962,0.1087216248506571
Fixed I+II,rhythm,STACH,12-lead,True,2198,82,2116,0.0373066424021838,0.9685209092166536,0.5373873136642086,0.0262723925535737,0.088808917861962,-0.9601767779694896,0.9316732255061094,0.5,51,46,31,2070,0.6219512195121951,0.9782608695652174,0.5257731958762887,0.9852451213707758,0.0217391304347826,0.3780487804878049
Fixed I+II,rhythm,STACH,2-lead,True,2198,82,2116,0.0373066424021838,0.9721633085896076,0.469524705552377,0.0258657027914125,0.0824602633026736,-0.4247024106304061,0.8880638550153479,0.5,37,38,45,2078,0.4512195121951219,0.9820415879017014,0.4933333333333333,0.9788035798398492,0.0179584120982986,0.5487804878048781
Fixed I+II,rhythm,SVARR,12-lead,False,2198,14,2184,0.0063694267515923,0.625392464678179,0.009136106332731,0.0077032075667208,0.0500308534017968,-1.370567537340461,0.2945833354974652,0.5,0,0,14,2184,0.0,1.0,,0.9936305732484076,0.0,1.0
Fixed I+II,rhythm,SVARR,2-lead,False,2198,14,2184,0.0063694267515923,0.8268903715332288,0.021291910771188,0.0073695716349406,0.0427170754736793,-1.2584121241054875,0.7969565893971439,0.5,0,0,14,2184,0.0,1.0,,0.9936305732484076,0.0,1.0
Fixed I+II,rhythm,SVTAC,12-lead,False,2198,3,2195,0.0013648771610555,0.9931662870159452,0.188141923436041,0.0026591296758888,0.0119578106067153,-2.239038138361554,1.5292232262937104,0.5,1,3,2,2192,0.3333333333333333,0.9986332574031892,0.25,0.9990884229717412,0.0013667425968109,0.6666666666666666
Fixed I+II,rhythm,SVTAC,2-lead,False,2198,3,2195,0.0013648771610555,0.9887623386484432,0.0942307692307692,0.0027289580290127,0.0110680476175257,-2.041256523221595,0.9072998095284728,0.5,0,5,3,2190,0.0,0.9977220956719818,0.0,0.9986320109439124,0.0022779043280182,1.0
Fixed I+II,rhythm,TRIGU,12-lead,False,2198,2,2196,0.0009099181073703,0.657103825136612,0.1673306772908366,0.0010033404157007,0.0111881724898657,-2.0957722198023956,0.9076259220723184,0.5,0,0,2,2196,0.0,1.0,,0.9990900818926296,0.0,1.0
Fixed I+II,rhythm,TRIGU,2-lead,False,2198,2,2196,0.0009099181073703,0.6154371584699454,0.0022616527203683,0.0010118206196303,0.0110683389362746,-1.9300769662295345,0.3067347078383908,0.5,0,0,2,2196,0.0,1.0,,0.9990900818926296,0.0,1.0
Fixed I+II,rhythm,AFIB-or-AFLT,12-lead,True,2198,157,2041,0.0714285714285714,0.9133839100977728,0.4962361998579799,0.0478106423563069,0.1627657675987374,0.0170450486895091,0.9032455095969768,0.5,40,30,117,2011,0.2547770700636942,0.9853013228809409,0.5714285714285714,0.9450187969924811,0.0146986771190592,0.7452229299363057
Fixed I+II,rhythm,AFIB-or-AFLT,2-lead,True,2198,157,2041,0.0714285714285714,0.9286973726504744,0.5869958083730721,0.0430357915560935,0.1536404787344475,0.4699415216427639,0.8105120248160731,0.5,55,21,102,2020,0.3503184713375796,0.9897109260166586,0.7236842105263158,0.9519321394910462,0.0102890739833415,0.6496815286624203
Random lead training,superclass,NORM,12-lead,True,2198,963,1235,0.4381255686988171,0.923176981514414,0.8861760785557906,0.1174031785668474,0.3718583804950701,-0.0838452508386454,0.6662802145279679,0.5,805,193,158,1042,0.8359293873312564,0.8437246963562753,0.8066132264529058,0.8683333333333333,0.1562753036437247,0.1640706126687435
Random lead training,superclass,NORM,2-lead,True,2198,963,1235,0.4381255686988171,0.9023429650089758,0.8478526091044982,0.1252757783049695,0.3891155092008674,-0.2965638166532376,0.8155973256055721,0.5,837,261,126,974,0.8691588785046729,0.7886639676113361,0.7622950819672131,0.8854545454545455,0.2113360323886639,0.1308411214953271
Random lead training,superclass,MI,12-lead,True,2198,550,1648,0.2502274795268426,0.8837047661076789,0.7473407620919253,0.1153214049598557,0.3876649362933805,0.2928706343382905,0.6174918775369433,0.5,316,116,234,1532,0.5745454545454546,0.9296116504854368,0.7314814814814815,0.8674971687429218,0.0703883495145631,0.4254545454545455
Random lead training,superclass,MI,2-lead,True,2198,550,1648,0.2502274795268426,0.8052934686672552,0.6098560940751189,0.1530705533724909,0.4990635409590738,0.904296981642988,0.6973190336782458,0.5,150,53,400,1595,0.2727272727272727,0.9678398058252428,0.7389162561576355,0.7994987468671679,0.0321601941747572,0.7272727272727273
Random lead training,superclass,STTC,12-lead,True,2198,521,1677,0.2370336669699727,0.9143658644618338,0.7722954755311621,0.102480054503048,0.3359761176951064,0.8201377094466026,0.8567333377273817,0.5,276,67,245,1610,0.5297504798464492,0.9600477042337509,0.8046647230320699,0.8679245283018868,0.0399522957662492,0.4702495201535508
Random lead training,superclass,STTC,2-lead,True,2198,521,1677,0.2370336669699727,0.8918082170771542,0.704297276655832,0.109426789985087,0.3498719744264154,0.0918463629092233,0.7795545435063975,0.5,320,127,201,1550,0.6142034548944337,0.9242695289206916,0.7158836689038032,0.885208452312964,0.0757304710793082,0.3857965451055662
Random lead training,superclass,CD,12-lead,True,2198,496,1702,0.2256596906278435,0.8812888537204806,0.7590563963707647,0.1039638667229704,0.3529750989127695,0.2810522073668903,0.677992129485317,0.5,287,84,209,1618,0.5786290322580645,0.9506462984723856,0.7735849056603774,0.8856048166392994,0.0493537015276145,0.4213709677419355
Random lead training,superclass,CD,2-lead,True,2198,496,1702,0.2256596906278435,0.8359235813653767,0.6750216093407254,0.1160342439959458,0.3928936035905093,0.3406493748484192,0.746037618544739,0.5,221,60,275,1642,0.4455645161290322,0.964747356051704,0.7864768683274022,0.856546687532603,0.0352526439482961,0.5544354838709677
Random lead training,superclass,HYP,12-lead,True,2198,262,1936,0.1191992720655141,0.874516986310012,0.5859710686197047,0.0745445684017516,0.2711306815481472,0.7481716809851605,0.6894239284319416,0.5,93,32,169,1904,0.3549618320610687,0.9834710743801652,0.744,0.9184756391702846,0.0165289256198347,0.6450381679389313
Random lead training,superclass,HYP,2-lead,True,2198,262,1936,0.1191992720655141,0.82241853826257,0.4719753028621011,0.0857498825594889,0.3007713235581367,0.2984723646082083,0.6333244359119973,0.5,70,55,192,1881,0.2671755725190839,0.9715909090909092,0.56,0.9073806078147612,0.0284090909090909,0.732824427480916
Random lead training,subcode,1AVB,12-lead,True,2198,79,2119,0.0359417652411283,0.8025877981613013,0.1237488977008827,0.0331724599034772,0.1360948608273444,0.2734215526771948,0.7551677561355102,0.5,0,0,79,2119,0.0,1.0,,0.9640582347588716,0.0,1.0
Random lead training,subcode,1AVB,2-lead,True,2198,79,2119,0.0359417652411283,0.8516018422829015,0.2083330296998832,0.0319727318797448,0.1249484219147047,0.2171898508253466,1.1137195790288603,0.5,0,0,79,2119,0.0,1.0,,0.9640582347588716,0.0,1.0
Random lead training,subcode,2AVB,12-lead,False,2198,1,2197,0.0004549590536851,0.6932180245789713,0.0014814814814814,0.0005128550745622,0.0066947134166716,-2.1921309629910217,0.3344050616296848,0.5,0,0,1,2197,0.0,1.0,,0.9995450409463148,0.0,1.0
Random lead training,subcode,2AVB,2-lead,False,2198,1,2197,0.0004549590536851,0.5211652253072372,0.0009496676163342,0.0005260742987803,0.0070612269990866,-2.194426071573611,-0.0380853947226405,0.5,0,0,1,2197,0.0,1.0,,0.9995450409463148,0.0,1.0
Random lead training,subcode,3AVB,12-lead,False,2198,2,2196,0.0009099181073703,0.9560564663023678,0.0471014492753623,0.0009203632271236,0.0069397633752461,-1.3504595229476568,1.6281499087135598,0.5,0,0,2,2196,0.0,1.0,,0.9990900818926296,0.0,1.0
Random lead training,subcode,3AVB,2-lead,False,2198,2,2196,0.0009099181073703,0.9867941712204008,0.0481601731601731,0.0009948694910825,0.0068421097725387,-1.50367015443783,1.4242643247094242,0.5,0,0,2,2196,0.0,1.0,,0.9990900818926296,0.0,1.0
Random lead training,subcode,ALMI,12-lead,False,2198,27,2171,0.0122838944494995,0.8233277035672244,0.0750475898260701,0.0121141560650263,0.0595090794273854,-0.158677118812886,0.6057921175712605,0.5,0,0,27,2171,0.0,1.0,,0.9877161055505004,0.0,1.0
Random lead training,subcode,ALMI,2-lead,False,2198,27,2171,0.0122838944494995,0.7657505501816879,0.0350379581318215,0.0124189643745527,0.0644700312772153,0.0837003215377144,0.54048998315141,0.5,0,0,27,2171,0.0,1.0,,0.9877161055505004,0.0,1.0
Random lead training,subcode,AMI,12-lead,True,2198,35,2163,0.0159235668789808,0.7279968297998811,0.0309551778071329,0.0155842759448654,0.0765887139001429,-0.0499804052912967,0.8108934754144457,0.5,0,0,35,2163,0.0,1.0,,0.9840764331210192,0.0,1.0
Random lead training,subcode,AMI,2-lead,True,2198,35,2163,0.0159235668789808,0.6214913149725909,0.0210917849632973,0.0158554404740899,0.0826254970991472,-0.1736011609845385,0.4270250123178135,0.5,0,0,35,2163,0.0,1.0,,0.9840764331210192,0.0,1.0
Random lead training,subcode,ANEUR,12-lead,False,2198,10,2188,0.0045495905368516,0.8907221206581353,0.0543908683734866,0.0044823916890714,0.0242110032241424,-0.5301320385276882,1.0230349989418313,0.5,0,0,10,2188,0.0,1.0,,0.9954504094631484,0.0,1.0
Random lead training,subcode,ANEUR,2-lead,False,2198,10,2188,0.0045495905368516,0.7957495429616087,0.0112854086328458,0.0046484153321006,0.0279434420256413,-0.3656810355526273,0.595874467320268,0.5,0,0,10,2188,0.0,1.0,,0.9954504094631484,0.0,1.0
Random lead training,subcode,ASMI,12-lead,True,2198,234,1964,0.1064604185623293,0.892766375963932,0.5333846349725755,0.075252550094841,0.256985720878395,1.076888465152934,0.8928116210215534,0.5,22,4,212,1960,0.094017094017094,0.9979633401221996,0.8461538461538461,0.9023941068139965,0.0020366598778004,0.905982905982906
Random lead training,subcode,ASMI,2-lead,True,2198,234,1964,0.1064604185623293,0.7869949692760283,0.3045377294144055,0.091940430256199,0.3496487296131481,1.3712790607661325,0.6798908006291512,0.5,6,5,228,1959,0.0256410256410256,0.9974541751527496,0.5454545454545454,0.8957475994513031,0.0025458248472505,0.9743589743589745
Random lead training,subcode,CLBBB,12-lead,True,2198,54,2144,0.024567788898999,0.9880199695964622,0.6445739025615728,0.0126003660455724,0.0406926909953188,0.2132310930005408,0.970029001292318,0.5,28,15,26,2129,0.5185185185185185,0.9930037313432836,0.6511627906976745,0.9879350348027842,0.0069962686567164,0.4814814814814814
Random lead training,subcode,CLBBB,2-lead,True,2198,54,2144,0.024567788898999,0.9877435737976782,0.6270110223478522,0.0139591716853488,0.0446913013356603,0.095218675787187,0.7601261481494668,0.5,29,18,25,2126,0.5370370370370371,0.9916044776119404,0.6170212765957447,0.9883774988377498,0.0083955223880597,0.4629629629629629
Random lead training,subcode,CRBBB,12-lead,True,2198,54,2144,0.024567788898999,0.9769295881702598,0.5345087668115032,0.0158998039130665,0.0525822020728972,-0.1803397712377424,1.1409533356290402,0.5,16,9,38,2135,0.2962962962962963,0.9958022388059702,0.64,0.9825126553152324,0.0041977611940298,0.7037037037037037
Random lead training,subcode,CRBBB,2-lead,True,2198,54,2144,0.024567788898999,0.9278261470425648,0.1715889708815244,0.0228178672227591,0.0901200623696567,0.6868961597444112,0.6575219863826268,0.5,0,1,54,2143,0.0,0.9995335820895522,0.0,0.9754210286754664,0.0004664179104477,1.0
Random lead training,subcode,DIG,12-lead,False,2198,18,2180,0.008189262966333,0.8708970438328236,0.0435589114068575,0.0080064516470183,0.0395264451807012,0.0556925278290613,0.8237187127664902,0.5,0,0,18,2180,0.0,1.0,,0.991810737033667,0.0,1.0
Random lead training,subcode,DIG,2-lead,False,2198,18,2180,0.008189262966333,0.8821865443425077,0.0936905073962968,0.0078721584210308,0.0381000447198047,-0.3091906672536778,0.8597234264238436,0.5,0,0,18,2180,0.0,1.0,,0.991810737033667,0.0,1.0
Random lead training,subcode,EL,12-lead,False,2198,9,2189,0.0040946314831665,0.7721943048576214,0.0112941665854618,0.0041119470390272,0.0258287158319904,-0.644757407504984,0.8823518729255379,0.5,0,0,9,2189,0.0,1.0,,0.9959053685168336,0.0,1.0
Random lead training,subcode,EL,2-lead,False,2198,9,2189,0.0040946314831665,0.8311760824323637,0.0193314524839174,0.0043330454104863,0.0281541823159633,-1.2202481227698614,0.9885061411376892,0.5,0,0,9,2189,0.0,1.0,,0.9959053685168336,0.0,1.0
Random lead training,subcode,ILBBB,12-lead,False,2198,8,2190,0.0036396724294813,0.89337899543379,0.1883942299399596,0.003498776880367,0.0199655508685209,-0.6305031506116614,0.9273171571790262,0.5,0,0,8,2190,0.0,1.0,,0.9963603275705186,0.0,1.0
Random lead training,subcode,ILBBB,2-lead,False,2198,8,2190,0.0036396724294813,0.9013698630136988,0.0661847893632803,0.0035841709879638,0.0199305419349413,-0.701961319082906,1.0010510963691073,0.5,0,0,8,2190,0.0,1.0,,0.9963603275705186,0.0,1.0
Random lead training,subcode,ILMI,12-lead,True,2198,48,2150,0.021838034576888,0.8994476744186046,0.294882138810822,0.0181628319653241,0.0748402066669447,0.2322225947950346,0.9226942452830936,0.5,1,0,47,2150,0.0208333333333333,1.0,1.0,0.9786071916249433,0.0,0.9791666666666666
Random lead training,subcode,ILMI,2-lead,True,2198,48,2150,0.021838034576888,0.8498255813953487,0.2105936542252868,0.0192879385555538,0.0836516405027833,0.466131538633641,0.9206039876393772,0.5,0,0,48,2150,0.0,1.0,,0.978161965423112,0.0,1.0
Random lead training,subcode,IMI,12-lead,True,2198,267,1931,0.1214740673339399,0.8212895454995082,0.3535659649381316,0.0983769888708429,0.3405474753738638,1.1160162656839674,0.8182614209360003,0.5,0,0,267,1931,0.0,1.0,,0.87852593266606,0.0,1.0
Random lead training,subcode,IMI,2-lead,True,2198,267,1931,0.1214740673339399,0.7659922766143563,0.3497033920192091,0.1029712222914299,0.3681539828208978,1.1760586636875714,0.9454221018555926,0.5,0,0,267,1931,0.0,1.0,,0.87852593266606,0.0,1.0
Random lead training,subcode,INJAL,12-lead,False,2198,14,2184,0.0063694267515923,0.8862179487179488,0.1185479140898721,0.0061240646546861,0.0311220608184585,-0.3155072068480696,1.110170041237465,0.5,0,0,14,2184,0.0,1.0,,0.9936305732484076,0.0,1.0
Random lead training,subcode,INJAL,2-lead,False,2198,14,2184,0.0063694267515923,0.8777145473574046,0.1540186725461372,0.0061748946326532,0.0319795449458067,-0.4726791425771555,1.058934425001173,0.5,0,0,14,2184,0.0,1.0,,0.9936305732484076,0.0,1.0
Random lead training,subcode,INJAS,12-lead,False,2198,22,2176,0.0100090991810737,0.892108121657754,0.0847308160324244,0.0095580702109165,0.0438450318350159,0.1295392626085334,0.982314810787306,0.5,0,0,22,2176,0.0,1.0,,0.9899909008189264,0.0,1.0
Random lead training,subcode,INJAS,2-lead,False,2198,22,2176,0.0100090991810737,0.8784884692513368,0.0734237058106901,0.0096452611928589,0.045227855782796,-0.2235348990284471,1.0527927601910023,0.5,0,0,22,2176,0.0,1.0,,0.9899909008189264,0.0,1.0
Random lead training,subcode,INJIL,12-lead,False,2198,2,2196,0.0009099181073703,0.819672131147541,0.0037043359508364,0.0009331182949993,0.0075663520254206,-1.1126035415467048,0.6385820119023196,0.5,0,0,2,2196,0.0,1.0,,0.9990900818926296,0.0,1.0
Random lead training,subcode,INJIL,2-lead,False,2198,2,2196,0.0009099181073703,0.8729508196721312,0.0052209810587663,0.0009423075399473,0.0073173338345811,-1.0934358238133317,0.7095588115275218,0.5,0,0,2,2196,0.0,1.0,,0.9990900818926296,0.0,1.0
Random lead training,subcode,INJIN,12-lead,False,2198,2,2196,0.0009099181073703,0.8772768670309654,0.073297730307076,0.0009203146475318,0.0074469447908772,-1.3573324065383807,1.3225694188617754,0.5,0,0,2,2196,0.0,1.0,,0.9990900818926296,0.0,1.0
Random lead training,subcode,INJIN,2-lead,False,2198,2,2196,0.0009099181073703,0.8556466302367942,0.0172778925619834,0.0009595299663713,0.0085680440092822,-1.631935367688373,1.0503647305318131,0.5,0,0,2,2196,0.0,1.0,,0.9990900818926296,0.0,1.0
Random lead training,subcode,INJLA,12-lead,False,2198,2,2196,0.0009099181073703,0.8565573770491803,0.0048634008478568,0.00092396627069,0.0072794988413157,-1.068776724310281,0.9000137816178831,0.5,0,0,2,2196,0.0,1.0,,0.9990900818926296,0.0,1.0
Random lead training,subcode,INJLA,2-lead,False,2198,2,2196,0.0009099181073703,0.7447632058287796,0.0025934636282539,0.0009744784900312,0.0091306603371852,-1.5283615362914331,0.4546263191682714,0.5,0,0,2,2196,0.0,1.0,,0.9990900818926296,0.0,1.0
Random lead training,subcode,IPLMI,12-lead,False,2198,5,2193,0.0022747952684258,0.8802553579571364,0.012513022096496,0.002284120168501,0.0149658516109238,-0.8522383523953855,1.356962259310819,0.5,0,0,5,2193,0.0,1.0,,0.997725204731574,0.0,1.0
Random lead training,subcode,IPLMI,2-lead,False,2198,5,2193,0.0022747952684258,0.6352941176470588,0.0073191558764598,0.0023906094953396,0.0194799207304635,-1.2114518324384551,0.2903144331571622,0.5,0,0,5,2193,0.0,1.0,,0.997725204731574,0.0,1.0
Random lead training,subcode,IPMI,12-lead,False,2198,3,2195,0.0013648771610555,0.75125284738041,0.0047039784282739,0.0014101697378797,0.0118517493345452,-1.3324876777094086,0.6607578669119023,0.5,0,0,3,2195,0.0,1.0,,0.9986351228389444,0.0,1.0
Random lead training,subcode,IPMI,2-lead,False,2198,3,2195,0.0013648771610555,0.7870918754745634,0.0044038435655958,0.0014213396444627,0.0119331399045072,-1.3880114343339711,0.7790202407101727,0.5,0,0,3,2195,0.0,1.0,,0.9986351228389444,0.0,1.0
Random lead training,subcode,IRBBB,12-lead,True,2198,112,2086,0.0509554140127388,0.8074792836597726,0.2396596893525557,0.0438253235203899,0.1708801340866871,0.3889273194083306,0.8941176919927338,0.5,0,0,112,2086,0.0,1.0,,0.9490445859872612,0.0,1.0
Random lead training,subcode,IRBBB,2-lead,True,2198,112,2086,0.0509554140127388,0.7003235858101632,0.1163594717143018,0.0475288181408436,0.1962878599938345,0.5578783229435235,0.791091273778325,0.5,0,0,112,2086,0.0,1.0,,0.9490445859872612,0.0,1.0
Random lead training,subcode,ISCAL,12-lead,True,2198,66,2132,0.0300272975432211,0.9066746261868212,0.2063521564829761,0.0269129192043413,0.1024647927099646,0.7879983699337595,1.0423615108079254,0.5,0,0,66,2132,0.0,1.0,,0.9699727024567788,0.0,1.0
Random lead training,subcode,ISCAL,2-lead,True,2198,66,2132,0.0300272975432211,0.8898459264312923,0.1833666681586781,0.0266052729879274,0.1018282314371256,0.3377741747090272,0.9228340886242968,0.5,0,0,66,2132,0.0,1.0,,0.9699727024567788,0.0,1.0
Random lead training,subcode,ISCAN,12-lead,False,2198,4,2194,0.0018198362147406,0.784412032816773,0.0051833943318159,0.0018916072144598,0.0142910372185217,-1.149754855038162,0.6478039674657436,0.5,0,0,4,2194,0.0,1.0,,0.9981801637852592,0.0,1.0
Random lead training,subcode,ISCAN,2-lead,False,2198,4,2194,0.0018198362147406,0.8907247037374658,0.0108474649077207,0.0019091730540498,0.0144485009303128,-1.4224270399555556,1.310517973236711,0.5,0,0,4,2194,0.0,1.0,,0.9981801637852592,0.0,1.0
Random lead training,subcode,ISCAS,12-lead,False,2198,17,2181,0.0077343039126478,0.8656040132696821,0.0394172409194795,0.0075912216692158,0.037980512870585,-0.0732807843140475,0.8377889409366197,0.5,0,0,17,2181,0.0,1.0,,0.9922656960873522,0.0,1.0
Random lead training,subcode,ISCAS,2-lead,False,2198,17,2181,0.0077343039126478,0.8088842139331662,0.0496364015142508,0.0077713408548721,0.0422332614889518,-0.5622026957485609,0.6307449812984743,0.5,0,0,17,2181,0.0,1.0,,0.9922656960873522,0.0,1.0
Random lead training,subcode,ISCIL,12-lead,False,2198,18,2180,0.008189262966333,0.8726299694189602,0.0351263022674351,0.0080434451301635,0.0393539863956756,-0.0160471537107264,0.9067701860564136,0.5,0,0,18,2180,0.0,1.0,,0.991810737033667,0.0,1.0
Random lead training,subcode,ISCIL,2-lead,False,2198,18,2180,0.008189262966333,0.882874617737003,0.0526082529447015,0.0080363043437834,0.0396224196580207,-0.5155973373521553,1.120396206526642,0.5,0,0,18,2180,0.0,1.0,,0.991810737033667,0.0,1.0
Random lead training,subcode,ISCIN,12-lead,False,2198,22,2176,0.0100090991810737,0.783401570855615,0.0395521896663668,0.0097909248530747,0.0510774582627299,0.0460815026197048,0.7226344062804549,0.5,0,0,22,2176,0.0,1.0,,0.9899909008189264,0.0,1.0
Random lead training,subcode,ISCIN,2-lead,False,2198,22,2176,0.0100090991810737,0.8451704545454546,0.0348797857580457,0.009887787220821,0.0489465833115036,-0.4153602066791081,1.0533592689786553,0.5,0,0,22,2176,0.0,1.0,,0.9899909008189264,0.0,1.0
Random lead training,subcode,ISCLA,12-lead,False,2198,13,2185,0.0059144676979071,0.9131490934694596,0.0632835330173513,0.0057376694576722,0.0285353300426389,-0.2579731816481428,1.5302317023147638,0.5,0,0,13,2185,0.0,1.0,,0.9940855323020928,0.0,1.0
Random lead training,subcode,ISCLA,2-lead,False,2198,13,2185,0.0059144676979071,0.8771343073402571,0.0303445254848923,0.0058976746080221,0.0311627576957679,-0.5853691892617934,1.038958423843373,0.5,0,0,13,2185,0.0,1.0,,0.9940855323020928,0.0,1.0
Random lead training,subcode,ISC_,12-lead,True,2198,128,2070,0.0582347588717015,0.9517814009661836,0.6181438628907956,0.0403770155098304,0.1543773132293954,1.8925069089784243,0.8260197755826743,0.5,26,5,102,2065,0.203125,0.997584541062802,0.8387096774193549,0.952930318412552,0.002415458937198,0.796875
Random lead training,subcode,ISC_,2-lead,True,2198,128,2070,0.0582347588717015,0.9279627113526572,0.5302009364213965,0.0411604114711731,0.1497805287031409,1.0892988941872823,0.8843818932103344,0.5,23,8,105,2062,0.1796875,0.996135265700483,0.7419354838709677,0.951545916012921,0.0038647342995169,0.8203125
Random lead training,subcode,IVCD,12-lead,True,2198,79,2119,0.0359417652411283,0.6624034503975484,0.0907787681880722,0.0343264069555791,0.1577024200421551,0.6026947206233013,0.5317071832424998,0.5,0,0,79,2119,0.0,1.0,,0.9640582347588716,0.0,1.0
Random lead training,subcode,IVCD,2-lead,True,2198,79,2119,0.0359417652411283,0.6525588258134658,0.0845282319401588,0.0341680350466243,0.1513395721993503,0.2100117631772534,0.6302919854593939,0.5,0,0,79,2119,0.0,1.0,,0.9640582347588716,0.0,1.0
Random lead training,subcode,LAFB,12-lead,True,2198,162,2036,0.0737033666969972,0.8960440466661815,0.3678364567886188,0.0557373362358071,0.1902641248312591,0.6214288798001288,0.8731804475104732,0.5,5,12,157,2024,0.0308641975308641,0.9941060903732808,0.2941176470588235,0.92801467216873,0.005893909626719,0.9691358024691358
Random lead training,subcode,LAFB,2-lead,True,2198,162,2036,0.0737033666969972,0.8567119018166824,0.4393414538781086,0.0566619049558824,0.2068815828720914,0.7736923642607145,1.0796898473115986,0.5,2,2,160,2034,0.0123456790123456,0.9990176817288802,0.5,0.927073837739289,0.0009823182711198,0.9876543209876544
Random lead training,subcode,LAO/LAE,12-lead,True,2198,42,2156,0.019108280254777,0.8001479812704302,0.0748408399306296,0.0182243060019807,0.0834458232381807,0.0969715747961505,0.8268308609705751,0.5,0,0,42,2156,0.0,1.0,,0.9808917197452228,0.0,1.0
Random lead training,subcode,LAO/LAE,2-lead,True,2198,42,2156,0.019108280254777,0.7893586005830903,0.0899316843980288,0.0182282739602648,0.0838291237010156,-0.1742276101244025,0.8330044550769184,0.5,0,0,42,2156,0.0,1.0,,0.9808917197452228,0.0,1.0
Random lead training,subcode,LMI,12-lead,False,2198,20,2178,0.0090991810737033,0.7053719008264463,0.0484768167499515,0.0090970219684296,0.0509267273949204,-0.3997701368060964,0.5828829914602762,0.5,0,0,20,2178,0.0,1.0,,0.9909008189262968,0.0,1.0
Random lead training,subcode,LMI,2-lead,False,2198,20,2178,0.0090991810737033,0.6896005509641874,0.0206650931306183,0.0091171052136914,0.0512573586407465,-0.3581120661869105,0.6192238111294645,0.5,0,0,20,2178,0.0,1.0,,0.9909008189262968,0.0,1.0
Random lead training,subcode,LNGQT,12-lead,False,2198,11,2187,0.0050045495905368,0.71870973105541,0.0100378221382184,0.0050456209338721,0.0313725501256268,-0.5686368171548415,0.6540018826366426,0.5,0,0,11,2187,0.0,1.0,,0.9949954504094632,0.0,1.0
Random lead training,subcode,LNGQT,2-lead,False,2198,11,2187,0.0050045495905368,0.7791910878330631,0.0141399919616623,0.0052209993758631,0.0329533988974032,-1.0392230876942743,0.8330475265683801,0.5,0,0,11,2187,0.0,1.0,,0.9949954504094632,0.0,1.0
Random lead training,subcode,LPFB,12-lead,False,2198,18,2180,0.008189262966333,0.7892456676860347,0.1195435458206372,0.0082115010668386,0.0461887892997519,-0.4934057879857415,0.5142340482069588,0.5,0,0,18,2180,0.0,1.0,,0.991810737033667,0.0,1.0
Random lead training,subcode,LPFB,2-lead,False,2198,18,2180,0.008189262966333,0.7050203873598369,0.0407820943707377,0.0081667819198614,0.0475445356986484,-0.3196902379516518,0.4924229307141614,0.5,0,0,18,2180,0.0,1.0,,0.991810737033667,0.0,1.0
Random lead training,subcode,LVH,12-lead,True,2198,214,1984,0.097361237488626,0.9073028150437142,0.6139523477105366,0.0655198930932795,0.2636416743724967,1.9221200403122791,0.7308534704289125,0.5,52,12,162,1972,0.2429906542056074,0.9939516129032258,0.8125,0.9240862230552952,0.0060483870967741,0.7570093457943925
Random lead training,subcode,LVH,2-lead,True,2198,214,1984,0.097361237488626,0.8516684880916492,0.4848153200926295,0.0725475744787885,0.2833190116887125,1.342124798063886,0.6646981117173651,0.5,45,19,169,1965,0.2102803738317757,0.9904233870967742,0.703125,0.9208059981255856,0.0095766129032258,0.7897196261682243
Random lead training,subcode,NDT,12-lead,True,2198,182,2016,0.0828025477707006,0.8494816195709053,0.340745415472376,0.0672848877309301,0.2396365361633516,0.883450615110631,0.875583403160645,0.5,0,0,182,2016,0.0,1.0,,0.9171974522292994,0.0,1.0
Random lead training,subcode,NDT,2-lead,True,2198,182,2016,0.0828025477707006,0.8099489795918368,0.2602026615911001,0.0688777424714879,0.2443684873317098,0.4639271948693499,0.7799832058838325,0.5,1,1,181,2015,0.0054945054945054,0.9995039682539684,0.5,0.9175774134790528,0.0004960317460317,0.9945054945054944
Random lead training,subcode,NORM,12-lead,True,2198,963,1235,0.4381255686988171,0.9233728942533664,0.8875382428522531,0.1314488221971811,0.4105519324238242,1.060525947186978,0.6934495733296959,0.5,670,121,293,1114,0.6957424714434061,0.9020242914979756,0.8470290771175727,0.7917555081734187,0.0979757085020242,0.304257528556594
Random lead training,subcode,NORM,2-lead,True,2198,963,1235,0.4381255686988171,0.9016433967737458,0.8470899764625051,0.1384764334052053,0.4171389970937291,0.7657162205410201,0.8409013503108647,0.5,654,143,309,1092,0.6791277258566978,0.8842105263157894,0.820577164366374,0.7794432548179872,0.1157894736842105,0.3208722741433021
Random lead training,subcode,NST_,12-lead,True,2198,77,2121,0.0350318471337579,0.8208820882088209,0.1421464092512755,0.0321337675353018,0.1321609971979125,0.5607027253441939,0.8448227411422515,0.5,0,0,77,2121,0.0,1.0,,0.964968152866242,0.0,1.0
Random lead training,subcode,NST_,2-lead,True,2198,77,2121,0.0350318471337579,0.8247457398801105,0.1686115481346529,0.0315609921525911,0.126626666314299,0.1552339885507927,0.923976174832344,0.5,0,0,77,2121,0.0,1.0,,0.964968152866242,0.0,1.0
Random lead training,subcode,PMI,12-lead,False,2198,2,2196,0.0009099181073703,0.8406193078324226,0.0046441735779509,0.0009284722829592,0.0080609085785638,-1.3659919222704666,1.0952030247526647,0.5,0,0,2,2196,0.0,1.0,,0.9990900818926296,0.0,1.0
Random lead training,subcode,PMI,2-lead,False,2198,2,2196,0.0009099181073703,0.8465391621129326,0.0049408270184301,0.0009473637471907,0.0089393426167389,-1.6619341103075724,1.178953997644884,0.5,0,0,2,2196,0.0,1.0,,0.9990900818926296,0.0,1.0
Random lead training,subcode,RAO/RAE,12-lead,False,2198,10,2188,0.0045495905368516,0.7910877513711151,0.0180279889559146,0.0047385000604977,0.0287871232495599,-0.8051131373220484,0.7081822856400265,0.5,0,0,10,2188,0.0,1.0,,0.9954504094631484,0.0,1.0
Random lead training,subcode,RAO/RAE,2-lead,False,2198,10,2188,0.0045495905368516,0.8999542961608775,0.0332086816472412,0.0046234482444226,0.0261912847806108,-0.8620713795743142,1.1851956487315132,0.5,0,0,10,2188,0.0,1.0,,0.9954504094631484,0.0,1.0
Random lead training,subcode,RVH,12-lead,False,2198,12,2186,0.005459508644222,0.8952424519670631,0.142052497060469,0.0055527632995436,0.0287523628836028,-0.7416104810781848,0.7339739562686701,0.5,0,0,12,2186,0.0,1.0,,0.994540491355778,0.0,1.0
Random lead training,subcode,RVH,2-lead,False,2198,12,2186,0.005459508644222,0.8430161634644708,0.0333273377150599,0.0055274287643641,0.0296458901008355,-0.3102363713381438,0.7372507797181972,0.5,0,0,12,2186,0.0,1.0,,0.994540491355778,0.0,1.0
Random lead training,subcode,SEHYP,12-lead,False,2198,2,2196,0.0009099181073703,0.9355646630236794,0.0102953462086589,0.0009665009790263,0.0080544952666272,-1.5368812913997345,1.198645907153496,0.5,0,0,2,2196,0.0,1.0,,0.9990900818926296,0.0,1.0
Random lead training,subcode,SEHYP,2-lead,False,2198,2,2196,0.0009099181073703,0.9936247723132968,0.094017094017094,0.0009134522770252,0.0080086329022933,-1.7399839982807703,3.5601852843530866,0.5,0,0,2,2196,0.0,1.0,,0.9990900818926296,0.0,1.0
Random lead training,subcode,WPW,12-lead,False,2198,8,2190,0.0036396724294813,0.7426940639269406,0.0204054544977253,0.0037396310169943,0.0247737817503374,-0.8018588040455067,0.5754380848011339,0.5,0,0,8,2190,0.0,1.0,,0.9963603275705186,0.0,1.0
Random lead training,subcode,WPW,2-lead,False,2198,8,2190,0.0036396724294813,0.7264840182648402,0.0846993536907423,0.0037260140575476,0.0243348106772594,-1.0040910916783266,0.7374695779110865,0.5,0,0,8,2190,0.0,1.0,,0.9963603275705186,0.0,1.0
Random lead training,rhythm,AFIB,12-lead,True,2198,152,2046,0.0691537761601455,0.9116761845963884,0.4339007129421812,0.0479831924253083,0.1630474184376616,0.005336589875389,0.8755706194959678,0.5,34,29,118,2017,0.2236842105263158,0.9858260019550342,0.5396825396825397,0.9447306791569088,0.0141739980449657,0.7763157894736842
Random lead training,rhythm,AFIB,2-lead,True,2198,152,2046,0.0691537761601455,0.9471336883263878,0.6570599488267169,0.0377841469699762,0.1312350153906401,0.5609252475884592,0.9920349630299984,0.5,56,15,96,2031,0.3684210526315789,0.9926686217008798,0.7887323943661971,0.9548660084626234,0.0073313782991202,0.631578947368421
Random lead training,rhythm,AFLT,12-lead,False,2198,7,2191,0.0031847133757961,0.9499250179304948,0.2947069982578356,0.0057221146474929,0.0238500419982595,-2.049198380676912,0.954091898304716,0.5,3,15,4,2176,0.4285714285714285,0.9931538110451849,0.1666666666666666,0.998165137614679,0.0068461889548151,0.5714285714285714
Random lead training,rhythm,AFLT,2-lead,False,2198,7,2191,0.0031847133757961,0.967985916411293,0.7268707482993196,0.002359656309259,0.0133046474122423,-1.2523104827288698,1.2793551849082658,0.5,5,1,2,2190,0.7142857142857143,0.9995435874030124,0.8333333333333334,0.999087591240876,0.0004564125969876,0.2857142857142857
Random lead training,rhythm,BIGU,12-lead,False,2198,8,2190,0.0036396724294813,0.9062785388127856,0.1994570331517139,0.0039417045017383,0.0236317688099895,-1.4019841659774417,1.1433566848827272,0.5,0,0,8,2190,0.0,1.0,,0.9963603275705186,0.0,1.0
Random lead training,rhythm,BIGU,2-lead,False,2198,8,2190,0.0036396724294813,0.9495433789954336,0.2010888341687442,0.0038442204154753,0.0210317294121054,-1.3942817430209224,1.1764896033277046,0.5,1,2,7,2188,0.125,0.9990867579908675,0.3333333333333333,0.9968109339407744,0.0009132420091324,0.875
Random lead training,rhythm,PACE,12-lead,True,2198,28,2170,0.0127388535031847,0.9694535878867676,0.5724713169887631,0.0090021915532099,0.035854229361865,-0.9245278391078128,0.9336223170137758,0.5,14,10,14,2160,0.5,0.9953917050691244,0.5833333333333334,0.9935602575896963,0.0046082949308755,0.5
Random lead training,rhythm,PACE,2-lead,True,2198,28,2170,0.0127388535031847,0.9206221198156682,0.4172107242492825,0.0094154732631539,0.0430235932327983,-0.2418640308043931,0.8385785654494312,0.5,9,5,19,2165,0.3214285714285714,0.9976958525345622,0.6428571428571429,0.9913003663003664,0.0023041474654377,0.6785714285714286
Random lead training,rhythm,PSVT,12-lead,False,2198,2,2196,0.0009099181073703,0.997495446265938,0.3333333333333333,0.0026384703129887,0.0114128688818437,-2.723481603037872,2.0988310240141153,0.5,1,4,1,2192,0.5,0.9981785063752276,0.2,0.9995440036479708,0.0018214936247723,0.5
Random lead training,rhythm,PSVT,2-lead,False,2198,2,2196,0.0009099181073703,0.9943078324225864,0.2884615384615384,0.0011597780599064,0.005884595272412,-1.8486488042729776,1.2638408771182712,0.5,1,1,1,2195,0.5,0.9995446265938068,0.5,0.9995446265938068,0.000455373406193,0.5
Random lead training,rhythm,SARRH,12-lead,True,2198,77,2121,0.0350318471337579,0.635561515335207,0.0617820820379841,0.0336243238979067,0.1490413951805667,-0.1192420275546019,1.0139536411538008,0.5,0,0,77,2121,0.0,1.0,,0.964968152866242,0.0,1.0
Random lead training,rhythm,SARRH,2-lead,True,2198,77,2121,0.0350318471337579,0.6473300391263617,0.0761983614427656,0.0336039919490177,0.1494179498509233,-0.3686804167928094,1.2785768375189477,0.5,0,0,77,2121,0.0,1.0,,0.964968152866242,0.0,1.0
Random lead training,rhythm,SBRAD,12-lead,True,2198,64,2134,0.0291173794358507,0.9199859418931584,0.3469848424752916,0.0229084661741998,0.0871662831518674,0.2276316392343963,0.9535529229694226,0.5,5,4,59,2130,0.078125,0.9981255857544518,0.5555555555555556,0.9730470534490636,0.0018744142455482,0.921875
Random lead training,rhythm,SBRAD,2-lead,True,2198,64,2134,0.0291173794358507,0.9304782685098408,0.3616412352464035,0.0230397545954245,0.0859872002739966,-0.4418976882236849,0.8504300815657595,0.5,19,20,45,2114,0.296875,0.9906279287722588,0.4871794871794871,0.9791570171375636,0.0093720712277413,0.703125
Random lead training,rhythm,SR,12-lead,True,2198,1674,524,0.7616014558689718,0.8191354984632502,0.916337780213099,0.1534694366848034,0.4775841517734809,1.021003580973158,0.8915213179643289,0.5,1375,167,299,357,0.8213859020310633,0.6812977099236641,0.8916990920881972,0.5442073170731707,0.3187022900763359,0.1786140979689366
Random lead training,rhythm,SR,2-lead,True,2198,1674,524,0.7616014558689718,0.8351927093308527,0.9167086619047684,0.127319995504148,0.4148966136923429,0.6596009162453852,0.9390437779052636,0.5,1503,196,171,328,0.8978494623655914,0.6259541984732825,0.8846380223660977,0.657314629258517,0.3740458015267175,0.1021505376344086
Random lead training,rhythm,STACH,12-lead,True,2198,82,2116,0.0373066424021838,0.9685209092166536,0.5373873136642086,0.0262723925535737,0.088808917861962,-0.9601767779694896,0.9316732255061094,0.5,51,46,31,2070,0.6219512195121951,0.9782608695652174,0.5257731958762887,0.9852451213707758,0.0217391304347826,0.3780487804878049
Random lead training,rhythm,STACH,2-lead,True,2198,82,2116,0.0373066424021838,0.9820358246115544,0.6694177556120222,0.0211249743792357,0.0668139193643415,-0.6091154726542193,0.9405174462131856,0.5,54,39,28,2077,0.6585365853658537,0.9815689981096408,0.5806451612903226,0.9866983372921616,0.0184310018903591,0.3414634146341463
Random lead training,rhythm,SVARR,12-lead,False,2198,14,2184,0.0063694267515923,0.625392464678179,0.009136106332731,0.0077032075667208,0.0500308534017968,-1.370567537340461,0.2945833354974652,0.5,0,0,14,2184,0.0,1.0,,0.9936305732484076,0.0,1.0
Random lead training,rhythm,SVARR,2-lead,False,2198,14,2184,0.0063694267515923,0.8748364730507587,0.0338694709274205,0.0067209385329439,0.0387839131507184,-1.1047096672068073,1.1764934849485411,0.5,0,0,14,2184,0.0,1.0,,0.9936305732484076,0.0,1.0
Random lead training,rhythm,SVTAC,12-lead,False,2198,3,2195,0.0013648771610555,0.9931662870159452,0.188141923436041,0.0026591296758888,0.0119578106067153,-2.239038138361554,1.5292232262937104,0.5,1,3,2,2192,0.3333333333333333,0.9986332574031892,0.25,0.9990884229717412,0.0013667425968109,0.6666666666666666
Random lead training,rhythm,SVTAC,2-lead,False,2198,3,2195,0.0013648771610555,0.9916476841305998,0.1683006535947712,0.0017168169757733,0.0075992930725786,-1.486244519629058,1.082605916345914,0.5,1,2,2,2193,0.3333333333333333,0.9990888382687928,0.3333333333333333,0.9990888382687928,0.0009111617312072,0.6666666666666666
Random lead training,rhythm,TRIGU,12-lead,False,2198,2,2196,0.0009099181073703,0.657103825136612,0.1673306772908366,0.0010033404157007,0.0111881724898657,-2.0957722198023956,0.9076259220723184,0.5,0,0,2,2196,0.0,1.0,,0.9990900818926296,0.0,1.0
Random lead training,rhythm,TRIGU,2-lead,False,2198,2,2196,0.0009099181073703,0.6322859744990893,0.0033588751673858,0.0013235439261324,0.0133384382649981,-2.2817678647805777,0.3356503484096877,0.5,0,0,2,2196,0.0,1.0,,0.9990900818926296,0.0,1.0
Random lead training,rhythm,AFIB-or-AFLT,12-lead,True,2198,157,2041,0.0714285714285714,0.9133839100977728,0.4962361998579799,0.0478106423563069,0.1627657675987374,0.0170450486895091,0.9032455095969768,0.5,40,30,117,2011,0.2547770700636942,0.9853013228809409,0.5714285714285714,0.9450187969924811,0.0146986771190592,0.7452229299363057
Random lead training,rhythm,AFIB-or-AFLT,2-lead,True,2198,157,2041,0.0714285714285714,0.9483174539769128,0.6799412983306361,0.0376649113820499,0.1317588432644919,0.5752501011765857,1.0161001823569122,0.5,61,12,96,2029,0.3885350318471338,0.9941205291523764,0.8356164383561644,0.9548235294117648,0.0058794708476237,0.6114649681528662
Twelve-lead model masked to I+II,superclass,NORM,12-lead,True,2198,963,1235,0.4381255686988171,0.923176981514414,0.8861760785557906,0.1174031785668474,0.3718583804950701,-0.0838452508386454,0.6662802145279679,0.5,805,193,158,1042,0.8359293873312564,0.8437246963562753,0.8066132264529058,0.8683333333333333,0.1562753036437247,0.1640706126687435
Twelve-lead model masked to I+II,superclass,NORM,2-lead,True,2198,963,1235,0.4381255686988171,0.7069927394570779,0.5817657864560961,0.3342378408356115,1.0393086621602234,2.2271423538597452,0.5332646906916192,0.5,54,52,909,1183,0.0560747663551401,0.9578947368421052,0.5094339622641509,0.5654875717017208,0.0421052631578947,0.9439252336448598
Twelve-lead model masked to I+II,superclass,MI,12-lead,True,2198,550,1648,0.2502274795268426,0.8837047661076789,0.7473407620919253,0.1153214049598557,0.3876649362933805,0.2928706343382905,0.6174918775369433,0.5,316,116,234,1532,0.5745454545454546,0.9296116504854368,0.7314814814814815,0.8674971687429218,0.0703883495145631,0.4254545454545455
Twelve-lead model masked to I+II,superclass,MI,2-lead,True,2198,550,1648,0.2502274795268426,0.6072605913503972,0.4116616720315968,0.2068687554470374,0.6398450811971067,-0.4755064854299291,0.2787112869241957,0.5,212,296,338,1352,0.3854545454545454,0.8203883495145631,0.4173228346456692,0.8,0.1796116504854369,0.6145454545454545
Twelve-lead model masked to I+II,superclass,STTC,12-lead,True,2198,521,1677,0.2370336669699727,0.9143658644618338,0.7722954755311621,0.102480054503048,0.3359761176951064,0.8201377094466026,0.8567333377273817,0.5,276,67,245,1610,0.5297504798464492,0.9600477042337509,0.8046647230320699,0.8679245283018868,0.0399522957662492,0.4702495201535508
Twelve-lead model masked to I+II,superclass,STTC,2-lead,True,2198,521,1677,0.2370336669699727,0.6739836812148556,0.4102128099338303,0.1869384183915637,0.6360423514881182,1.2972696754424062,0.5025681564596096,0.5,34,16,487,1661,0.0652591170825335,0.9904591532498508,0.68,0.7732774674115456,0.009540846750149,0.9347408829174664
Twelve-lead model masked to I+II,superclass,CD,12-lead,True,2198,496,1702,0.2256596906278435,0.8812888537204806,0.7590563963707647,0.1039638667229704,0.3529750989127695,0.2810522073668903,0.677992129485317,0.5,287,84,209,1618,0.5786290322580645,0.9506462984723856,0.7735849056603774,0.8856048166392994,0.0493537015276145,0.4213709677419355
Twelve-lead model masked to I+II,superclass,CD,2-lead,True,2198,496,1702,0.2256596906278435,0.5149314373981275,0.3112912524110841,0.1934252469940236,0.7560376761978475,1.0926349447330268,0.1025894983095731,0.5,62,58,434,1644,0.125,0.9659224441833136,0.5166666666666667,0.7911453320500481,0.0340775558166862,0.875
Twelve-lead model masked to I+II,superclass,HYP,12-lead,True,2198,262,1936,0.1191992720655141,0.874516986310012,0.5859710686197047,0.0745445684017516,0.2711306815481472,0.7481716809851605,0.6894239284319416,0.5,93,32,169,1904,0.3549618320610687,0.9834710743801652,0.744,0.9184756391702846,0.0165289256198347,0.6450381679389313
Twelve-lead model masked to I+II,superclass,HYP,2-lead,True,2198,262,1936,0.1191992720655141,0.701546826698631,0.283086521888871,0.1057346942190444,0.4229770335236462,1.5200691704295293,0.5356038224660302,0.5,15,12,247,1924,0.0572519083969465,0.993801652892562,0.5555555555555556,0.8862275449101796,0.006198347107438,0.9427480916030534
Twelve-lead model masked to I+II,subcode,1AVB,12-lead,True,2198,79,2119,0.0359417652411283,0.8025877981613013,0.1237488977008827,0.0331724599034772,0.1360948608273444,0.2734215526771948,0.7551677561355102,0.5,0,0,79,2119,0.0,1.0,,0.9640582347588716,0.0,1.0
Twelve-lead model masked to I+II,subcode,1AVB,2-lead,True,2198,79,2119,0.0359417652411283,0.6923315870275566,0.0978305960358748,0.0338411853410665,0.1459867678612078,-0.140327836739764,1.0542332665280796,0.5,0,0,79,2119,0.0,1.0,,0.9640582347588716,0.0,1.0
Twelve-lead model masked to I+II,subcode,2AVB,12-lead,False,2198,1,2197,0.0004549590536851,0.6932180245789713,0.0014814814814814,0.0005128550745622,0.0066947134166716,-2.1921309629910217,0.3344050616296848,0.5,0,0,1,2197,0.0,1.0,,0.9995450409463148,0.0,1.0
Twelve-lead model masked to I+II,subcode,2AVB,2-lead,False,2198,1,2197,0.0004549590536851,0.8047337278106509,0.0023255813953488,0.0007747005070035,0.017550273755815,-3.562571301079465,1.937288296014875,0.5,0,0,1,2197,0.0,1.0,,0.9995450409463148,0.0,1.0
Twelve-lead model masked to I+II,subcode,3AVB,12-lead,False,2198,2,2196,0.0009099181073703,0.9560564663023678,0.0471014492753623,0.0009203632271236,0.0069397633752461,-1.3504595229476568,1.6281499087135598,0.5,0,0,2,2196,0.0,1.0,,0.9990900818926296,0.0,1.0
Twelve-lead model masked to I+II,subcode,3AVB,2-lead,False,2198,2,2196,0.0009099181073703,0.7172131147540983,0.0024140724250865,0.0012124853368696,0.0170159586120793,-2.687373537009939,0.6721792969607752,0.5,0,0,2,2196,0.0,1.0,,0.9990900818926296,0.0,1.0
Twelve-lead model masked to I+II,subcode,ALMI,12-lead,False,2198,27,2171,0.0122838944494995,0.8233277035672244,0.0750475898260701,0.0121141560650263,0.0595090794273854,-0.158677118812886,0.6057921175712605,0.5,0,0,27,2171,0.0,1.0,,0.9877161055505004,0.0,1.0
Twelve-lead model masked to I+II,subcode,ALMI,2-lead,False,2198,27,2171,0.0122838944494995,0.4985413787808997,0.022737440537112,0.0126794223244848,0.0756700059141084,-0.7756712517058683,0.0053893110757234,0.5,0,0,27,2171,0.0,1.0,,0.9877161055505004,0.0,1.0
Twelve-lead model masked to I+II,subcode,AMI,12-lead,True,2198,35,2163,0.0159235668789808,0.7279968297998811,0.0309551778071329,0.0155842759448654,0.0765887139001429,-0.0499804052912967,0.8108934754144457,0.5,0,0,35,2163,0.0,1.0,,0.9840764331210192,0.0,1.0
Twelve-lead model masked to I+II,subcode,AMI,2-lead,True,2198,35,2163,0.0159235668789808,0.4201968165907139,0.0183808833670067,0.0158521269684041,0.0855681762025443,-0.3475616812636801,-0.3305034688260398,0.5,0,0,35,2163,0.0,1.0,,0.9840764331210192,0.0,1.0
Twelve-lead model masked to I+II,subcode,ANEUR,12-lead,False,2198,10,2188,0.0045495905368516,0.8907221206581353,0.0543908683734866,0.0044823916890714,0.0242110032241424,-0.5301320385276882,1.0230349989418313,0.5,0,0,10,2188,0.0,1.0,,0.9954504094631484,0.0,1.0
Twelve-lead model masked to I+II,subcode,ANEUR,2-lead,False,2198,10,2188,0.0045495905368516,0.7444241316270567,0.0133425764567604,0.004605865134907,0.0303381910350398,-0.9603335083845684,1.1275286469933663,0.5,0,0,10,2188,0.0,1.0,,0.9954504094631484,0.0,1.0
Twelve-lead model masked to I+II,subcode,ASMI,12-lead,True,2198,234,1964,0.1064604185623293,0.892766375963932,0.5333846349725755,0.075252550094841,0.256985720878395,1.076888465152934,0.8928116210215534,0.5,22,4,212,1960,0.094017094017094,0.9979633401221996,0.8461538461538461,0.9023941068139965,0.0020366598778004,0.905982905982906
Twelve-lead model masked to I+II,subcode,ASMI,2-lead,True,2198,234,1964,0.1064604185623293,0.5786072379758734,0.1632487742887177,0.0968059208408923,0.3798811173649051,0.8256062736560381,0.2761675908768096,0.5,1,1,233,1963,0.0042735042735042,0.99949083503055,0.5,0.8938979963570127,0.0005091649694501,0.9957264957264956
Twelve-lead model masked to I+II,subcode,CLBBB,12-lead,True,2198,54,2144,0.024567788898999,0.9880199695964622,0.6445739025615728,0.0126003660455724,0.0406926909953188,0.2132310930005408,0.970029001292318,0.5,28,15,26,2129,0.5185185185185185,0.9930037313432836,0.6511627906976745,0.9879350348027842,0.0069962686567164,0.4814814814814814
Twelve-lead model masked to I+II,subcode,CLBBB,2-lead,True,2198,54,2144,0.024567788898999,0.8955396627971255,0.3360432534014859,0.0191725796301122,0.0790579047572692,0.1769776374115527,0.8990819209484445,0.5,7,7,47,2137,0.1296296296296296,0.9967350746268656,0.5,0.9784798534798534,0.0032649253731343,0.8703703703703703
Twelve-lead model masked to I+II,subcode,CRBBB,12-lead,True,2198,54,2144,0.024567788898999,0.9769295881702598,0.5345087668115032,0.0158998039130665,0.0525822020728972,-0.1803397712377424,1.1409533356290402,0.5,16,9,38,2135,0.2962962962962963,0.9958022388059702,0.64,0.9825126553152324,0.0041977611940298,0.7037037037037037
Twelve-lead model masked to I+II,subcode,CRBBB,2-lead,True,2198,54,2144,0.024567788898999,0.5373652570480929,0.046810939307931,0.0250840323361531,0.1494845142288274,0.7330944879376368,0.1056006952761825,0.5,1,5,53,2139,0.0185185185185185,0.9976679104477612,0.1666666666666666,0.9758211678832116,0.0023320895522388,0.9814814814814816
Twelve-lead model masked to I+II,subcode,DIG,12-lead,False,2198,18,2180,0.008189262966333,0.8708970438328236,0.0435589114068575,0.0080064516470183,0.0395264451807012,0.0556925278290613,0.8237187127664902,0.5,0,0,18,2180,0.0,1.0,,0.991810737033667,0.0,1.0
Twelve-lead model masked to I+II,subcode,DIG,2-lead,False,2198,18,2180,0.008189262966333,0.6194189602446483,0.0158352295308401,0.0082504774971035,0.0489164004983973,-0.4041255747669259,0.4158035171688835,0.5,0,0,18,2180,0.0,1.0,,0.991810737033667,0.0,1.0
Twelve-lead model masked to I+II,subcode,EL,12-lead,False,2198,9,2189,0.0040946314831665,0.7721943048576214,0.0112941665854618,0.0041119470390272,0.0258287158319904,-0.644757407504984,0.8823518729255379,0.5,0,0,9,2189,0.0,1.0,,0.9959053685168336,0.0,1.0
Twelve-lead model masked to I+II,subcode,EL,2-lead,False,2198,9,2189,0.0040946314831665,0.6244353078523932,0.0072241769663696,0.0041219391123574,0.0277926531356009,-0.6951554739076481,0.5143467142128116,0.5,0,0,9,2189,0.0,1.0,,0.9959053685168336,0.0,1.0
Twelve-lead model masked to I+II,subcode,ILBBB,12-lead,False,2198,8,2190,0.0036396724294813,0.89337899543379,0.1883942299399596,0.003498776880367,0.0199655508685209,-0.6305031506116614,0.9273171571790262,0.5,0,0,8,2190,0.0,1.0,,0.9963603275705186,0.0,1.0
Twelve-lead model masked to I+II,subcode,ILBBB,2-lead,False,2198,8,2190,0.0036396724294813,0.7560502283105023,0.020205733576314,0.0037165114673324,0.0248958715433153,-0.9657223591538384,0.9070583273369668,0.5,0,0,8,2190,0.0,1.0,,0.9963603275705186,0.0,1.0
Twelve-lead model masked to I+II,subcode,ILMI,12-lead,True,2198,48,2150,0.021838034576888,0.8994476744186046,0.294882138810822,0.0181628319653241,0.0748402066669447,0.2322225947950346,0.9226942452830936,0.5,1,0,47,2150,0.0208333333333333,1.0,1.0,0.9786071916249433,0.0,0.9791666666666666
Twelve-lead model masked to I+II,subcode,ILMI,2-lead,True,2198,48,2150,0.021838034576888,0.758265503875969,0.1744152488946503,0.0204626770365978,0.095228933976731,-0.402342690724103,1.2074197341804782,0.5,0,0,48,2150,0.0,1.0,,0.978161965423112,0.0,1.0
Twelve-lead model masked to I+II,subcode,IMI,12-lead,True,2198,267,1931,0.1214740673339399,0.8212895454995082,0.3535659649381316,0.0983769888708429,0.3405474753738638,1.1160162656839674,0.8182614209360003,0.5,0,0,267,1931,0.0,1.0,,0.87852593266606,0.0,1.0
Twelve-lead model masked to I+II,subcode,IMI,2-lead,True,2198,267,1931,0.1214740673339399,0.6465513395671257,0.2186611850821489,0.107559372813472,0.3919515042716208,0.8794105780743681,0.6604430023499192,0.5,0,0,267,1931,0.0,1.0,,0.87852593266606,0.0,1.0
Twelve-lead model masked to I+II,subcode,INJAL,12-lead,False,2198,14,2184,0.0063694267515923,0.8862179487179488,0.1185479140898721,0.0061240646546861,0.0311220608184585,-0.3155072068480696,1.110170041237465,0.5,0,0,14,2184,0.0,1.0,,0.9936305732484076,0.0,1.0
Twelve-lead model masked to I+II,subcode,INJAL,2-lead,False,2198,14,2184,0.0063694267515923,0.8026229722658296,0.0237024561865308,0.0066522328285932,0.0440545571824712,-1.2977698759638243,1.4599140004485474,0.5,0,0,14,2184,0.0,1.0,,0.9936305732484076,0.0,1.0
Twelve-lead model masked to I+II,subcode,INJAS,12-lead,False,2198,22,2176,0.0100090991810737,0.892108121657754,0.0847308160324244,0.0095580702109165,0.0438450318350159,0.1295392626085334,0.982314810787306,0.5,0,0,22,2176,0.0,1.0,,0.9899909008189264,0.0,1.0
Twelve-lead model masked to I+II,subcode,INJAS,2-lead,False,2198,22,2176,0.0100090991810737,0.7779286430481284,0.0405182752774039,0.0099256116657171,0.0540697407197856,-0.7086311704188102,1.250590070593791,0.5,0,0,22,2176,0.0,1.0,,0.9899909008189264,0.0,1.0
Twelve-lead model masked to I+II,subcode,INJIL,12-lead,False,2198,2,2196,0.0009099181073703,0.819672131147541,0.0037043359508364,0.0009331182949993,0.0075663520254206,-1.1126035415467048,0.6385820119023196,0.5,0,0,2,2196,0.0,1.0,,0.9990900818926296,0.0,1.0
Twelve-lead model masked to I+II,subcode,INJIL,2-lead,False,2198,2,2196,0.0009099181073703,0.6165755919854281,0.0053058085886667,0.0009587592214118,0.0109309880308078,-1.9678049326790008,0.7415798469926481,0.5,0,0,2,2196,0.0,1.0,,0.9990900818926296,0.0,1.0
Twelve-lead model masked to I+II,subcode,INJIN,12-lead,False,2198,2,2196,0.0009099181073703,0.8772768670309654,0.073297730307076,0.0009203146475318,0.0074469447908772,-1.3573324065383807,1.3225694188617754,0.5,0,0,2,2196,0.0,1.0,,0.9990900818926296,0.0,1.0
Twelve-lead model masked to I+II,subcode,INJIN,2-lead,False,2198,2,2196,0.0009099181073703,0.78551912568306,0.0030982905982905,0.0011774653880792,0.0175303501420717,-2.743004369795991,1.2336278779090255,0.5,0,0,2,2196,0.0,1.0,,0.9990900818926296,0.0,1.0
Twelve-lead model masked to I+II,subcode,INJLA,12-lead,False,2198,2,2196,0.0009099181073703,0.8565573770491803,0.0048634008478568,0.00092396627069,0.0072794988413157,-1.068776724310281,0.9000137816178831,0.5,0,0,2,2196,0.0,1.0,,0.9990900818926296,0.0,1.0
Twelve-lead model masked to I+II,subcode,INJLA,2-lead,False,2198,2,2196,0.0009099181073703,0.6375227686703097,0.0022149023171285,0.0009480857159846,0.0101904041227267,-1.8027555810914928,0.5794965911233175,0.5,0,0,2,2196,0.0,1.0,,0.9990900818926296,0.0,1.0
Twelve-lead model masked to I+II,subcode,IPLMI,12-lead,False,2198,5,2193,0.0022747952684258,0.8802553579571364,0.012513022096496,0.002284120168501,0.0149658516109238,-0.8522383523953855,1.356962259310819,0.5,0,0,5,2193,0.0,1.0,,0.997725204731574,0.0,1.0
Twelve-lead model masked to I+II,subcode,IPLMI,2-lead,False,2198,5,2193,0.0022747952684258,0.4730506155950753,0.0024716263808941,0.0026134351531441,0.0278051105659708,-2.099402153607518,0.0099840097120168,0.5,0,0,5,2193,0.0,1.0,,0.997725204731574,0.0,1.0
Twelve-lead model masked to I+II,subcode,IPMI,12-lead,False,2198,3,2195,0.0013648771610555,0.75125284738041,0.0047039784282739,0.0014101697378797,0.0118517493345452,-1.3324876777094086,0.6607578669119023,0.5,0,0,3,2195,0.0,1.0,,0.9986351228389444,0.0,1.0
Twelve-lead model masked to I+II,subcode,IPMI,2-lead,False,2198,3,2195,0.0013648771610555,0.0906605922551252,0.0009873920279411,0.0014746774552633,0.0174387287189268,-1.9746282603335457,-1.1750902405230264,0.5,0,0,3,2195,0.0,1.0,,0.9986351228389444,0.0,1.0
Twelve-lead model masked to I+II,subcode,IRBBB,12-lead,True,2198,112,2086,0.0509554140127388,0.8074792836597726,0.2396596893525557,0.0438253235203899,0.1708801340866871,0.3889273194083306,0.8941176919927338,0.5,0,0,112,2086,0.0,1.0,,0.9490445859872612,0.0,1.0
Twelve-lead model masked to I+II,subcode,IRBBB,2-lead,True,2198,112,2086,0.0509554140127388,0.3953097178468703,0.0410353798581023,0.0501635219600869,0.2430682425888395,0.7925642482222385,-0.4474743941751506,0.5,0,0,112,2086,0.0,1.0,,0.9490445859872612,0.0,1.0
Twelve-lead model masked to I+II,subcode,ISCAL,12-lead,True,2198,66,2132,0.0300272975432211,0.9066746261868212,0.2063521564829761,0.0269129192043413,0.1024647927099646,0.7879983699337595,1.0423615108079254,0.5,0,0,66,2132,0.0,1.0,,0.9699727024567788,0.0,1.0
Twelve-lead model masked to I+II,subcode,ISCAL,2-lead,True,2198,66,2132,0.0300272975432211,0.7790238217067486,0.1107837812706853,0.0286128602723878,0.1276489274087041,0.862972702447142,0.9590960231412566,0.5,0,0,66,2132,0.0,1.0,,0.9699727024567788,0.0,1.0
Twelve-lead model masked to I+II,subcode,ISCAN,12-lead,False,2198,4,2194,0.0018198362147406,0.784412032816773,0.0051833943318159,0.0018916072144598,0.0142910372185217,-1.149754855038162,0.6478039674657436,0.5,0,0,4,2194,0.0,1.0,,0.9981801637852592,0.0,1.0
Twelve-lead model masked to I+II,subcode,ISCAN,2-lead,False,2198,4,2194,0.0018198362147406,0.5831814038286235,0.0090353559124696,0.0020959969089434,0.0237028868712685,-2.190770546234906,0.3729008986699015,0.5,0,0,4,2194,0.0,1.0,,0.9981801637852592,0.0,1.0
Twelve-lead model masked to I+II,subcode,ISCAS,12-lead,False,2198,17,2181,0.0077343039126478,0.8656040132696821,0.0394172409194795,0.0075912216692158,0.037980512870585,-0.0732807843140475,0.8377889409366197,0.5,0,0,17,2181,0.0,1.0,,0.9922656960873522,0.0,1.0
Twelve-lead model masked to I+II,subcode,ISCAS,2-lead,False,2198,17,2181,0.0077343039126478,0.6819052242630202,0.0236174467561651,0.0078184787121385,0.0461240166932148,-0.6657727541171771,0.6454673340579239,0.5,0,0,17,2181,0.0,1.0,,0.9922656960873522,0.0,1.0
Twelve-lead model masked to I+II,subcode,ISCIL,12-lead,False,2198,18,2180,0.008189262966333,0.8726299694189602,0.0351263022674351,0.0080434451301635,0.0393539863956756,-0.0160471537107264,0.9067701860564136,0.5,0,0,18,2180,0.0,1.0,,0.991810737033667,0.0,1.0
Twelve-lead model masked to I+II,subcode,ISCIL,2-lead,False,2198,18,2180,0.008189262966333,0.7327217125382264,0.0542471361811984,0.0080824482531927,0.0451767582822535,-0.4421896974652012,0.9688345150856632,0.5,0,0,18,2180,0.0,1.0,,0.991810737033667,0.0,1.0
Twelve-lead model masked to I+II,subcode,ISCIN,12-lead,False,2198,22,2176,0.0100090991810737,0.783401570855615,0.0395521896663668,0.0097909248530747,0.0510774582627299,0.0460815026197048,0.7226344062804549,0.5,0,0,22,2176,0.0,1.0,,0.9899909008189264,0.0,1.0
Twelve-lead model masked to I+II,subcode,ISCIN,2-lead,False,2198,22,2176,0.0100090991810737,0.7077832553475936,0.0239702718925822,0.010051036777689,0.0568014050058651,-0.712007250795489,0.9448487616649244,0.5,0,0,22,2176,0.0,1.0,,0.9899909008189264,0.0,1.0
Twelve-lead model masked to I+II,subcode,ISCLA,12-lead,False,2198,13,2185,0.0059144676979071,0.9131490934694596,0.0632835330173513,0.0057376694576722,0.0285353300426389,-0.2579731816481428,1.5302317023147638,0.5,0,0,13,2185,0.0,1.0,,0.9940855323020928,0.0,1.0
Twelve-lead model masked to I+II,subcode,ISCLA,2-lead,False,2198,13,2185,0.0059144676979071,0.822953705333568,0.034879545938308,0.0058326245229246,0.0338030907360273,-0.6205485458759584,1.6407068654753214,0.5,0,0,13,2185,0.0,1.0,,0.9940855323020928,0.0,1.0
Twelve-lead model masked to I+II,subcode,ISC_,12-lead,True,2198,128,2070,0.0582347588717015,0.9517814009661836,0.6181438628907956,0.0403770155098304,0.1543773132293954,1.8925069089784243,0.8260197755826743,0.5,26,5,102,2065,0.203125,0.997584541062802,0.8387096774193549,0.952930318412552,0.002415458937198,0.796875
Twelve-lead model masked to I+II,subcode,ISC_,2-lead,True,2198,128,2070,0.0582347588717015,0.7474713164251209,0.2048084717678288,0.0558047472001645,0.3045145772594715,2.8674297966380617,0.5912840444584478,0.5,4,3,124,2067,0.03125,0.9985507246376812,0.5714285714285714,0.943404837973528,0.0014492753623188,0.96875
Twelve-lead model masked to I+II,subcode,IVCD,12-lead,True,2198,79,2119,0.0359417652411283,0.6624034503975484,0.0907787681880722,0.0343264069555791,0.1577024200421551,0.6026947206233013,0.5317071832424998,0.5,0,0,79,2119,0.0,1.0,,0.9640582347588716,0.0,1.0
Twelve-lead model masked to I+II,subcode,IVCD,2-lead,True,2198,79,2119,0.0359417652411283,0.6351037329526109,0.0624994533866128,0.0345821476284745,0.1547458804964082,0.4808340016799794,0.9548085156154136,0.5,0,0,79,2119,0.0,1.0,,0.9640582347588716,0.0,1.0
Twelve-lead model masked to I+II,subcode,LAFB,12-lead,True,2198,162,2036,0.0737033666969972,0.8960440466661815,0.3678364567886188,0.0557373362358071,0.1902641248312591,0.6214288798001288,0.8731804475104732,0.5,5,12,157,2024,0.0308641975308641,0.9941060903732808,0.2941176470588235,0.92801467216873,0.005893909626719,0.9691358024691358
Twelve-lead model masked to I+II,subcode,LAFB,2-lead,True,2198,162,2036,0.0737033666969972,0.3924634359310194,0.0714648473290107,0.071994266183466,0.3818921339544533,1.5564581991623476,-0.3404785947265663,0.5,0,0,162,2036,0.0,1.0,,0.9262966333030028,0.0,1.0
Twelve-lead model masked to I+II,subcode,LAO/LAE,12-lead,True,2198,42,2156,0.019108280254777,0.8001479812704302,0.0748408399306296,0.0182243060019807,0.0834458232381807,0.0969715747961505,0.8268308609705751,0.5,0,0,42,2156,0.0,1.0,,0.9808917197452228,0.0,1.0
Twelve-lead model masked to I+II,subcode,LAO/LAE,2-lead,True,2198,42,2156,0.019108280254777,0.6341107871720117,0.0500808639546787,0.0186105591936323,0.0929143959923521,-0.2742265631663012,0.8316708586761131,0.5,0,0,42,2156,0.0,1.0,,0.9808917197452228,0.0,1.0
Twelve-lead model masked to I+II,subcode,LMI,12-lead,False,2198,20,2178,0.0090991810737033,0.7053719008264463,0.0484768167499515,0.0090970219684296,0.0509267273949204,-0.3997701368060964,0.5828829914602762,0.5,0,0,20,2178,0.0,1.0,,0.9909008189262968,0.0,1.0
Twelve-lead model masked to I+II,subcode,LMI,2-lead,False,2198,20,2178,0.0090991810737033,0.5197887970615244,0.0297197601841222,0.0095233999902566,0.0620522541039965,-1.1726663912038766,0.1402435930237691,0.5,0,0,20,2178,0.0,1.0,,0.9909008189262968,0.0,1.0
Twelve-lead model masked to I+II,subcode,LNGQT,12-lead,False,2198,11,2187,0.0050045495905368,0.71870973105541,0.0100378221382184,0.0050456209338721,0.0313725501256268,-0.5686368171548415,0.6540018826366426,0.5,0,0,11,2187,0.0,1.0,,0.9949954504094632,0.0,1.0
Twelve-lead model masked to I+II,subcode,LNGQT,2-lead,False,2198,11,2187,0.0050045495905368,0.6285904310595669,0.0088668364678987,0.0051062558849369,0.0345639651600998,-0.986365619380274,0.6306276520165999,0.5,0,0,11,2187,0.0,1.0,,0.9949954504094632,0.0,1.0
Twelve-lead model masked to I+II,subcode,LPFB,12-lead,False,2198,18,2180,0.008189262966333,0.7892456676860347,0.1195435458206372,0.0082115010668386,0.0461887892997519,-0.4934057879857415,0.5142340482069588,0.5,0,0,18,2180,0.0,1.0,,0.991810737033667,0.0,1.0
Twelve-lead model masked to I+II,subcode,LPFB,2-lead,False,2198,18,2180,0.008189262966333,0.4519877675840978,0.0227793836361708,0.0084657328536571,0.0555355111900386,-0.6493879799012923,-0.1331966785098191,0.5,0,0,18,2180,0.0,1.0,,0.991810737033667,0.0,1.0
Twelve-lead model masked to I+II,subcode,LVH,12-lead,True,2198,214,1984,0.097361237488626,0.9073028150437142,0.6139523477105366,0.0655198930932795,0.2636416743724967,1.9221200403122791,0.7308534704289125,0.5,52,12,162,1972,0.2429906542056074,0.9939516129032258,0.8125,0.9240862230552952,0.0060483870967741,0.7570093457943925
Twelve-lead model masked to I+II,subcode,LVH,2-lead,True,2198,214,1984,0.097361237488626,0.714863769972867,0.2649233973929473,0.0902874804799196,0.4262389534479121,2.417221611647617,0.5543013455624857,0.5,11,7,203,1977,0.0514018691588785,0.9964717741935484,0.6111111111111112,0.9068807339449542,0.0035282258064516,0.9485981308411215
Twelve-lead model masked to I+II,subcode,NDT,12-lead,True,2198,182,2016,0.0828025477707006,0.8494816195709053,0.340745415472376,0.0672848877309301,0.2396365361633516,0.883450615110631,0.875583403160645,0.5,0,0,182,2016,0.0,1.0,,0.9171974522292994,0.0,1.0
Twelve-lead model masked to I+II,subcode,NDT,2-lead,True,2198,182,2016,0.0828025477707006,0.6447622318158033,0.1518705308489767,0.0779323948470351,0.3459405871307195,1.490964233799856,0.4168721812017057,0.5,0,0,182,2016,0.0,1.0,,0.9171974522292994,0.0,1.0
Twelve-lead model masked to I+II,subcode,NORM,12-lead,True,2198,963,1235,0.4381255686988171,0.9233728942533664,0.8875382428522531,0.1314488221971811,0.4105519324238242,1.060525947186978,0.6934495733296959,0.5,670,121,293,1114,0.6957424714434061,0.9020242914979756,0.8470290771175727,0.7917555081734187,0.0979757085020242,0.304257528556594
Twelve-lead model masked to I+II,subcode,NORM,2-lead,True,2198,963,1235,0.4381255686988171,0.7081038926095493,0.5819767096010141,0.3703370459871713,1.270617590457145,2.9130315191974225,0.5633645527876346,0.5,20,15,943,1220,0.0207684319833852,0.9878542510121456,0.5714285714285714,0.5640314378178456,0.0121457489878542,0.9792315680166148
Twelve-lead model masked to I+II,subcode,NST_,12-lead,True,2198,77,2121,0.0350318471337579,0.8208820882088209,0.1421464092512755,0.0321337675353018,0.1321609971979125,0.5607027253441939,0.8448227411422515,0.5,0,0,77,2121,0.0,1.0,,0.964968152866242,0.0,1.0
Twelve-lead model masked to I+II,subcode,NST_,2-lead,True,2198,77,2121,0.0350318471337579,0.6339144118493483,0.0623887858507688,0.0336747555089448,0.1501513874494408,0.0918436453036972,0.5618410495363397,0.5,0,0,77,2121,0.0,1.0,,0.964968152866242,0.0,1.0
Twelve-lead model masked to I+II,subcode,PMI,12-lead,False,2198,2,2196,0.0009099181073703,0.8406193078324226,0.0046441735779509,0.0009284722829592,0.0080609085785638,-1.3659919222704666,1.0952030247526647,0.5,0,0,2,2196,0.0,1.0,,0.9990900818926296,0.0,1.0
Twelve-lead model masked to I+II,subcode,PMI,2-lead,False,2198,2,2196,0.0009099181073703,0.6245446265938069,0.0020512174290474,0.0009712165782328,0.0120013611407396,-2.1312670799716074,0.7114320494360222,0.5,0,0,2,2196,0.0,1.0,,0.9990900818926296,0.0,1.0
Twelve-lead model masked to I+II,subcode,RAO/RAE,12-lead,False,2198,10,2188,0.0045495905368516,0.7910877513711151,0.0180279889559146,0.0047385000604977,0.0287871232495599,-0.8051131373220484,0.7081822856400265,0.5,0,0,10,2188,0.0,1.0,,0.9954504094631484,0.0,1.0
Twelve-lead model masked to I+II,subcode,RAO/RAE,2-lead,False,2198,10,2188,0.0045495905368516,0.618692870201097,0.0122158939234821,0.0047488299844398,0.0341804881228669,-1.241916927678916,0.6364758859918356,0.5,0,0,10,2188,0.0,1.0,,0.9954504094631484,0.0,1.0
Twelve-lead model masked to I+II,subcode,RVH,12-lead,False,2198,12,2186,0.005459508644222,0.8952424519670631,0.142052497060469,0.0055527632995436,0.0287523628836028,-0.7416104810781848,0.7339739562686701,0.5,0,0,12,2186,0.0,1.0,,0.994540491355778,0.0,1.0
Twelve-lead model masked to I+II,subcode,RVH,2-lead,False,2198,12,2186,0.005459508644222,0.4440759377859103,0.0202122603865691,0.0056159036157248,0.040129621001043,-0.4294578775440587,-0.1114128342638129,0.5,0,0,12,2186,0.0,1.0,,0.994540491355778,0.0,1.0
Twelve-lead model masked to I+II,subcode,SEHYP,12-lead,False,2198,2,2196,0.0009099181073703,0.9355646630236794,0.0102953462086589,0.0009665009790263,0.0080544952666272,-1.5368812913997345,1.198645907153496,0.5,0,0,2,2196,0.0,1.0,,0.9990900818926296,0.0,1.0
Twelve-lead model masked to I+II,subcode,SEHYP,2-lead,False,2198,2,2196,0.0009099181073703,0.9952185792349726,0.175,0.000925901537107,0.0105141054211026,-2.144276603962058,3.00101732694902,0.5,0,0,2,2196,0.0,1.0,,0.9990900818926296,0.0,1.0
Twelve-lead model masked to I+II,subcode,WPW,12-lead,False,2198,8,2190,0.0036396724294813,0.7426940639269406,0.0204054544977253,0.0037396310169943,0.0247737817503374,-0.8018588040455067,0.5754380848011339,0.5,0,0,8,2190,0.0,1.0,,0.9963603275705186,0.0,1.0
Twelve-lead model masked to I+II,subcode,WPW,2-lead,False,2198,8,2190,0.0036396724294813,0.7907534246575343,0.010339466081678,0.0041662249790188,0.0347829644076006,-1.838987515500756,1.3317082295223577,0.5,0,0,8,2190,0.0,1.0,,0.9963603275705186,0.0,1.0
Twelve-lead model masked to I+II,rhythm,AFIB,12-lead,True,2198,152,2046,0.0691537761601455,0.9116761845963884,0.4339007129421812,0.0479831924253083,0.1630474184376616,0.005336589875389,0.8755706194959678,0.5,34,29,118,2017,0.2236842105263158,0.9858260019550342,0.5396825396825397,0.9447306791569088,0.0141739980449657,0.7763157894736842
Twelve-lead model masked to I+II,rhythm,AFIB,2-lead,True,2198,152,2046,0.0691537761601455,0.7536946288007409,0.1937998260560788,0.0992839220509631,0.336273294957525,-1.604943916185208,0.8293611168062951,0.5,48,167,104,1879,0.3157894736842105,0.918377321603128,0.2232558139534883,0.9475542107917296,0.0816226783968719,0.6842105263157895
Twelve-lead model masked to I+II,rhythm,AFLT,12-lead,False,2198,7,2191,0.0031847133757961,0.9499250179304948,0.2947069982578356,0.0057221146474929,0.0238500419982595,-2.049198380676912,0.954091898304716,0.5,3,15,4,2176,0.4285714285714285,0.9931538110451849,0.1666666666666666,0.998165137614679,0.0068461889548151,0.5714285714285714
Twelve-lead model masked to I+II,rhythm,AFLT,2-lead,False,2198,7,2191,0.0031847133757961,0.93316815544109,0.0578209562966969,0.0137033378271451,0.0738560581702896,-3.2279245812835473,1.440855986118369,0.5,0,7,7,2184,0.0,0.9968051118210862,0.0,0.9968051118210862,0.0031948881789137,1.0
Twelve-lead model masked to I+II,rhythm,BIGU,12-lead,False,2198,8,2190,0.0036396724294813,0.9062785388127856,0.1994570331517139,0.0039417045017383,0.0236317688099895,-1.4019841659774417,1.1433566848827272,0.5,0,0,8,2190,0.0,1.0,,0.9963603275705186,0.0,1.0
Twelve-lead model masked to I+II,rhythm,BIGU,2-lead,False,2198,8,2190,0.0036396724294813,0.8046232876712328,0.0139601948051745,0.0148613242773993,0.1000534970555741,-3.327303633937636,1.3256855746173526,0.5,0,0,8,2190,0.0,1.0,,0.9963603275705186,0.0,1.0
Twelve-lead model masked to I+II,rhythm,PACE,12-lead,True,2198,28,2170,0.0127388535031847,0.9694535878867676,0.5724713169887631,0.0090021915532099,0.035854229361865,-0.9245278391078128,0.9336223170137758,0.5,14,10,14,2160,0.5,0.9953917050691244,0.5833333333333334,0.9935602575896963,0.0046082949308755,0.5
Twelve-lead model masked to I+II,rhythm,PACE,2-lead,True,2198,28,2170,0.0127388535031847,0.7063364055299539,0.1828474921873745,0.107211529206666,0.3453237555941778,-3.659425799305971,0.6307375900900768,0.5,14,323,14,1847,0.5,0.8511520737327188,0.0415430267062314,0.9924771628156904,0.1488479262672811,0.5
Twelve-lead model masked to I+II,rhythm,PSVT,12-lead,False,2198,2,2196,0.0009099181073703,0.997495446265938,0.3333333333333333,0.0026384703129887,0.0114128688818437,-2.723481603037872,2.0988310240141153,0.5,1,4,1,2192,0.5,0.9981785063752276,0.2,0.9995440036479708,0.0018214936247723,0.5
Twelve-lead model masked to I+II,rhythm,PSVT,2-lead,False,2198,2,2196,0.0009099181073703,0.979735883424408,0.0378940308517773,0.005631452961303,0.0412513224690738,-3.8820423804016975,1.943496555731254,0.5,0,1,2,2195,0.0,0.9995446265938068,0.0,0.999089667728721,0.000455373406193,1.0
Twelve-lead model masked to I+II,rhythm,SARRH,12-lead,True,2198,77,2121,0.0350318471337579,0.635561515335207,0.0617820820379841,0.0336243238979067,0.1490413951805667,-0.1192420275546019,1.0139536411538008,0.5,0,0,77,2121,0.0,1.0,,0.964968152866242,0.0,1.0
Twelve-lead model masked to I+II,rhythm,SARRH,2-lead,True,2198,77,2121,0.0350318471337579,0.5416215090896845,0.0424682086614437,0.0359738642490621,0.1678551539772443,-0.8550911028519814,0.5488877762255348,0.5,0,0,77,2121,0.0,1.0,,0.964968152866242,0.0,1.0
Twelve-lead model masked to I+II,rhythm,SBRAD,12-lead,True,2198,64,2134,0.0291173794358507,0.9199859418931584,0.3469848424752916,0.0229084661741998,0.0871662831518674,0.2276316392343963,0.9535529229694226,0.5,5,4,59,2130,0.078125,0.9981255857544518,0.5555555555555556,0.9730470534490636,0.0018744142455482,0.921875
Twelve-lead model masked to I+II,rhythm,SBRAD,2-lead,True,2198,64,2134,0.0291173794358507,0.8385733950328023,0.1757618233953058,0.0263458372114646,0.1097501273407445,0.0146487948827952,0.6942830286273679,0.5,1,6,63,2128,0.015625,0.9971883786316776,0.1428571428571428,0.9712460063897764,0.0028116213683223,0.984375
Twelve-lead model masked to I+II,rhythm,SR,12-lead,True,2198,1674,524,0.7616014558689718,0.8191354984632502,0.916337780213099,0.1534694366848034,0.4775841517734809,1.021003580973158,0.8915213179643289,0.5,1375,167,299,357,0.8213859020310633,0.6812977099236641,0.8916990920881972,0.5442073170731707,0.3187022900763359,0.1786140979689366
Twelve-lead model masked to I+II,rhythm,SR,2-lead,True,2198,1674,524,0.7616014558689718,0.6453049331035049,0.8321238615173855,0.539163096385249,1.6398610912526,3.5128275466898025,0.4612604437651474,0.5,107,14,1567,510,0.0639187574671445,0.9732824427480916,0.8842975206611571,0.2455464612421762,0.0267175572519083,0.9360812425328554
Twelve-lead model masked to I+II,rhythm,STACH,12-lead,True,2198,82,2116,0.0373066424021838,0.9685209092166536,0.5373873136642086,0.0262723925535737,0.088808917861962,-0.9601767779694896,0.9316732255061094,0.5,51,46,31,2070,0.6219512195121951,0.9782608695652174,0.5257731958762887,0.9852451213707758,0.0217391304347826,0.3780487804878049
Twelve-lead model masked to I+II,rhythm,STACH,2-lead,True,2198,82,2116,0.0373066424021838,0.8874948130388677,0.2776616488504119,0.0771065312963641,0.2564128425210865,-2.3163092046913643,1.060382534473742,0.5,58,207,24,1909,0.7073170731707317,0.9021739130434784,0.2188679245283019,0.9875840662183136,0.0978260869565217,0.2926829268292683
Twelve-lead model masked to I+II,rhythm,SVARR,12-lead,False,2198,14,2184,0.0063694267515923,0.625392464678179,0.009136106332731,0.0077032075667208,0.0500308534017968,-1.370567537340461,0.2945833354974652,0.5,0,0,14,2184,0.0,1.0,,0.9936305732484076,0.0,1.0
Twelve-lead model masked to I+II,rhythm,SVARR,2-lead,False,2198,14,2184,0.0063694267515923,0.4664442700156985,0.0063429507011419,0.0153024466200112,0.1100098312507108,-2.7336858244701263,-0.3140159353407696,0.5,0,0,14,2184,0.0,1.0,,0.9936305732484076,0.0,1.0
Twelve-lead model masked to I+II,rhythm,SVTAC,12-lead,False,2198,3,2195,0.0013648771610555,0.9931662870159452,0.188141923436041,0.0026591296758888,0.0119578106067153,-2.239038138361554,1.5292232262937104,0.5,1,3,2,2192,0.3333333333333333,0.9986332574031892,0.25,0.9990884229717412,0.0013667425968109,0.6666666666666666
Twelve-lead model masked to I+II,rhythm,SVTAC,2-lead,False,2198,3,2195,0.0013648771610555,0.7998481397114655,0.0502559023465697,0.0067927608055251,0.0471419157221888,-3.56498101741235,0.862512638993865,0.5,0,2,3,2193,0.0,0.9990888382687928,0.0,0.9986338797814208,0.0009111617312072,1.0
Twelve-lead model masked to I+II,rhythm,TRIGU,12-lead,False,2198,2,2196,0.0009099181073703,0.657103825136612,0.1673306772908366,0.0010033404157007,0.0111881724898657,-2.0957722198023956,0.9076259220723184,0.5,0,0,2,2196,0.0,1.0,,0.9990900818926296,0.0,1.0
Twelve-lead model masked to I+II,rhythm,TRIGU,2-lead,False,2198,2,2196,0.0009099181073703,0.8342440801457194,0.0049097576601055,0.0019290348912587,0.0297701069385198,-3.410614300022196,1.6125056363225465,0.5,0,0,2,2196,0.0,1.0,,0.9990900818926296,0.0,1.0
Twelve-lead model masked to I+II,rhythm,AFIB-or-AFLT,12-lead,True,2198,157,2041,0.0714285714285714,0.9133839100977728,0.4962361998579799,0.0478106423563069,0.1627657675987374,0.0170450486895091,0.9032455095969768,0.5,40,30,117,2011,0.2547770700636942,0.9853013228809409,0.5714285714285714,0.9450187969924811,0.0146986771190592,0.7452229299363057
Twelve-lead model masked to I+II,rhythm,AFIB-or-AFLT,2-lead,True,2198,157,2041,0.0714285714285714,0.7598872789347048,0.2173556127407122,0.0993692530336567,0.3363950172342017,-1.5725397962571428,0.8676032145368322,0.5,51,165,106,1876,0.3248407643312102,0.919157275845174,0.2361111111111111,0.9465186680121088,0.080842724154826,0.6751592356687898
