approach,diagnosis_group,diagnosis,lead_set,n_patients,unconditional_patient_error_ci_lower,unconditional_patient_error_ci_upper,interval_method,n_records,automated_coverage,unconditional_patient_error,conditional_record_error_descriptive,independent_calibration_verified,endpoint,status
"Previous model, patient analysis",superclass,NORM,12-lead,1904,0.0146051068918938,0.027895689502885,descriptive_patient_binomial_exact_95,2198,0.2452229299363057,0.0204831932773109,0.072356215213358,False,unconditional_probability_any_automated_error_per_patient_cluster,automated_decisions_observed
"Previous model, patient analysis",superclass,NORM,2-lead,1904,0.0137184567547216,0.0266868273944456,descriptive_patient_binomial_exact_95,2198,0.1924476797088262,0.0194327731092436,0.0874704491725768,False,unconditional_probability_any_automated_error_per_patient_cluster,automated_decisions_observed
"Previous model, patient analysis",superclass,MI,12-lead,1904,0.0168402358406205,0.0308999661704421,descriptive_patient_binomial_exact_95,2198,0.583712465878071,0.0231092436974789,0.0350740452065471,False,unconditional_probability_any_automated_error_per_patient_cluster,automated_decisions_observed
"Previous model, patient analysis",superclass,MI,2-lead,1904,0.0190983761429021,0.0338819416604357,descriptive_patient_binomial_exact_95,2198,0.3880800727934486,0.025735294117647,0.0597889800703399,False,unconditional_probability_any_automated_error_per_patient_cluster,automated_decisions_observed
"Previous model, patient analysis",superclass,STTC,12-lead,1904,0.0141612129276539,0.0272918072125024,descriptive_patient_binomial_exact_95,2198,0.594631483166515,0.0199579831932773,0.0306044376434583,False,unconditional_probability_any_automated_error_per_patient_cluster,automated_decisions_observed
"Previous model, patient analysis",superclass,STTC,2-lead,1904,0.0141612129276539,0.0272918072125024,descriptive_patient_binomial_exact_95,2198,0.5241128298453139,0.0199579831932773,0.0329861111111111,False,unconditional_probability_any_automated_error_per_patient_cluster,automated_decisions_observed
"Previous model, patient analysis",superclass,CD,12-lead,1904,0.0154961398732107,0.0291003201506984,descriptive_patient_binomial_exact_95,2198,0.5400363967242948,0.0215336134453781,0.0345408593091828,False,unconditional_probability_any_automated_error_per_patient_cluster,automated_decisions_observed
"Previous model, patient analysis",superclass,CD,2-lead,1904,0.0154961398732107,0.0291003201506984,descriptive_patient_binomial_exact_95,2198,0.353958143767061,0.0215336134453781,0.0526992287917737,False,unconditional_probability_any_automated_error_per_patient_cluster,automated_decisions_observed
"Previous model, patient analysis",superclass,HYP,12-lead,1904,0.0141612129276539,0.0272918072125024,descriptive_patient_binomial_exact_95,2198,0.6897179253867152,0.0199579831932773,0.025065963060686,False,unconditional_probability_any_automated_error_per_patient_cluster,automated_decisions_observed
"Previous model, patient analysis",superclass,HYP,2-lead,1904,0.0102236067752161,0.0218016280442997,descriptive_patient_binomial_exact_95,2198,0.5,0.0152310924369747,0.0263876251137397,False,unconditional_probability_any_automated_error_per_patient_cluster,automated_decisions_observed
"Previous model, patient analysis",subcode,1AVB,12-lead,1904,0.0119597727867984,0.0242550282250256,descriptive_patient_binomial_exact_95,2198,0.859417652411283,0.0173319327731092,0.0190577024880889,False,unconditional_probability_any_automated_error_per_patient_cluster,automated_decisions_observed
"Previous model, patient analysis",subcode,1AVB,2-lead,1904,0.0106553026376106,0.0224172217318047,descriptive_patient_binomial_exact_95,2198,0.8303002729754322,0.0157563025210084,0.016986301369863,False,unconditional_probability_any_automated_error_per_patient_cluster,automated_decisions_observed
"Previous model, patient analysis",subcode,2AVB,12-lead,1904,1.3297079652028435e-05,0.0029227725998681,descriptive_patient_binomial_exact_95,2198,1.0,0.0005252100840336,0.0004549590536851,False,unconditional_probability_any_automated_error_per_patient_cluster,automated_decisions_observed
"Previous model, patient analysis",subcode,2AVB,2-lead,1904,1.3297079652028435e-05,0.0029227725998681,descriptive_patient_binomial_exact_95,2198,1.0,0.0005252100840336,0.0004549590536851,False,unconditional_probability_any_automated_error_per_patient_cluster,automated_decisions_observed
"Previous model, patient analysis",subcode,3AVB,12-lead,1904,0.000127236080046,0.0037892762482753,descriptive_patient_binomial_exact_95,2198,1.0,0.0010504201680672,0.0009099181073703,False,unconditional_probability_any_automated_error_per_patient_cluster,automated_decisions_observed
"Previous model, patient analysis",subcode,3AVB,2-lead,1904,0.000127236080046,0.0037892762482753,descriptive_patient_binomial_exact_95,2198,1.0,0.0010504201680672,0.0009099181073703,False,unconditional_probability_any_automated_error_per_patient_cluster,automated_decisions_observed
"Previous model, patient analysis",subcode,ALMI,12-lead,1904,0.007254994549717,0.017441847713472,descriptive_patient_binomial_exact_95,2198,1.0,0.0115546218487394,0.0127388535031847,False,unconditional_probability_any_automated_error_per_patient_cluster,automated_decisions_observed
"Previous model, patient analysis",subcode,ALMI,2-lead,1904,0.0068399830295215,0.0168104476243806,descriptive_patient_binomial_exact_95,2198,1.0,0.0110294117647058,0.0122838944494995,False,unconditional_probability_any_automated_error_per_patient_cluster,automated_decisions_observed
"Previous model, patient analysis",subcode,AMI,12-lead,1904,0.0123974877481214,0.024864858379905,descriptive_patient_binomial_exact_95,2198,1.0,0.0178571428571428,0.0159235668789808,False,unconditional_probability_any_automated_error_per_patient_cluster,automated_decisions_observed
"Previous model, patient analysis",subcode,AMI,2-lead,1904,0.0123974877481214,0.024864858379905,descriptive_patient_binomial_exact_95,2198,1.0,0.0178571428571428,0.0159235668789808,False,unconditional_probability_any_automated_error_per_patient_cluster,automated_decisions_observed
"Previous model, patient analysis",subcode,ANEUR,12-lead,1904,0.0021636446030513,0.0089540664399013,descriptive_patient_binomial_exact_95,2198,1.0,0.0047268907563025,0.0045495905368516,False,unconditional_probability_any_automated_error_per_patient_cluster,automated_decisions_observed
"Previous model, patient analysis",subcode,ANEUR,2-lead,1904,0.0021636446030513,0.0089540664399013,descriptive_patient_binomial_exact_95,2198,1.0,0.0047268907563025,0.0045495905368516,False,unconditional_probability_any_automated_error_per_patient_cluster,automated_decisions_observed
"Previous model, patient analysis",subcode,ASMI,12-lead,1904,0.015943201136198,0.0297011419240141,descriptive_patient_binomial_exact_95,2198,0.7752502274795269,0.0220588235294117,0.0246478873239436,False,unconditional_probability_any_automated_error_per_patient_cluster,automated_decisions_observed
"Previous model, patient analysis",subcode,ASMI,2-lead,1904,0.0137184567547216,0.0266868273944456,descriptive_patient_binomial_exact_95,2198,0.5878070973612375,0.0194327731092436,0.0286377708978328,False,unconditional_probability_any_automated_error_per_patient_cluster,automated_decisions_observed
"Previous model, patient analysis",subcode,CLBBB,12-lead,1904,0.0089390723001765,0.0199447885371015,descriptive_patient_binomial_exact_95,2198,1.0,0.0136554621848739,0.0127388535031847,False,unconditional_probability_any_automated_error_per_patient_cluster,automated_decisions_observed
"Previous model, patient analysis",subcode,CLBBB,2-lead,1904,0.0110886122910347,0.023031273183615,descriptive_patient_binomial_exact_95,2198,1.0,0.016281512605042,0.016378525932666,False,unconditional_probability_any_automated_error_per_patient_cluster,automated_decisions_observed
"Previous model, patient analysis",subcode,CRBBB,12-lead,1904,0.0141612129276539,0.0272918072125024,descriptive_patient_binomial_exact_95,2198,1.0,0.0199579831932773,0.0195632393084622,False,unconditional_probability_any_automated_error_per_patient_cluster,automated_decisions_observed
"Previous model, patient analysis",subcode,CRBBB,2-lead,1904,0.0137184567547216,0.0266868273944456,descriptive_patient_binomial_exact_95,2198,0.9767970882620564,0.0194327731092436,0.0186306474149976,False,unconditional_probability_any_automated_error_per_patient_cluster,automated_decisions_observed
"Previous model, patient analysis",subcode,DIG,12-lead,1904,0.0052095778334738,0.0142571346532743,descriptive_patient_binomial_exact_95,2198,1.0,0.0089285714285714,0.008189262966333,False,unconditional_probability_any_automated_error_per_patient_cluster,automated_decisions_observed
"Previous model, patient analysis",subcode,DIG,2-lead,1904,0.0052095778334738,0.0142571346532743,descriptive_patient_binomial_exact_95,2198,1.0,0.0089285714285714,0.008189262966333,False,unconditional_probability_any_automated_error_per_patient_cluster,automated_decisions_observed
"Previous model, patient analysis",subcode,EL,12-lead,1904,0.0021636446030513,0.0089540664399013,descriptive_patient_binomial_exact_95,2198,1.0,0.0047268907563025,0.0040946314831665,False,unconditional_probability_any_automated_error_per_patient_cluster,automated_decisions_observed
"Previous model, patient analysis",subcode,EL,2-lead,1904,0.0021636446030513,0.0089540664399013,descriptive_patient_binomial_exact_95,2198,1.0,0.0047268907563025,0.0040946314831665,False,unconditional_probability_any_automated_error_per_patient_cluster,automated_decisions_observed
"Previous model, patient analysis",subcode,ILBBB,12-lead,1904,0.0018156796479323,0.0082621146754455,descriptive_patient_binomial_exact_95,2198,1.0,0.0042016806722689,0.0036396724294813,False,unconditional_probability_any_automated_error_per_patient_cluster,automated_decisions_observed
"Previous model, patient analysis",subcode,ILBBB,2-lead,1904,0.0018156796479323,0.0082621146754455,descriptive_patient_binomial_exact_95,2198,1.0,0.0042016806722689,0.0036396724294813,False,unconditional_probability_any_automated_error_per_patient_cluster,automated_decisions_observed
"Previous model, patient analysis",subcode,ILMI,12-lead,1904,0.0146051068918938,0.027895689502885,descriptive_patient_binomial_exact_95,2198,0.9940855323020928,0.0204831932773109,0.0196796338672768,False,unconditional_probability_any_automated_error_per_patient_cluster,automated_decisions_observed
"Previous model, patient analysis",subcode,ILMI,2-lead,1904,0.0123974877481214,0.024864858379905,descriptive_patient_binomial_exact_95,2198,0.9881710646041856,0.0178571428571428,0.0174953959484346,False,unconditional_probability_any_automated_error_per_patient_cluster,automated_decisions_observed
"Previous model, patient analysis",subcode,IMI,12-lead,1904,0.0146051068918938,0.027895689502885,descriptive_patient_binomial_exact_95,2198,0.6123748862602366,0.0204831932773109,0.0304606240713224,False,unconditional_probability_any_automated_error_per_patient_cluster,automated_decisions_observed
"Previous model, patient analysis",subcode,IMI,2-lead,1904,0.0146051068918938,0.027895689502885,descriptive_patient_binomial_exact_95,2198,0.4435850773430391,0.0204831932773109,0.042051282051282,False,unconditional_probability_any_automated_error_per_patient_cluster,automated_decisions_observed
"Previous model, patient analysis",subcode,INJAL,12-lead,1904,0.0040255811296902,0.0123062402815823,descriptive_patient_binomial_exact_95,2198,1.0,0.0073529411764705,0.0063694267515923,False,unconditional_probability_any_automated_error_per_patient_cluster,automated_decisions_observed
"Previous model, patient analysis",subcode,INJAL,2-lead,1904,0.0036403402349144,0.011647327832048,descriptive_patient_binomial_exact_95,2198,1.0,0.0068277310924369,0.0063694267515923,False,unconditional_probability_any_automated_error_per_patient_cluster,automated_decisions_observed
"Previous model, patient analysis",subcode,INJAS,12-lead,1904,0.007254994549717,0.017441847713472,descriptive_patient_binomial_exact_95,2198,1.0,0.0115546218487394,0.0100090991810737,False,unconditional_probability_any_automated_error_per_patient_cluster,automated_decisions_observed
"Previous model, patient analysis",subcode,INJAS,2-lead,1904,0.0068399830295215,0.0168104476243806,descriptive_patient_binomial_exact_95,2198,1.0,0.0110294117647058,0.0100090991810737,False,unconditional_probability_any_automated_error_per_patient_cluster,automated_decisions_observed
"Previous model, patient analysis",subcode,INJIL,12-lead,1904,0.000127236080046,0.0037892762482753,descriptive_patient_binomial_exact_95,2198,1.0,0.0010504201680672,0.0009099181073703,False,unconditional_probability_any_automated_error_per_patient_cluster,automated_decisions_observed
"Previous model, patient analysis",subcode,INJIL,2-lead,1904,0.000127236080046,0.0037892762482753,descriptive_patient_binomial_exact_95,2198,1.0,0.0010504201680672,0.0009099181073703,False,unconditional_probability_any_automated_error_per_patient_cluster,automated_decisions_observed
"Previous model, patient analysis",subcode,INJIN,12-lead,1904,1.3297079652028435e-05,0.0029227725998681,descriptive_patient_binomial_exact_95,2198,1.0,0.0005252100840336,0.0009099181073703,False,unconditional_probability_any_automated_error_per_patient_cluster,automated_decisions_observed
"Previous model, patient analysis",subcode,INJIN,2-lead,1904,1.3297079652028435e-05,0.0029227725998681,descriptive_patient_binomial_exact_95,2198,1.0,0.0005252100840336,0.0009099181073703,False,unconditional_probability_any_automated_error_per_patient_cluster,automated_decisions_observed
"Previous model, patient analysis",subcode,INJLA,12-lead,1904,0.000127236080046,0.0037892762482753,descriptive_patient_binomial_exact_95,2198,1.0,0.0010504201680672,0.0009099181073703,False,unconditional_probability_any_automated_error_per_patient_cluster,automated_decisions_observed
"Previous model, patient analysis",subcode,INJLA,2-lead,1904,0.000127236080046,0.0037892762482753,descriptive_patient_binomial_exact_95,2198,1.0,0.0010504201680672,0.0009099181073703,False,unconditional_probability_any_automated_error_per_patient_cluster,automated_decisions_observed
"Previous model, patient analysis",subcode,IPLMI,12-lead,1904,0.0008532041424262,0.006117600312174,descriptive_patient_binomial_exact_95,2198,1.0,0.002626050420168,0.0022747952684258,False,unconditional_probability_any_automated_error_per_patient_cluster,automated_decisions_observed
"Previous model, patient analysis",subcode,IPLMI,2-lead,1904,0.0008532041424262,0.006117600312174,descriptive_patient_binomial_exact_95,2198,1.0,0.002626050420168,0.0022747952684258,False,unconditional_probability_any_automated_error_per_patient_cluster,automated_decisions_observed
"Previous model, patient analysis",subcode,IPMI,12-lead,1904,0.0003250507794337,0.0045976910079352,descriptive_patient_binomial_exact_95,2198,1.0,0.0015756302521008,0.0013648771610555,False,unconditional_probability_any_automated_error_per_patient_cluster,automated_decisions_observed
"Previous model, patient analysis",subcode,IPMI,2-lead,1904,0.0003250507794337,0.0045976910079352,descriptive_patient_binomial_exact_95,2198,1.0,0.0015756302521008,0.0013648771610555,False,unconditional_probability_any_automated_error_per_patient_cluster,automated_decisions_observed
"Previous model, patient analysis",subcode,IRBBB,12-lead,1904,0.0106553026376106,0.0224172217318047,descriptive_patient_binomial_exact_95,2198,0.8348498635122839,0.0157563025210084,0.0168937329700272,False,unconditional_probability_any_automated_error_per_patient_cluster,automated_decisions_observed
"Previous model, patient analysis",subcode,IRBBB,2-lead,1904,0.0115234592057688,0.0236438534517825,descriptive_patient_binomial_exact_95,2198,0.5718835304822566,0.0168067226890756,0.0270485282418456,False,unconditional_probability_any_automated_error_per_patient_cluster,automated_decisions_observed
"Previous model, patient analysis",subcode,ISCAL,12-lead,1904,0.0150500959039962,0.0284985145393578,descriptive_patient_binomial_exact_95,2198,0.951774340309372,0.0210084033613445,0.0191204588910133,False,unconditional_probability_any_automated_error_per_patient_cluster,automated_decisions_observed
"Previous model, patient analysis",subcode,ISCAL,2-lead,1904,0.0154961398732107,0.0291003201506984,descriptive_patient_binomial_exact_95,2198,0.9472247497725204,0.0215336134453781,0.0196926032660903,False,unconditional_probability_any_automated_error_per_patient_cluster,automated_decisions_observed
"Previous model, patient analysis",subcode,ISCAN,12-lead,1904,0.0005726956596025,0.0053701745948348,descriptive_patient_binomial_exact_95,2198,1.0,0.0021008403361344,0.0018198362147406,False,unconditional_probability_any_automated_error_per_patient_cluster,automated_decisions_observed
"Previous model, patient analysis",subcode,ISCAN,2-lead,1904,0.0005726956596025,0.0053701745948348,descriptive_patient_binomial_exact_95,2198,1.0,0.0021008403361344,0.0018198362147406,False,unconditional_probability_any_automated_error_per_patient_cluster,automated_decisions_observed
"Previous model, patient analysis",subcode,ISCAS,12-lead,1904,0.0048106557242481,0.0136107490454751,descriptive_patient_binomial_exact_95,2198,1.0,0.0084033613445378,0.0077343039126478,False,unconditional_probability_any_automated_error_per_patient_cluster,automated_decisions_observed
"Previous model, patient analysis",subcode,ISCAS,2-lead,1904,0.0048106557242481,0.0136107490454751,descriptive_patient_binomial_exact_95,2198,1.0,0.0084033613445378,0.0077343039126478,False,unconditional_probability_any_automated_error_per_patient_cluster,automated_decisions_observed
"Previous model, patient analysis",subcode,ISCIL,12-lead,1904,0.0056122602438004,0.0149000418436225,descriptive_patient_binomial_exact_95,2198,1.0,0.009453781512605,0.008189262966333,False,unconditional_probability_any_automated_error_per_patient_cluster,automated_decisions_observed
"Previous model, patient analysis",subcode,ISCIL,2-lead,1904,0.0056122602438004,0.0149000418436225,descriptive_patient_binomial_exact_95,2198,1.0,0.009453781512605,0.008189262966333,False,unconditional_probability_any_automated_error_per_patient_cluster,automated_decisions_observed
"Previous model, patient analysis",subcode,ISCIN,12-lead,1904,0.007254994549717,0.017441847713472,descriptive_patient_binomial_exact_95,2198,1.0,0.0115546218487394,0.0100090991810737,False,unconditional_probability_any_automated_error_per_patient_cluster,automated_decisions_observed
"Previous model, patient analysis",subcode,ISCIN,2-lead,1904,0.007254994549717,0.017441847713472,descriptive_patient_binomial_exact_95,2198,1.0,0.0115546218487394,0.0100090991810737,False,unconditional_probability_any_automated_error_per_patient_cluster,automated_decisions_observed
"Previous model, patient analysis",subcode,ISCLA,12-lead,1904,0.0036403402349144,0.011647327832048,descriptive_patient_binomial_exact_95,2198,1.0,0.0068277310924369,0.0059144676979071,False,unconditional_probability_any_automated_error_per_patient_cluster,automated_decisions_observed
"Previous model, patient analysis",subcode,ISCLA,2-lead,1904,0.0036403402349144,0.011647327832048,descriptive_patient_binomial_exact_95,2198,1.0,0.0068277310924369,0.0059144676979071,False,unconditional_probability_any_automated_error_per_patient_cluster,automated_decisions_observed
"Previous model, patient analysis",subcode,ISC_,12-lead,1904,0.0141612129276539,0.0272918072125024,descriptive_patient_binomial_exact_95,2198,0.9399454049135578,0.0199579831932773,0.0193610842207163,False,unconditional_probability_any_automated_error_per_patient_cluster,automated_decisions_observed
"Previous model, patient analysis",subcode,ISC_,2-lead,1904,0.0106553026376106,0.0224172217318047,descriptive_patient_binomial_exact_95,2198,0.8635122838944495,0.0157563025210084,0.0158061116965226,False,unconditional_probability_any_automated_error_per_patient_cluster,automated_decisions_observed
"Previous model, patient analysis",subcode,IVCD,12-lead,1904,0.0163912442557737,0.0303010133868069,descriptive_patient_binomial_exact_95,2198,0.7848043676069154,0.0225840336134453,0.0255072463768115,False,unconditional_probability_any_automated_error_per_patient_cluster,automated_decisions_observed
"Previous model, patient analysis",subcode,IVCD,2-lead,1904,0.0097936078921102,0.0211844150705441,descriptive_patient_binomial_exact_95,2198,0.6383075523202911,0.0147058823529411,0.0206699928724162,False,unconditional_probability_any_automated_error_per_patient_cluster,automated_decisions_observed
"Previous model, patient analysis",subcode,LAFB,12-lead,1904,0.0128365435694092,0.0254734004611979,descriptive_patient_binomial_exact_95,2198,0.8553230209281165,0.0183823529411764,0.0191489361702127,False,unconditional_probability_any_automated_error_per_patient_cluster,automated_decisions_observed
"Previous model, patient analysis",subcode,LAFB,2-lead,1904,0.0115234592057688,0.0236438534517825,descriptive_patient_binomial_exact_95,2198,0.7870791628753412,0.0168067226890756,0.0196531791907514,False,unconditional_probability_any_automated_error_per_patient_cluster,automated_decisions_observed
"Previous model, patient analysis",subcode,LAO/LAE,12-lead,1904,0.0123974877481214,0.024864858379905,descriptive_patient_binomial_exact_95,2198,0.9854413102820746,0.0178571428571428,0.015697137580794,False,unconditional_probability_any_automated_error_per_patient_cluster,automated_decisions_observed
"Previous model, patient analysis",subcode,LAO/LAE,2-lead,1904,0.0137184567547216,0.0266868273944456,descriptive_patient_binomial_exact_95,2198,0.9818016378525932,0.0194327731092436,0.0171455050973123,False,unconditional_probability_any_automated_error_per_patient_cluster,automated_decisions_observed
"Previous model, patient analysis",subcode,LMI,12-lead,1904,0.0060183949778209,0.0155397424820632,descriptive_patient_binomial_exact_95,2198,1.0,0.0099789915966386,0.0090991810737033,False,unconditional_probability_any_automated_error_per_patient_cluster,automated_decisions_observed
"Previous model, patient analysis",subcode,LMI,2-lead,1904,0.0060183949778209,0.0155397424820632,descriptive_patient_binomial_exact_95,2198,1.0,0.0099789915966386,0.0090991810737033,False,unconditional_probability_any_automated_error_per_patient_cluster,automated_decisions_observed
"Previous model, patient analysis",subcode,LNGQT,12-lead,1904,0.0025213732732201,0.0096375242340095,descriptive_patient_binomial_exact_95,2198,1.0,0.0052521008403361,0.0050045495905368,False,unconditional_probability_any_automated_error_per_patient_cluster,automated_decisions_observed
"Previous model, patient analysis",subcode,LNGQT,2-lead,1904,0.0025213732732201,0.0096375242340095,descriptive_patient_binomial_exact_95,2198,1.0,0.0052521008403361,0.0050045495905368,False,unconditional_probability_any_automated_error_per_patient_cluster,automated_decisions_observed
"Previous model, patient analysis",subcode,LPFB,12-lead,1904,0.0048106557242481,0.0136107490454751,descriptive_patient_binomial_exact_95,2198,1.0,0.0084033613445378,0.008189262966333,False,unconditional_probability_any_automated_error_per_patient_cluster,automated_decisions_observed
"Previous model, patient analysis",subcode,LPFB,2-lead,1904,0.0048106557242481,0.0136107490454751,descriptive_patient_binomial_exact_95,2198,1.0,0.0084033613445378,0.008189262966333,False,unconditional_probability_any_automated_error_per_patient_cluster,automated_decisions_observed
"Previous model, patient analysis",subcode,LVH,12-lead,1904,0.0146051068918938,0.027895689502885,descriptive_patient_binomial_exact_95,2198,0.8430391264786169,0.0204831932773109,0.0215866162978953,False,unconditional_probability_any_automated_error_per_patient_cluster,automated_decisions_observed
"Previous model, patient analysis",subcode,LVH,2-lead,1904,0.0119597727867984,0.0242550282250256,descriptive_patient_binomial_exact_95,2198,0.6524112829845314,0.0173319327731092,0.0230125523012552,False,unconditional_probability_any_automated_error_per_patient_cluster,automated_decisions_observed
"Previous model, patient analysis",subcode,NDT,12-lead,1904,0.015943201136198,0.0297011419240141,descriptive_patient_binomial_exact_95,2198,0.7966333030027297,0.0220588235294117,0.0245573957738435,False,unconditional_probability_any_automated_error_per_patient_cluster,automated_decisions_observed
"Previous model, patient analysis",subcode,NDT,2-lead,1904,0.0186450819799944,0.0332871646266348,descriptive_patient_binomial_exact_95,2198,0.7138307552320291,0.0252100840336134,0.0312300828553218,False,unconditional_probability_any_automated_error_per_patient_cluster,automated_decisions_observed
"Previous model, patient analysis",subcode,NORM,12-lead,1904,0.0163912442557737,0.0303010133868069,descriptive_patient_binomial_exact_95,2198,0.2515923566878981,0.0225840336134453,0.077757685352622,False,unconditional_probability_any_automated_error_per_patient_cluster,automated_decisions_observed
"Previous model, patient analysis",subcode,NORM,2-lead,1904,0.0128365435694092,0.0254734004611979,descriptive_patient_binomial_exact_95,2198,0.1806187443130118,0.0183823529411764,0.08816120906801,False,unconditional_probability_any_automated_error_per_patient_cluster,automated_decisions_observed
"Previous model, patient analysis",subcode,NST_,12-lead,1904,0.0146051068918938,0.027895689502885,descriptive_patient_binomial_exact_95,2198,0.8553230209281165,0.0204831932773109,0.0207446808510638,False,unconditional_probability_any_automated_error_per_patient_cluster,automated_decisions_observed
"Previous model, patient analysis",subcode,NST_,2-lead,1904,0.0115234592057688,0.0236438534517825,descriptive_patient_binomial_exact_95,2198,0.8421292083712466,0.0168067226890756,0.0172879524581307,False,unconditional_probability_any_automated_error_per_patient_cluster,automated_decisions_observed
"Previous model, patient analysis",subcode,PMI,12-lead,1904,0.000127236080046,0.0037892762482753,descriptive_patient_binomial_exact_95,2198,1.0,0.0010504201680672,0.0009099181073703,False,unconditional_probability_any_automated_error_per_patient_cluster,automated_decisions_observed
"Previous model, patient analysis",subcode,PMI,2-lead,1904,0.000127236080046,0.0037892762482753,descriptive_patient_binomial_exact_95,2198,1.0,0.0010504201680672,0.0009099181073703,False,unconditional_probability_any_automated_error_per_patient_cluster,automated_decisions_observed
"Previous model, patient analysis",subcode,RAO/RAE,12-lead,1904,0.0025213732732201,0.0096375242340095,descriptive_patient_binomial_exact_95,2198,1.0,0.0052521008403361,0.0045495905368516,False,unconditional_probability_any_automated_error_per_patient_cluster,automated_decisions_observed
"Previous model, patient analysis",subcode,RAO/RAE,2-lead,1904,0.0025213732732201,0.0096375242340095,descriptive_patient_binomial_exact_95,2198,1.0,0.0052521008403361,0.0045495905368516,False,unconditional_probability_any_automated_error_per_patient_cluster,automated_decisions_observed
"Previous model, patient analysis",subcode,RVH,12-lead,1904,0.0036403402349144,0.011647327832048,descriptive_patient_binomial_exact_95,2198,1.0,0.0068277310924369,0.0059144676979071,False,unconditional_probability_any_automated_error_per_patient_cluster,automated_decisions_observed
"Previous model, patient analysis",subcode,RVH,2-lead,1904,0.0032607192800543,0.0109833299871097,descriptive_patient_binomial_exact_95,2198,1.0,0.0063025210084033,0.005459508644222,False,unconditional_probability_any_automated_error_per_patient_cluster,automated_decisions_observed
"Previous model, patient analysis",subcode,SEHYP,12-lead,1904,0.000127236080046,0.0037892762482753,descriptive_patient_binomial_exact_95,2198,1.0,0.0010504201680672,0.0009099181073703,False,unconditional_probability_any_automated_error_per_patient_cluster,automated_decisions_observed
"Previous model, patient analysis",subcode,SEHYP,2-lead,1904,0.000127236080046,0.0037892762482753,descriptive_patient_binomial_exact_95,2198,1.0,0.0010504201680672,0.0009099181073703,False,unconditional_probability_any_automated_error_per_patient_cluster,automated_decisions_observed
"Previous model, patient analysis",subcode,WPW,12-lead,1904,0.0018156796479323,0.0082621146754455,descriptive_patient_binomial_exact_95,2198,1.0,0.0042016806722689,0.0036396724294813,False,unconditional_probability_any_automated_error_per_patient_cluster,automated_decisions_observed
"Previous model, patient analysis",subcode,WPW,2-lead,1904,0.0018156796479323,0.0082621146754455,descriptive_patient_binomial_exact_95,2198,1.0,0.0042016806722689,0.0036396724294813,False,unconditional_probability_any_automated_error_per_patient_cluster,automated_decisions_observed
"Previous model, patient analysis",rhythm,AFIB,12-lead,1904,0.0172901443833582,0.0314980301572909,descriptive_patient_binomial_exact_95,2198,0.948589626933576,0.0236344537815126,0.0230215827338129,False,unconditional_probability_any_automated_error_per_patient_cluster,automated_decisions_observed
"Previous model, patient analysis",rhythm,AFIB,2-lead,1904,0.0137184567547216,0.0266868273944456,descriptive_patient_binomial_exact_95,2198,0.9090081892629664,0.0194327731092436,0.0195195195195195,False,unconditional_probability_any_automated_error_per_patient_cluster,automated_decisions_observed
"Previous model, patient analysis",rhythm,AFLT,12-lead,1904,0.0014793702784267,0.0075601760583629,descriptive_patient_binomial_exact_95,2198,1.0,0.0036764705882352,0.0036396724294813,False,unconditional_probability_any_automated_error_per_patient_cluster,automated_decisions_observed
"Previous model, patient analysis",rhythm,AFLT,2-lead,1904,0.0008532041424262,0.006117600312174,descriptive_patient_binomial_exact_95,2198,1.0,0.002626050420168,0.0022747952684258,False,unconditional_probability_any_automated_error_per_patient_cluster,automated_decisions_observed
"Previous model, patient analysis",rhythm,BIGU,12-lead,1904,0.0021636446030513,0.0089540664399013,descriptive_patient_binomial_exact_95,2198,1.0,0.0047268907563025,0.0040946314831665,False,unconditional_probability_any_automated_error_per_patient_cluster,automated_decisions_observed
"Previous model, patient analysis",rhythm,BIGU,2-lead,1904,0.0018156796479323,0.0082621146754455,descriptive_patient_binomial_exact_95,2198,1.0,0.0042016806722689,0.0036396724294813,False,unconditional_probability_any_automated_error_per_patient_cluster,automated_decisions_observed
"Previous model, patient analysis",rhythm,PACE,12-lead,1904,0.0048106557242481,0.0136107490454751,descriptive_patient_binomial_exact_95,2198,1.0,0.0084033613445378,0.0077343039126478,False,unconditional_probability_any_automated_error_per_patient_cluster,automated_decisions_observed
"Previous model, patient analysis",rhythm,PACE,2-lead,1904,0.0064277141518054,0.0161764745158603,descriptive_patient_binomial_exact_95,2198,1.0,0.0105042016806722,0.0095541401273885,False,unconditional_probability_any_automated_error_per_patient_cluster,automated_decisions_observed
"Previous model, patient analysis",rhythm,PSVT,12-lead,1904,0.0005726956596025,0.0053701745948348,descriptive_patient_binomial_exact_95,2198,1.0,0.0021008403361344,0.0018198362147406,False,unconditional_probability_any_automated_error_per_patient_cluster,automated_decisions_observed
"Previous model, patient analysis",rhythm,PSVT,2-lead,1904,0.0003250507794337,0.0045976910079352,descriptive_patient_binomial_exact_95,2198,1.0,0.0015756302521008,0.0013648771610555,False,unconditional_probability_any_automated_error_per_patient_cluster,automated_decisions_observed
"Previous model, patient analysis",rhythm,SARRH,12-lead,1904,0.0137184567547216,0.0266868273944456,descriptive_patient_binomial_exact_95,2198,0.7233848953594176,0.0194327731092436,0.0232704402515723,False,unconditional_probability_any_automated_error_per_patient_cluster,automated_decisions_observed
"Previous model, patient analysis",rhythm,SARRH,2-lead,1904,0.0150500959039962,0.0284985145393578,descriptive_patient_binomial_exact_95,2198,0.7202001819836215,0.0210084033613445,0.0252684775742261,False,unconditional_probability_any_automated_error_per_patient_cluster,automated_decisions_observed
"Previous model, patient analysis",rhythm,SBRAD,12-lead,1904,0.0181925948720326,0.032691603309056,descriptive_patient_binomial_exact_95,2198,0.9804367606915376,0.0246848739495798,0.0218097447795823,False,unconditional_probability_any_automated_error_per_patient_cluster,automated_decisions_observed
"Previous model, patient analysis",rhythm,SBRAD,2-lead,1904,0.0137184567547216,0.0266868273944456,descriptive_patient_binomial_exact_95,2198,0.9249317561419472,0.0194327731092436,0.0181997048696507,False,unconditional_probability_any_automated_error_per_patient_cluster,automated_decisions_observed
"Previous model, patient analysis",rhythm,SR,12-lead,1904,0.0200072907687208,0.0350692333430405,descriptive_patient_binomial_exact_95,2198,0.3830755232029117,0.0267857142857142,0.0605700712589073,False,unconditional_probability_any_automated_error_per_patient_cluster,automated_decisions_observed
"Previous model, patient analysis",rhythm,SR,2-lead,1904,0.0236709542499514,0.0397911147639681,descriptive_patient_binomial_exact_95,2198,0.3871701546860782,0.0309873949579831,0.0693301997649823,False,unconditional_probability_any_automated_error_per_patient_cluster,automated_decisions_observed
"Previous model, patient analysis",rhythm,STACH,12-lead,1904,0.0141612129276539,0.0272918072125024,descriptive_patient_binomial_exact_95,2198,0.9849863512283894,0.0199579831932773,0.0184757505773672,False,unconditional_probability_any_automated_error_per_patient_cluster,automated_decisions_observed
"Previous model, patient analysis",rhythm,STACH,2-lead,1904,0.0119597727867984,0.0242550282250256,descriptive_patient_binomial_exact_95,2198,0.9636032757051866,0.0173319327731092,0.0165250236071765,False,unconditional_probability_any_automated_error_per_patient_cluster,automated_decisions_observed
"Previous model, patient analysis",rhythm,SVARR,12-lead,1904,0.0040255811296902,0.0123062402815823,descriptive_patient_binomial_exact_95,2198,1.0,0.0073529411764705,0.0063694267515923,False,unconditional_probability_any_automated_error_per_patient_cluster,automated_decisions_observed
"Previous model, patient analysis",rhythm,SVARR,2-lead,1904,0.0040255811296902,0.0123062402815823,descriptive_patient_binomial_exact_95,2198,1.0,0.0073529411764705,0.0063694267515923,False,unconditional_probability_any_automated_error_per_patient_cluster,automated_decisions_observed
"Previous model, patient analysis",rhythm,SVTAC,12-lead,1904,0.001157307935588,0.0068462585642394,descriptive_patient_binomial_exact_95,2198,1.0,0.0031512605042016,0.002729754322111,False,unconditional_probability_any_automated_error_per_patient_cluster,automated_decisions_observed
"Previous model, patient analysis",rhythm,SVTAC,2-lead,1904,0.001157307935588,0.0068462585642394,descriptive_patient_binomial_exact_95,2198,1.0,0.0031512605042016,0.002729754322111,False,unconditional_probability_any_automated_error_per_patient_cluster,automated_decisions_observed
"Previous model, patient analysis",rhythm,TRIGU,12-lead,1904,0.000127236080046,0.0037892762482753,descriptive_patient_binomial_exact_95,2198,1.0,0.0010504201680672,0.0009099181073703,False,unconditional_probability_any_automated_error_per_patient_cluster,automated_decisions_observed
"Previous model, patient analysis",rhythm,TRIGU,2-lead,1904,0.000127236080046,0.0037892762482753,descriptive_patient_binomial_exact_95,2198,1.0,0.0010504201680672,0.0009099181073703,False,unconditional_probability_any_automated_error_per_patient_cluster,automated_decisions_observed
"Previous model, patient analysis",rhythm,AFIB-or-AFLT,12-lead,1904,0.0163912442557737,0.0303010133868069,descriptive_patient_binomial_exact_95,2198,0.9472247497725204,0.0225840336134453,0.0220941402497598,False,unconditional_probability_any_automated_error_per_patient_cluster,automated_decisions_observed
"Previous model, patient analysis",rhythm,AFIB-or-AFLT,2-lead,1904,0.0150500959039962,0.0284985145393578,descriptive_patient_binomial_exact_95,2198,0.9099181073703366,0.0210084033613445,0.021,False,unconditional_probability_any_automated_error_per_patient_cluster,automated_decisions_observed
Fixed I+II,superclass,NORM,12-lead,1904,0.015943201136198,0.0297011419240141,descriptive_patient_binomial_exact_95,2198,0.2302092811646952,0.0220588235294117,0.0830039525691699,True,unconditional_probability_any_automated_error_per_patient_cluster,automated_decisions_observed
Fixed I+II,superclass,NORM,2-lead,1904,0.0119597727867984,0.0242550282250256,descriptive_patient_binomial_exact_95,2198,0.1728844404003639,0.0173319327731092,0.0868421052631579,True,unconditional_probability_any_automated_error_per_patient_cluster,automated_decisions_observed
Fixed I+II,superclass,MI,12-lead,1904,0.0177409401147366,0.0320952336134982,descriptive_patient_binomial_exact_95,2198,0.4977252047315741,0.0241596638655462,0.0429616087751371,True,unconditional_probability_any_automated_error_per_patient_cluster,automated_decisions_observed
Fixed I+II,superclass,MI,2-lead,1904,0.0190983761429021,0.0338819416604357,descriptive_patient_binomial_exact_95,2198,0.4203821656050955,0.025735294117647,0.0551948051948051,True,unconditional_probability_any_automated_error_per_patient_cluster,automated_decisions_observed
Fixed I+II,superclass,STTC,12-lead,1904,0.015943201136198,0.0297011419240141,descriptive_patient_binomial_exact_95,2198,0.5614194722474978,0.0220588235294117,0.0340356564019448,True,unconditional_probability_any_automated_error_per_patient_cluster,automated_decisions_observed
Fixed I+II,superclass,STTC,2-lead,1904,0.0128365435694092,0.0254734004611979,descriptive_patient_binomial_exact_95,2198,0.5241128298453139,0.0183823529411764,0.0303819444444444,True,unconditional_probability_any_automated_error_per_patient_cluster,automated_decisions_observed
Fixed I+II,superclass,CD,12-lead,1904,0.0128365435694092,0.0254734004611979,descriptive_patient_binomial_exact_95,2198,0.4531392174704277,0.0183823529411764,0.0351405622489959,True,unconditional_probability_any_automated_error_per_patient_cluster,automated_decisions_observed
Fixed I+II,superclass,CD,2-lead,1904,0.0195524533465,0.034475957306158,descriptive_patient_binomial_exact_95,2198,0.4035486806187443,0.0262605042016806,0.0586245772266065,True,unconditional_probability_any_automated_error_per_patient_cluster,automated_decisions_observed
Fixed I+II,superclass,HYP,12-lead,1904,0.0097936078921102,0.0211844150705441,descriptive_patient_binomial_exact_95,2198,0.5686988171064604,0.0147058823529411,0.0224,True,unconditional_probability_any_automated_error_per_patient_cluster,automated_decisions_observed
Fixed I+II,superclass,HYP,2-lead,1904,0.0128365435694092,0.0254734004611979,descriptive_patient_binomial_exact_95,2198,0.5181983621474068,0.0183823529411764,0.0307287093942054,True,unconditional_probability_any_automated_error_per_patient_cluster,automated_decisions_observed
Fixed I+II,subcode,1AVB,12-lead,1904,0.0097936078921102,0.0211844150705441,descriptive_patient_binomial_exact_95,2198,0.8020928116469518,0.0147058823529411,0.0175836642087351,True,unconditional_probability_any_automated_error_per_patient_cluster,automated_decisions_observed
Fixed I+II,subcode,1AVB,2-lead,1904,0.0102236067752161,0.0218016280442997,descriptive_patient_binomial_exact_95,2198,0.8039126478616925,0.0152310924369747,0.0181097906055461,True,unconditional_probability_any_automated_error_per_patient_cluster,automated_decisions_observed
Fixed I+II,subcode,2AVB,12-lead,1904,1.3297079652028435e-05,0.0029227725998681,descriptive_patient_binomial_exact_95,2198,1.0,0.0005252100840336,0.0004549590536851,True,unconditional_probability_any_automated_error_per_patient_cluster,automated_decisions_observed
Fixed I+II,subcode,2AVB,2-lead,1904,1.3297079652028435e-05,0.0029227725998681,descriptive_patient_binomial_exact_95,2198,1.0,0.0005252100840336,0.0004549590536851,True,unconditional_probability_any_automated_error_per_patient_cluster,automated_decisions_observed
Fixed I+II,subcode,3AVB,12-lead,1904,0.000127236080046,0.0037892762482753,descriptive_patient_binomial_exact_95,2198,1.0,0.0010504201680672,0.0009099181073703,True,unconditional_probability_any_automated_error_per_patient_cluster,automated_decisions_observed
Fixed I+II,subcode,3AVB,2-lead,1904,0.000127236080046,0.0037892762482753,descriptive_patient_binomial_exact_95,2198,1.0,0.0010504201680672,0.0009099181073703,True,unconditional_probability_any_automated_error_per_patient_cluster,automated_decisions_observed
Fixed I+II,subcode,ALMI,12-lead,1904,0.0068399830295215,0.0168104476243806,descriptive_patient_binomial_exact_95,2198,1.0,0.0110294117647058,0.0122838944494995,True,unconditional_probability_any_automated_error_per_patient_cluster,automated_decisions_observed
Fixed I+II,subcode,ALMI,2-lead,1904,0.0068399830295215,0.0168104476243806,descriptive_patient_binomial_exact_95,2198,1.0,0.0110294117647058,0.0122838944494995,True,unconditional_probability_any_automated_error_per_patient_cluster,automated_decisions_observed
Fixed I+II,subcode,AMI,12-lead,1904,0.0123974877481214,0.024864858379905,descriptive_patient_binomial_exact_95,2198,1.0,0.0178571428571428,0.0159235668789808,True,unconditional_probability_any_automated_error_per_patient_cluster,automated_decisions_observed
Fixed I+II,subcode,AMI,2-lead,1904,0.0123974877481214,0.024864858379905,descriptive_patient_binomial_exact_95,2198,1.0,0.0178571428571428,0.0159235668789808,True,unconditional_probability_any_automated_error_per_patient_cluster,automated_decisions_observed
Fixed I+II,subcode,ANEUR,12-lead,1904,0.0021636446030513,0.0089540664399013,descriptive_patient_binomial_exact_95,2198,1.0,0.0047268907563025,0.0045495905368516,True,unconditional_probability_any_automated_error_per_patient_cluster,automated_decisions_observed
Fixed I+II,subcode,ANEUR,2-lead,1904,0.0021636446030513,0.0089540664399013,descriptive_patient_binomial_exact_95,2198,1.0,0.0047268907563025,0.0045495905368516,True,unconditional_probability_any_automated_error_per_patient_cluster,automated_decisions_observed
Fixed I+II,subcode,ASMI,12-lead,1904,0.0168402358406205,0.0308999661704421,descriptive_patient_binomial_exact_95,2198,0.762056414922657,0.0231092436974789,0.0274626865671641,True,unconditional_probability_any_automated_error_per_patient_cluster,automated_decisions_observed
Fixed I+II,subcode,ASMI,2-lead,1904,0.0172901443833582,0.0314980301572909,descriptive_patient_binomial_exact_95,2198,0.6360327570518653,0.0236344537815126,0.0329041487839771,True,unconditional_probability_any_automated_error_per_patient_cluster,automated_decisions_observed
Fixed I+II,subcode,CLBBB,12-lead,1904,0.0132768840221513,0.0260807071022825,descriptive_patient_binomial_exact_95,2198,0.9981801637852592,0.01890756302521,0.0177757520510483,True,unconditional_probability_any_automated_error_per_patient_cluster,automated_decisions_observed
Fixed I+II,subcode,CLBBB,2-lead,1904,0.0093653966765593,0.0205654990261102,descriptive_patient_binomial_exact_95,2198,1.0,0.0141806722689075,0.0141037306642402,True,unconditional_probability_any_automated_error_per_patient_cluster,automated_decisions_observed
Fixed I+II,subcode,CRBBB,12-lead,1904,0.0137184567547216,0.0266868273944456,descriptive_patient_binomial_exact_95,2198,0.9927206551410374,0.0194327731092436,0.0183318056828597,True,unconditional_probability_any_automated_error_per_patient_cluster,automated_decisions_observed
Fixed I+II,subcode,CRBBB,2-lead,1904,0.0137184567547216,0.0266868273944456,descriptive_patient_binomial_exact_95,2198,0.9940855323020928,0.0194327731092436,0.0192219679633867,True,unconditional_probability_any_automated_error_per_patient_cluster,automated_decisions_observed
Fixed I+II,subcode,DIG,12-lead,1904,0.0052095778334738,0.0142571346532743,descriptive_patient_binomial_exact_95,2198,1.0,0.0089285714285714,0.008189262966333,True,unconditional_probability_any_automated_error_per_patient_cluster,automated_decisions_observed
Fixed I+II,subcode,DIG,2-lead,1904,0.0052095778334738,0.0142571346532743,descriptive_patient_binomial_exact_95,2198,1.0,0.0089285714285714,0.008189262966333,True,unconditional_probability_any_automated_error_per_patient_cluster,automated_decisions_observed
Fixed I+II,subcode,EL,12-lead,1904,0.0021636446030513,0.0089540664399013,descriptive_patient_binomial_exact_95,2198,1.0,0.0047268907563025,0.0040946314831665,True,unconditional_probability_any_automated_error_per_patient_cluster,automated_decisions_observed
Fixed I+II,subcode,EL,2-lead,1904,0.0021636446030513,0.0089540664399013,descriptive_patient_binomial_exact_95,2198,1.0,0.0047268907563025,0.0040946314831665,True,unconditional_probability_any_automated_error_per_patient_cluster,automated_decisions_observed
Fixed I+II,subcode,ILBBB,12-lead,1904,0.0018156796479323,0.0082621146754455,descriptive_patient_binomial_exact_95,2198,1.0,0.0042016806722689,0.0036396724294813,True,unconditional_probability_any_automated_error_per_patient_cluster,automated_decisions_observed
Fixed I+II,subcode,ILBBB,2-lead,1904,0.0018156796479323,0.0082621146754455,descriptive_patient_binomial_exact_95,2198,1.0,0.0042016806722689,0.0036396724294813,True,unconditional_probability_any_automated_error_per_patient_cluster,automated_decisions_observed
Fixed I+II,subcode,ILMI,12-lead,1904,0.0132768840221513,0.0260807071022825,descriptive_patient_binomial_exact_95,2198,0.9886260236578708,0.01890756302521,0.0174873446847676,True,unconditional_probability_any_automated_error_per_patient_cluster,automated_decisions_observed
Fixed I+II,subcode,ILMI,2-lead,1904,0.0119597727867984,0.0242550282250256,descriptive_patient_binomial_exact_95,2198,0.9745222929936306,0.0173319327731092,0.0172735760971055,True,unconditional_probability_any_automated_error_per_patient_cluster,automated_decisions_observed
Fixed I+II,subcode,IMI,12-lead,1904,0.0128365435694092,0.0254734004611979,descriptive_patient_binomial_exact_95,2198,0.5896269335759782,0.0183823529411764,0.0285493827160493,True,unconditional_probability_any_automated_error_per_patient_cluster,automated_decisions_observed
Fixed I+II,subcode,IMI,2-lead,1904,0.0128365435694092,0.0254734004611979,descriptive_patient_binomial_exact_95,2198,0.5423111919927207,0.0183823529411764,0.0310402684563758,True,unconditional_probability_any_automated_error_per_patient_cluster,automated_decisions_observed
Fixed I+II,subcode,INJAL,12-lead,1904,0.0036403402349144,0.011647327832048,descriptive_patient_binomial_exact_95,2198,1.0,0.0068277310924369,0.0063694267515923,True,unconditional_probability_any_automated_error_per_patient_cluster,automated_decisions_observed
Fixed I+II,subcode,INJAL,2-lead,1904,0.0036403402349144,0.011647327832048,descriptive_patient_binomial_exact_95,2198,1.0,0.0068277310924369,0.0063694267515923,True,unconditional_probability_any_automated_error_per_patient_cluster,automated_decisions_observed
Fixed I+II,subcode,INJAS,12-lead,1904,0.0068399830295215,0.0168104476243806,descriptive_patient_binomial_exact_95,2198,1.0,0.0110294117647058,0.0100090991810737,True,unconditional_probability_any_automated_error_per_patient_cluster,automated_decisions_observed
Fixed I+II,subcode,INJAS,2-lead,1904,0.0068399830295215,0.0168104476243806,descriptive_patient_binomial_exact_95,2198,1.0,0.0110294117647058,0.0100090991810737,True,unconditional_probability_any_automated_error_per_patient_cluster,automated_decisions_observed
Fixed I+II,subcode,INJIL,12-lead,1904,0.000127236080046,0.0037892762482753,descriptive_patient_binomial_exact_95,2198,1.0,0.0010504201680672,0.0009099181073703,True,unconditional_probability_any_automated_error_per_patient_cluster,automated_decisions_observed
Fixed I+II,subcode,INJIL,2-lead,1904,0.000127236080046,0.0037892762482753,descriptive_patient_binomial_exact_95,2198,1.0,0.0010504201680672,0.0009099181073703,True,unconditional_probability_any_automated_error_per_patient_cluster,automated_decisions_observed
Fixed I+II,subcode,INJIN,12-lead,1904,1.3297079652028435e-05,0.0029227725998681,descriptive_patient_binomial_exact_95,2198,1.0,0.0005252100840336,0.0009099181073703,True,unconditional_probability_any_automated_error_per_patient_cluster,automated_decisions_observed
Fixed I+II,subcode,INJIN,2-lead,1904,1.3297079652028435e-05,0.0029227725998681,descriptive_patient_binomial_exact_95,2198,1.0,0.0005252100840336,0.0009099181073703,True,unconditional_probability_any_automated_error_per_patient_cluster,automated_decisions_observed
Fixed I+II,subcode,INJLA,12-lead,1904,0.000127236080046,0.0037892762482753,descriptive_patient_binomial_exact_95,2198,1.0,0.0010504201680672,0.0009099181073703,True,unconditional_probability_any_automated_error_per_patient_cluster,automated_decisions_observed
Fixed I+II,subcode,INJLA,2-lead,1904,0.000127236080046,0.0037892762482753,descriptive_patient_binomial_exact_95,2198,1.0,0.0010504201680672,0.0009099181073703,True,unconditional_probability_any_automated_error_per_patient_cluster,automated_decisions_observed
Fixed I+II,subcode,IPLMI,12-lead,1904,0.0008532041424262,0.006117600312174,descriptive_patient_binomial_exact_95,2198,1.0,0.002626050420168,0.0022747952684258,True,unconditional_probability_any_automated_error_per_patient_cluster,automated_decisions_observed
Fixed I+II,subcode,IPLMI,2-lead,1904,0.0008532041424262,0.006117600312174,descriptive_patient_binomial_exact_95,2198,1.0,0.002626050420168,0.0022747952684258,True,unconditional_probability_any_automated_error_per_patient_cluster,automated_decisions_observed
Fixed I+II,subcode,IPMI,12-lead,1904,0.0003250507794337,0.0045976910079352,descriptive_patient_binomial_exact_95,2198,1.0,0.0015756302521008,0.0013648771610555,True,unconditional_probability_any_automated_error_per_patient_cluster,automated_decisions_observed
Fixed I+II,subcode,IPMI,2-lead,1904,0.0003250507794337,0.0045976910079352,descriptive_patient_binomial_exact_95,2198,1.0,0.0015756302521008,0.0013648771610555,True,unconditional_probability_any_automated_error_per_patient_cluster,automated_decisions_observed
Fixed I+II,subcode,IRBBB,12-lead,1904,0.0150500959039962,0.0284985145393578,descriptive_patient_binomial_exact_95,2198,0.805277525022748,0.0210084033613445,0.0242937853107344,True,unconditional_probability_any_automated_error_per_patient_cluster,automated_decisions_observed
Fixed I+II,subcode,IRBBB,2-lead,1904,0.0168402358406205,0.0308999661704421,descriptive_patient_binomial_exact_95,2198,0.6874431301182894,0.0231092436974789,0.0317670416942422,True,unconditional_probability_any_automated_error_per_patient_cluster,automated_decisions_observed
Fixed I+II,subcode,ISCAL,12-lead,1904,0.0141612129276539,0.0272918072125024,descriptive_patient_binomial_exact_95,2198,0.9390354868061874,0.0199579831932773,0.0188953488372093,True,unconditional_probability_any_automated_error_per_patient_cluster,automated_decisions_observed
Fixed I+II,subcode,ISCAL,2-lead,1904,0.0168402358406205,0.0308999661704421,descriptive_patient_binomial_exact_95,2198,0.9481346678798908,0.0231092436974789,0.0211132437619961,True,unconditional_probability_any_automated_error_per_patient_cluster,automated_decisions_observed
Fixed I+II,subcode,ISCAN,12-lead,1904,0.0005726956596025,0.0053701745948348,descriptive_patient_binomial_exact_95,2198,1.0,0.0021008403361344,0.0018198362147406,True,unconditional_probability_any_automated_error_per_patient_cluster,automated_decisions_observed
Fixed I+II,subcode,ISCAN,2-lead,1904,0.0005726956596025,0.0053701745948348,descriptive_patient_binomial_exact_95,2198,1.0,0.0021008403361344,0.0018198362147406,True,unconditional_probability_any_automated_error_per_patient_cluster,automated_decisions_observed
Fixed I+II,subcode,ISCAS,12-lead,1904,0.0048106557242481,0.0136107490454751,descriptive_patient_binomial_exact_95,2198,1.0,0.0084033613445378,0.0077343039126478,True,unconditional_probability_any_automated_error_per_patient_cluster,automated_decisions_observed
Fixed I+II,subcode,ISCAS,2-lead,1904,0.0048106557242481,0.0136107490454751,descriptive_patient_binomial_exact_95,2198,1.0,0.0084033613445378,0.0077343039126478,True,unconditional_probability_any_automated_error_per_patient_cluster,automated_decisions_observed
Fixed I+II,subcode,ISCIL,12-lead,1904,0.0056122602438004,0.0149000418436225,descriptive_patient_binomial_exact_95,2198,1.0,0.009453781512605,0.008189262966333,True,unconditional_probability_any_automated_error_per_patient_cluster,automated_decisions_observed
Fixed I+II,subcode,ISCIL,2-lead,1904,0.0056122602438004,0.0149000418436225,descriptive_patient_binomial_exact_95,2198,1.0,0.009453781512605,0.008189262966333,True,unconditional_probability_any_automated_error_per_patient_cluster,automated_decisions_observed
Fixed I+II,subcode,ISCIN,12-lead,1904,0.007254994549717,0.017441847713472,descriptive_patient_binomial_exact_95,2198,1.0,0.0115546218487394,0.0100090991810737,True,unconditional_probability_any_automated_error_per_patient_cluster,automated_decisions_observed
Fixed I+II,subcode,ISCIN,2-lead,1904,0.007254994549717,0.017441847713472,descriptive_patient_binomial_exact_95,2198,1.0,0.0115546218487394,0.0100090991810737,True,unconditional_probability_any_automated_error_per_patient_cluster,automated_decisions_observed
Fixed I+II,subcode,ISCLA,12-lead,1904,0.0036403402349144,0.011647327832048,descriptive_patient_binomial_exact_95,2198,1.0,0.0068277310924369,0.0059144676979071,True,unconditional_probability_any_automated_error_per_patient_cluster,automated_decisions_observed
Fixed I+II,subcode,ISCLA,2-lead,1904,0.0036403402349144,0.011647327832048,descriptive_patient_binomial_exact_95,2198,1.0,0.0068277310924369,0.0059144676979071,True,unconditional_probability_any_automated_error_per_patient_cluster,automated_decisions_observed
Fixed I+II,subcode,ISC_,12-lead,1904,0.0123974877481214,0.024864858379905,descriptive_patient_binomial_exact_95,2198,0.9103730664240218,0.0178571428571428,0.0179910044977511,True,unconditional_probability_any_automated_error_per_patient_cluster,automated_decisions_observed
Fixed I+II,subcode,ISC_,2-lead,1904,0.0110886122910347,0.023031273183615,descriptive_patient_binomial_exact_95,2198,0.8689717925386715,0.016281512605042,0.0162303664921465,True,unconditional_probability_any_automated_error_per_patient_cluster,automated_decisions_observed
Fixed I+II,subcode,IVCD,12-lead,1904,0.0137184567547216,0.0266868273944456,descriptive_patient_binomial_exact_95,2198,0.7074613284804367,0.0194327731092436,0.0237942122186495,True,unconditional_probability_any_automated_error_per_patient_cluster,automated_decisions_observed
Fixed I+II,subcode,IVCD,2-lead,1904,0.015943201136198,0.0297011419240141,descriptive_patient_binomial_exact_95,2198,0.7884440400363967,0.0220588235294117,0.0248124639353721,True,unconditional_probability_any_automated_error_per_patient_cluster,automated_decisions_observed
Fixed I+II,subcode,LAFB,12-lead,1904,0.0146051068918938,0.027895689502885,descriptive_patient_binomial_exact_95,2198,0.8130118289353958,0.0204831932773109,0.0218242865137101,True,unconditional_probability_any_automated_error_per_patient_cluster,automated_decisions_observed
Fixed I+II,subcode,LAFB,2-lead,1904,0.0177409401147366,0.0320952336134982,descriptive_patient_binomial_exact_95,2198,0.8748862602365787,0.0241596638655462,0.0244409776391055,True,unconditional_probability_any_automated_error_per_patient_cluster,automated_decisions_observed
Fixed I+II,subcode,LAO/LAE,12-lead,1904,0.0132768840221513,0.0260807071022825,descriptive_patient_binomial_exact_95,2198,0.9731574158325752,0.01890756302521,0.0168302945301542,True,unconditional_probability_any_automated_error_per_patient_cluster,automated_decisions_observed
Fixed I+II,subcode,LAO/LAE,2-lead,1904,0.0150500959039962,0.0284985145393578,descriptive_patient_binomial_exact_95,2198,0.9881710646041856,0.0210084033613445,0.0184162062615101,True,unconditional_probability_any_automated_error_per_patient_cluster,automated_decisions_observed
Fixed I+II,subcode,LMI,12-lead,1904,0.0060183949778209,0.0155397424820632,descriptive_patient_binomial_exact_95,2198,1.0,0.0099789915966386,0.0090991810737033,True,unconditional_probability_any_automated_error_per_patient_cluster,automated_decisions_observed
Fixed I+II,subcode,LMI,2-lead,1904,0.0060183949778209,0.0155397424820632,descriptive_patient_binomial_exact_95,2198,1.0,0.0099789915966386,0.0090991810737033,True,unconditional_probability_any_automated_error_per_patient_cluster,automated_decisions_observed
Fixed I+II,subcode,LNGQT,12-lead,1904,0.0025213732732201,0.0096375242340095,descriptive_patient_binomial_exact_95,2198,1.0,0.0052521008403361,0.0050045495905368,True,unconditional_probability_any_automated_error_per_patient_cluster,automated_decisions_observed
Fixed I+II,subcode,LNGQT,2-lead,1904,0.0025213732732201,0.0096375242340095,descriptive_patient_binomial_exact_95,2198,1.0,0.0052521008403361,0.0050045495905368,True,unconditional_probability_any_automated_error_per_patient_cluster,automated_decisions_observed
Fixed I+II,subcode,LPFB,12-lead,1904,0.0048106557242481,0.0136107490454751,descriptive_patient_binomial_exact_95,2198,1.0,0.0084033613445378,0.008189262966333,True,unconditional_probability_any_automated_error_per_patient_cluster,automated_decisions_observed
Fixed I+II,subcode,LPFB,2-lead,1904,0.0048106557242481,0.0136107490454751,descriptive_patient_binomial_exact_95,2198,1.0,0.0084033613445378,0.008189262966333,True,unconditional_probability_any_automated_error_per_patient_cluster,automated_decisions_observed
Fixed I+II,subcode,LVH,12-lead,1904,0.0076725649625336,0.0180708405304503,descriptive_patient_binomial_exact_95,2198,0.6537761601455869,0.0120798319327731,0.0160055671537926,True,unconditional_probability_any_automated_error_per_patient_cluster,automated_decisions_observed
Fixed I+II,subcode,LVH,2-lead,1904,0.0052095778334738,0.0142571346532743,descriptive_patient_binomial_exact_95,2198,0.5036396724294814,0.0089285714285714,0.015356820234869,True,unconditional_probability_any_automated_error_per_patient_cluster,automated_decisions_observed
Fixed I+II,subcode,NDT,12-lead,1904,0.0172901443833582,0.0314980301572909,descriptive_patient_binomial_exact_95,2198,0.7174704276615105,0.0236344537815126,0.0291693088142041,True,unconditional_probability_any_automated_error_per_patient_cluster,automated_decisions_observed
Fixed I+II,subcode,NDT,2-lead,1904,0.0123974877481214,0.024864858379905,descriptive_patient_binomial_exact_95,2198,0.664695177434031,0.0178571428571428,0.0239561943874058,True,unconditional_probability_any_automated_error_per_patient_cluster,automated_decisions_observed
Fixed I+II,subcode,NORM,12-lead,1904,0.015943201136198,0.0297011419240141,descriptive_patient_binomial_exact_95,2198,0.2279344858962693,0.0220588235294117,0.0838323353293413,True,unconditional_probability_any_automated_error_per_patient_cluster,automated_decisions_observed
Fixed I+II,subcode,NORM,2-lead,1904,0.0106553026376106,0.0224172217318047,descriptive_patient_binomial_exact_95,2198,0.1710646041856233,0.0157563025210084,0.0797872340425532,True,unconditional_probability_any_automated_error_per_patient_cluster,automated_decisions_observed
Fixed I+II,subcode,NST_,12-lead,1904,0.0123974877481214,0.024864858379905,descriptive_patient_binomial_exact_95,2198,0.824385805277525,0.0178571428571428,0.0187637969094922,True,unconditional_probability_any_automated_error_per_patient_cluster,automated_decisions_observed
Fixed I+II,subcode,NST_,2-lead,1904,0.0141612129276539,0.0272918072125024,descriptive_patient_binomial_exact_95,2198,0.8585077343039127,0.0199579831932773,0.0201377848436671,True,unconditional_probability_any_automated_error_per_patient_cluster,automated_decisions_observed
Fixed I+II,subcode,PMI,12-lead,1904,0.000127236080046,0.0037892762482753,descriptive_patient_binomial_exact_95,2198,1.0,0.0010504201680672,0.0009099181073703,True,unconditional_probability_any_automated_error_per_patient_cluster,automated_decisions_observed
Fixed I+II,subcode,PMI,2-lead,1904,0.000127236080046,0.0037892762482753,descriptive_patient_binomial_exact_95,2198,1.0,0.0010504201680672,0.0009099181073703,True,unconditional_probability_any_automated_error_per_patient_cluster,automated_decisions_observed
Fixed I+II,subcode,RAO/RAE,12-lead,1904,0.0025213732732201,0.0096375242340095,descriptive_patient_binomial_exact_95,2198,1.0,0.0052521008403361,0.0045495905368516,True,unconditional_probability_any_automated_error_per_patient_cluster,automated_decisions_observed
Fixed I+II,subcode,RAO/RAE,2-lead,1904,0.0025213732732201,0.0096375242340095,descriptive_patient_binomial_exact_95,2198,1.0,0.0052521008403361,0.0045495905368516,True,unconditional_probability_any_automated_error_per_patient_cluster,automated_decisions_observed
Fixed I+II,subcode,RVH,12-lead,1904,0.0032607192800543,0.0109833299871097,descriptive_patient_binomial_exact_95,2198,1.0,0.0063025210084033,0.005459508644222,True,unconditional_probability_any_automated_error_per_patient_cluster,automated_decisions_observed
Fixed I+II,subcode,RVH,2-lead,1904,0.0032607192800543,0.0109833299871097,descriptive_patient_binomial_exact_95,2198,1.0,0.0063025210084033,0.005459508644222,True,unconditional_probability_any_automated_error_per_patient_cluster,automated_decisions_observed
Fixed I+II,subcode,SEHYP,12-lead,1904,0.000127236080046,0.0037892762482753,descriptive_patient_binomial_exact_95,2198,1.0,0.0010504201680672,0.0009099181073703,True,unconditional_probability_any_automated_error_per_patient_cluster,automated_decisions_observed
Fixed I+II,subcode,SEHYP,2-lead,1904,0.000127236080046,0.0037892762482753,descriptive_patient_binomial_exact_95,2198,1.0,0.0010504201680672,0.0009099181073703,True,unconditional_probability_any_automated_error_per_patient_cluster,automated_decisions_observed
Fixed I+II,subcode,WPW,12-lead,1904,0.0018156796479323,0.0082621146754455,descriptive_patient_binomial_exact_95,2198,1.0,0.0042016806722689,0.0036396724294813,True,unconditional_probability_any_automated_error_per_patient_cluster,automated_decisions_observed
Fixed I+II,subcode,WPW,2-lead,1904,0.0018156796479323,0.0082621146754455,descriptive_patient_binomial_exact_95,2198,1.0,0.0042016806722689,0.0036396724294813,True,unconditional_probability_any_automated_error_per_patient_cluster,automated_decisions_observed
Fixed I+II,rhythm,AFIB,12-lead,1904,0.0146051068918938,0.027895689502885,descriptive_patient_binomial_exact_95,2198,0.8480436760691538,0.0204831932773109,0.0219957081545064,True,unconditional_probability_any_automated_error_per_patient_cluster,automated_decisions_observed
Fixed I+II,rhythm,AFIB,2-lead,1904,0.0146051068918938,0.027895689502885,descriptive_patient_binomial_exact_95,2198,0.8876251137397634,0.0204831932773109,0.0215274218349564,True,unconditional_probability_any_automated_error_per_patient_cluster,automated_decisions_observed
Fixed I+II,rhythm,AFLT,12-lead,1904,0.0056122602438004,0.0149000418436225,descriptive_patient_binomial_exact_95,2198,1.0,0.009453781512605,0.0086442220200181,True,unconditional_probability_any_automated_error_per_patient_cluster,automated_decisions_observed
Fixed I+II,rhythm,AFLT,2-lead,1904,0.001157307935588,0.0068462585642394,descriptive_patient_binomial_exact_95,2198,1.0,0.0031512605042016,0.0031847133757961,True,unconditional_probability_any_automated_error_per_patient_cluster,automated_decisions_observed
Fixed I+II,rhythm,BIGU,12-lead,1904,0.0018156796479323,0.0082621146754455,descriptive_patient_binomial_exact_95,2198,1.0,0.0042016806722689,0.0036396724294813,True,unconditional_probability_any_automated_error_per_patient_cluster,automated_decisions_observed
Fixed I+II,rhythm,BIGU,2-lead,1904,0.0018156796479323,0.0082621146754455,descriptive_patient_binomial_exact_95,2198,1.0,0.0042016806722689,0.0036396724294813,True,unconditional_probability_any_automated_error_per_patient_cluster,automated_decisions_observed
Fixed I+II,rhythm,PACE,12-lead,1904,0.0076725649625336,0.0180708405304503,descriptive_patient_binomial_exact_95,2198,1.0,0.0120798319327731,0.010919017288444,True,unconditional_probability_any_automated_error_per_patient_cluster,automated_decisions_observed
Fixed I+II,rhythm,PACE,2-lead,1904,0.0052095778334738,0.0142571346532743,descriptive_patient_binomial_exact_95,2198,1.0,0.0089285714285714,0.0086442220200181,True,unconditional_probability_any_automated_error_per_patient_cluster,automated_decisions_observed
Fixed I+II,rhythm,PSVT,12-lead,1904,0.0008532041424262,0.006117600312174,descriptive_patient_binomial_exact_95,2198,1.0,0.002626050420168,0.0022747952684258,True,unconditional_probability_any_automated_error_per_patient_cluster,automated_decisions_observed
Fixed I+II,rhythm,PSVT,2-lead,1904,0.0005726956596025,0.0053701745948348,descriptive_patient_binomial_exact_95,2198,1.0,0.0021008403361344,0.0018198362147406,True,unconditional_probability_any_automated_error_per_patient_cluster,automated_decisions_observed
Fixed I+II,rhythm,SARRH,12-lead,1904,0.007254994549717,0.017441847713472,descriptive_patient_binomial_exact_95,2198,0.5245677888989991,0.0115546218487394,0.0190806591500433,True,unconditional_probability_any_automated_error_per_patient_cluster,automated_decisions_observed
Fixed I+II,rhythm,SARRH,2-lead,1904,0.0141612129276539,0.0272918072125024,descriptive_patient_binomial_exact_95,2198,0.6860782529572339,0.0199579831932773,0.0251989389920424,True,unconditional_probability_any_automated_error_per_patient_cluster,automated_decisions_observed
Fixed I+II,rhythm,SBRAD,12-lead,1904,0.0172901443833582,0.0314980301572909,descriptive_patient_binomial_exact_95,2198,0.9854413102820746,0.0236344537815126,0.0221606648199446,True,unconditional_probability_any_automated_error_per_patient_cluster,automated_decisions_observed
Fixed I+II,rhythm,SBRAD,2-lead,1904,0.0119597727867984,0.0242550282250256,descriptive_patient_binomial_exact_95,2198,0.95950864422202,0.0173319327731092,0.0161213845424371,True,unconditional_probability_any_automated_error_per_patient_cluster,automated_decisions_observed
Fixed I+II,rhythm,SR,12-lead,1904,0.0177409401147366,0.0320952336134982,descriptive_patient_binomial_exact_95,2198,0.3143767060964513,0.0241596638655462,0.0665701881331403,True,unconditional_probability_any_automated_error_per_patient_cluster,automated_decisions_observed
Fixed I+II,rhythm,SR,2-lead,1904,0.0227511329434581,0.0386144543699035,descriptive_patient_binomial_exact_95,2198,0.4003639672429481,0.0299369747899159,0.0647727272727272,True,unconditional_probability_any_automated_error_per_patient_cluster,automated_decisions_observed
Fixed I+II,rhythm,STACH,12-lead,1904,0.0150500959039962,0.0284985145393578,descriptive_patient_binomial_exact_95,2198,0.9549590536851684,0.0210084033613445,0.0195331110052405,True,unconditional_probability_any_automated_error_per_patient_cluster,automated_decisions_observed
Fixed I+II,rhythm,STACH,2-lead,1904,0.0123974877481214,0.024864858379905,descriptive_patient_binomial_exact_95,2198,0.9481346678798908,0.0178571428571428,0.0167946257197696,True,unconditional_probability_any_automated_error_per_patient_cluster,automated_decisions_observed
Fixed I+II,rhythm,SVARR,12-lead,1904,0.0040255811296902,0.0123062402815823,descriptive_patient_binomial_exact_95,2198,1.0,0.0073529411764705,0.0063694267515923,True,unconditional_probability_any_automated_error_per_patient_cluster,automated_decisions_observed
Fixed I+II,rhythm,SVARR,2-lead,1904,0.0040255811296902,0.0123062402815823,descriptive_patient_binomial_exact_95,2198,1.0,0.0073529411764705,0.0063694267515923,True,unconditional_probability_any_automated_error_per_patient_cluster,automated_decisions_observed
Fixed I+II,rhythm,SVTAC,12-lead,1904,0.0008532041424262,0.006117600312174,descriptive_patient_binomial_exact_95,2198,1.0,0.002626050420168,0.0022747952684258,True,unconditional_probability_any_automated_error_per_patient_cluster,automated_decisions_observed
Fixed I+II,rhythm,SVTAC,2-lead,1904,0.0018156796479323,0.0082621146754455,descriptive_patient_binomial_exact_95,2198,1.0,0.0042016806722689,0.0036396724294813,True,unconditional_probability_any_automated_error_per_patient_cluster,automated_decisions_observed
Fixed I+II,rhythm,TRIGU,12-lead,1904,0.000127236080046,0.0037892762482753,descriptive_patient_binomial_exact_95,2198,1.0,0.0010504201680672,0.0009099181073703,True,unconditional_probability_any_automated_error_per_patient_cluster,automated_decisions_observed
Fixed I+II,rhythm,TRIGU,2-lead,1904,0.000127236080046,0.0037892762482753,descriptive_patient_binomial_exact_95,2198,1.0,0.0010504201680672,0.0009099181073703,True,unconditional_probability_any_automated_error_per_patient_cluster,automated_decisions_observed
Fixed I+II,rhythm,AFIB-or-AFLT,12-lead,1904,0.0141612129276539,0.0272918072125024,descriptive_patient_binomial_exact_95,2198,0.8439490445859873,0.0199579831932773,0.0215633423180593,True,unconditional_probability_any_automated_error_per_patient_cluster,automated_decisions_observed
Fixed I+II,rhythm,AFIB-or-AFLT,2-lead,1904,0.0146051068918938,0.027895689502885,descriptive_patient_binomial_exact_95,2198,0.8776160145586898,0.0204831932773109,0.0217729393468118,True,unconditional_probability_any_automated_error_per_patient_cluster,automated_decisions_observed
Random lead training,superclass,NORM,12-lead,1904,0.015943201136198,0.0297011419240141,descriptive_patient_binomial_exact_95,2198,0.2302092811646952,0.0220588235294117,0.0830039525691699,True,unconditional_probability_any_automated_error_per_patient_cluster,automated_decisions_observed
Random lead training,superclass,NORM,2-lead,1904,0.0128365435694092,0.0254734004611979,descriptive_patient_binomial_exact_95,2198,0.1656050955414012,0.0183823529411764,0.0989010989010989,True,unconditional_probability_any_automated_error_per_patient_cluster,automated_decisions_observed
Random lead training,superclass,MI,12-lead,1904,0.0177409401147366,0.0320952336134982,descriptive_patient_binomial_exact_95,2198,0.4977252047315741,0.0241596638655462,0.0429616087751371,True,unconditional_probability_any_automated_error_per_patient_cluster,automated_decisions_observed
Random lead training,superclass,MI,2-lead,1904,0.0163912442557737,0.0303010133868069,descriptive_patient_binomial_exact_95,2198,0.3330300272975432,0.0225840336134453,0.0601092896174863,True,unconditional_probability_any_automated_error_per_patient_cluster,automated_decisions_observed
Random lead training,superclass,STTC,12-lead,1904,0.015943201136198,0.0297011419240141,descriptive_patient_binomial_exact_95,2198,0.5614194722474978,0.0220588235294117,0.0340356564019448,True,unconditional_probability_any_automated_error_per_patient_cluster,automated_decisions_observed
Random lead training,superclass,STTC,2-lead,1904,0.0110886122910347,0.023031273183615,descriptive_patient_binomial_exact_95,2198,0.4881710646041856,0.016281512605042,0.0288909599254426,True,unconditional_probability_any_automated_error_per_patient_cluster,automated_decisions_observed
Random lead training,superclass,CD,12-lead,1904,0.0128365435694092,0.0254734004611979,descriptive_patient_binomial_exact_95,2198,0.4531392174704277,0.0183823529411764,0.0351405622489959,True,unconditional_probability_any_automated_error_per_patient_cluster,automated_decisions_observed
Random lead training,superclass,CD,2-lead,1904,0.0137184567547216,0.0266868273944456,descriptive_patient_binomial_exact_95,2198,0.2975432211101,0.0194327731092436,0.0581039755351682,True,unconditional_probability_any_automated_error_per_patient_cluster,automated_decisions_observed
Random lead training,superclass,HYP,12-lead,1904,0.0097936078921102,0.0211844150705441,descriptive_patient_binomial_exact_95,2198,0.5686988171064604,0.0147058823529411,0.0224,True,unconditional_probability_any_automated_error_per_patient_cluster,automated_decisions_observed
Random lead training,superclass,HYP,2-lead,1904,0.008092530312159,0.0186975746013182,descriptive_patient_binomial_exact_95,2198,0.4040036396724294,0.0126050420168067,0.027027027027027,True,unconditional_probability_any_automated_error_per_patient_cluster,automated_decisions_observed
Random lead training,subcode,1AVB,12-lead,1904,0.0097936078921102,0.0211844150705441,descriptive_patient_binomial_exact_95,2198,0.8020928116469518,0.0147058823529411,0.0175836642087351,True,unconditional_probability_any_automated_error_per_patient_cluster,automated_decisions_observed
Random lead training,subcode,1AVB,2-lead,1904,0.0089390723001765,0.0199447885371015,descriptive_patient_binomial_exact_95,2198,0.8280254777070064,0.0136554621848739,0.0148351648351648,True,unconditional_probability_any_automated_error_per_patient_cluster,automated_decisions_observed
Random lead training,subcode,2AVB,12-lead,1904,1.3297079652028435e-05,0.0029227725998681,descriptive_patient_binomial_exact_95,2198,1.0,0.0005252100840336,0.0004549590536851,True,unconditional_probability_any_automated_error_per_patient_cluster,automated_decisions_observed
Random lead training,subcode,2AVB,2-lead,1904,1.3297079652028435e-05,0.0029227725998681,descriptive_patient_binomial_exact_95,2198,1.0,0.0005252100840336,0.0004549590536851,True,unconditional_probability_any_automated_error_per_patient_cluster,automated_decisions_observed
Random lead training,subcode,3AVB,12-lead,1904,0.000127236080046,0.0037892762482753,descriptive_patient_binomial_exact_95,2198,1.0,0.0010504201680672,0.0009099181073703,True,unconditional_probability_any_automated_error_per_patient_cluster,automated_decisions_observed
Random lead training,subcode,3AVB,2-lead,1904,0.000127236080046,0.0037892762482753,descriptive_patient_binomial_exact_95,2198,1.0,0.0010504201680672,0.0009099181073703,True,unconditional_probability_any_automated_error_per_patient_cluster,automated_decisions_observed
Random lead training,subcode,ALMI,12-lead,1904,0.0068399830295215,0.0168104476243806,descriptive_patient_binomial_exact_95,2198,1.0,0.0110294117647058,0.0122838944494995,True,unconditional_probability_any_automated_error_per_patient_cluster,automated_decisions_observed
Random lead training,subcode,ALMI,2-lead,1904,0.0068399830295215,0.0168104476243806,descriptive_patient_binomial_exact_95,2198,1.0,0.0110294117647058,0.0122838944494995,True,unconditional_probability_any_automated_error_per_patient_cluster,automated_decisions_observed
Random lead training,subcode,AMI,12-lead,1904,0.0123974877481214,0.024864858379905,descriptive_patient_binomial_exact_95,2198,1.0,0.0178571428571428,0.0159235668789808,True,unconditional_probability_any_automated_error_per_patient_cluster,automated_decisions_observed
Random lead training,subcode,AMI,2-lead,1904,0.0123974877481214,0.024864858379905,descriptive_patient_binomial_exact_95,2198,1.0,0.0178571428571428,0.0159235668789808,True,unconditional_probability_any_automated_error_per_patient_cluster,automated_decisions_observed
Random lead training,subcode,ANEUR,12-lead,1904,0.0021636446030513,0.0089540664399013,descriptive_patient_binomial_exact_95,2198,1.0,0.0047268907563025,0.0045495905368516,True,unconditional_probability_any_automated_error_per_patient_cluster,automated_decisions_observed
Random lead training,subcode,ANEUR,2-lead,1904,0.0021636446030513,0.0089540664399013,descriptive_patient_binomial_exact_95,2198,1.0,0.0047268907563025,0.0045495905368516,True,unconditional_probability_any_automated_error_per_patient_cluster,automated_decisions_observed
Random lead training,subcode,ASMI,12-lead,1904,0.0168402358406205,0.0308999661704421,descriptive_patient_binomial_exact_95,2198,0.762056414922657,0.0231092436974789,0.0274626865671641,True,unconditional_probability_any_automated_error_per_patient_cluster,automated_decisions_observed
Random lead training,subcode,ASMI,2-lead,1904,0.0085147435734984,0.0193221836393806,descriptive_patient_binomial_exact_95,2198,0.4604185623293904,0.0131302521008403,0.0247035573122529,True,unconditional_probability_any_automated_error_per_patient_cluster,automated_decisions_observed
Random lead training,subcode,CLBBB,12-lead,1904,0.0132768840221513,0.0260807071022825,descriptive_patient_binomial_exact_95,2198,0.9981801637852592,0.01890756302521,0.0177757520510483,True,unconditional_probability_any_automated_error_per_patient_cluster,automated_decisions_observed
Random lead training,subcode,CLBBB,2-lead,1904,0.0115234592057688,0.0236438534517825,descriptive_patient_binomial_exact_95,2198,0.9940855323020928,0.0168067226890756,0.0164759725400457,True,unconditional_probability_any_automated_error_per_patient_cluster,automated_decisions_observed
Random lead training,subcode,CRBBB,12-lead,1904,0.0137184567547216,0.0266868273944456,descriptive_patient_binomial_exact_95,2198,0.9927206551410374,0.0194327731092436,0.0183318056828597,True,unconditional_probability_any_automated_error_per_patient_cluster,automated_decisions_observed
Random lead training,subcode,CRBBB,2-lead,1904,0.0110886122910347,0.023031273183615,descriptive_patient_binomial_exact_95,2198,0.9513193812556868,0.016281512605042,0.0167384026781444,True,unconditional_probability_any_automated_error_per_patient_cluster,automated_decisions_observed
Random lead training,subcode,DIG,12-lead,1904,0.0052095778334738,0.0142571346532743,descriptive_patient_binomial_exact_95,2198,1.0,0.0089285714285714,0.008189262966333,True,unconditional_probability_any_automated_error_per_patient_cluster,automated_decisions_observed
Random lead training,subcode,DIG,2-lead,1904,0.0052095778334738,0.0142571346532743,descriptive_patient_binomial_exact_95,2198,1.0,0.0089285714285714,0.008189262966333,True,unconditional_probability_any_automated_error_per_patient_cluster,automated_decisions_observed
Random lead training,subcode,EL,12-lead,1904,0.0021636446030513,0.0089540664399013,descriptive_patient_binomial_exact_95,2198,1.0,0.0047268907563025,0.0040946314831665,True,unconditional_probability_any_automated_error_per_patient_cluster,automated_decisions_observed
Random lead training,subcode,EL,2-lead,1904,0.0021636446030513,0.0089540664399013,descriptive_patient_binomial_exact_95,2198,1.0,0.0047268907563025,0.0040946314831665,True,unconditional_probability_any_automated_error_per_patient_cluster,automated_decisions_observed
Random lead training,subcode,ILBBB,12-lead,1904,0.0018156796479323,0.0082621146754455,descriptive_patient_binomial_exact_95,2198,1.0,0.0042016806722689,0.0036396724294813,True,unconditional_probability_any_automated_error_per_patient_cluster,automated_decisions_observed
Random lead training,subcode,ILBBB,2-lead,1904,0.0018156796479323,0.0082621146754455,descriptive_patient_binomial_exact_95,2198,1.0,0.0042016806722689,0.0036396724294813,True,unconditional_probability_any_automated_error_per_patient_cluster,automated_decisions_observed
Random lead training,subcode,ILMI,12-lead,1904,0.0132768840221513,0.0260807071022825,descriptive_patient_binomial_exact_95,2198,0.9886260236578708,0.01890756302521,0.0174873446847676,True,unconditional_probability_any_automated_error_per_patient_cluster,automated_decisions_observed
Random lead training,subcode,ILMI,2-lead,1904,0.0132768840221513,0.0260807071022825,descriptive_patient_binomial_exact_95,2198,0.989080982711556,0.01890756302521,0.0179392824287028,True,unconditional_probability_any_automated_error_per_patient_cluster,automated_decisions_observed
Random lead training,subcode,IMI,12-lead,1904,0.0128365435694092,0.0254734004611979,descriptive_patient_binomial_exact_95,2198,0.5896269335759782,0.0183823529411764,0.0285493827160493,True,unconditional_probability_any_automated_error_per_patient_cluster,automated_decisions_observed
Random lead training,subcode,IMI,2-lead,1904,0.0115234592057688,0.0236438534517825,descriptive_patient_binomial_exact_95,2198,0.4094631483166515,0.0168067226890756,0.0366666666666666,True,unconditional_probability_any_automated_error_per_patient_cluster,automated_decisions_observed
Random lead training,subcode,INJAL,12-lead,1904,0.0036403402349144,0.011647327832048,descriptive_patient_binomial_exact_95,2198,1.0,0.0068277310924369,0.0063694267515923,True,unconditional_probability_any_automated_error_per_patient_cluster,automated_decisions_observed
Random lead training,subcode,INJAL,2-lead,1904,0.0036403402349144,0.011647327832048,descriptive_patient_binomial_exact_95,2198,1.0,0.0068277310924369,0.0063694267515923,True,unconditional_probability_any_automated_error_per_patient_cluster,automated_decisions_observed
Random lead training,subcode,INJAS,12-lead,1904,0.0068399830295215,0.0168104476243806,descriptive_patient_binomial_exact_95,2198,1.0,0.0110294117647058,0.0100090991810737,True,unconditional_probability_any_automated_error_per_patient_cluster,automated_decisions_observed
Random lead training,subcode,INJAS,2-lead,1904,0.0068399830295215,0.0168104476243806,descriptive_patient_binomial_exact_95,2198,1.0,0.0110294117647058,0.0100090991810737,True,unconditional_probability_any_automated_error_per_patient_cluster,automated_decisions_observed
Random lead training,subcode,INJIL,12-lead,1904,0.000127236080046,0.0037892762482753,descriptive_patient_binomial_exact_95,2198,1.0,0.0010504201680672,0.0009099181073703,True,unconditional_probability_any_automated_error_per_patient_cluster,automated_decisions_observed
Random lead training,subcode,INJIL,2-lead,1904,0.000127236080046,0.0037892762482753,descriptive_patient_binomial_exact_95,2198,1.0,0.0010504201680672,0.0009099181073703,True,unconditional_probability_any_automated_error_per_patient_cluster,automated_decisions_observed
Random lead training,subcode,INJIN,12-lead,1904,1.3297079652028435e-05,0.0029227725998681,descriptive_patient_binomial_exact_95,2198,1.0,0.0005252100840336,0.0009099181073703,True,unconditional_probability_any_automated_error_per_patient_cluster,automated_decisions_observed
Random lead training,subcode,INJIN,2-lead,1904,1.3297079652028435e-05,0.0029227725998681,descriptive_patient_binomial_exact_95,2198,1.0,0.0005252100840336,0.0009099181073703,True,unconditional_probability_any_automated_error_per_patient_cluster,automated_decisions_observed
Random lead training,subcode,INJLA,12-lead,1904,0.000127236080046,0.0037892762482753,descriptive_patient_binomial_exact_95,2198,1.0,0.0010504201680672,0.0009099181073703,True,unconditional_probability_any_automated_error_per_patient_cluster,automated_decisions_observed
Random lead training,subcode,INJLA,2-lead,1904,0.000127236080046,0.0037892762482753,descriptive_patient_binomial_exact_95,2198,1.0,0.0010504201680672,0.0009099181073703,True,unconditional_probability_any_automated_error_per_patient_cluster,automated_decisions_observed
Random lead training,subcode,IPLMI,12-lead,1904,0.0008532041424262,0.006117600312174,descriptive_patient_binomial_exact_95,2198,1.0,0.002626050420168,0.0022747952684258,True,unconditional_probability_any_automated_error_per_patient_cluster,automated_decisions_observed
Random lead training,subcode,IPLMI,2-lead,1904,0.0008532041424262,0.006117600312174,descriptive_patient_binomial_exact_95,2198,1.0,0.002626050420168,0.0022747952684258,True,unconditional_probability_any_automated_error_per_patient_cluster,automated_decisions_observed
Random lead training,subcode,IPMI,12-lead,1904,0.0003250507794337,0.0045976910079352,descriptive_patient_binomial_exact_95,2198,1.0,0.0015756302521008,0.0013648771610555,True,unconditional_probability_any_automated_error_per_patient_cluster,automated_decisions_observed
Random lead training,subcode,IPMI,2-lead,1904,0.0003250507794337,0.0045976910079352,descriptive_patient_binomial_exact_95,2198,1.0,0.0015756302521008,0.0013648771610555,True,unconditional_probability_any_automated_error_per_patient_cluster,automated_decisions_observed
Random lead training,subcode,IRBBB,12-lead,1904,0.0150500959039962,0.0284985145393578,descriptive_patient_binomial_exact_95,2198,0.805277525022748,0.0210084033613445,0.0242937853107344,True,unconditional_probability_any_automated_error_per_patient_cluster,automated_decisions_observed
Random lead training,subcode,IRBBB,2-lead,1904,0.0085147435734984,0.0193221836393806,descriptive_patient_binomial_exact_95,2198,0.4972702456778889,0.0131302521008403,0.0247026532479414,True,unconditional_probability_any_automated_error_per_patient_cluster,automated_decisions_observed
Random lead training,subcode,ISCAL,12-lead,1904,0.0141612129276539,0.0272918072125024,descriptive_patient_binomial_exact_95,2198,0.9390354868061874,0.0199579831932773,0.0188953488372093,True,unconditional_probability_any_automated_error_per_patient_cluster,automated_decisions_observed
Random lead training,subcode,ISCAL,2-lead,1904,0.0181925948720326,0.032691603309056,descriptive_patient_binomial_exact_95,2198,0.9494995450409464,0.0246848739495798,0.02252036415908,True,unconditional_probability_any_automated_error_per_patient_cluster,automated_decisions_observed
Random lead training,subcode,ISCAN,12-lead,1904,0.0005726956596025,0.0053701745948348,descriptive_patient_binomial_exact_95,2198,1.0,0.0021008403361344,0.0018198362147406,True,unconditional_probability_any_automated_error_per_patient_cluster,automated_decisions_observed
Random lead training,subcode,ISCAN,2-lead,1904,0.0005726956596025,0.0053701745948348,descriptive_patient_binomial_exact_95,2198,1.0,0.0021008403361344,0.0018198362147406,True,unconditional_probability_any_automated_error_per_patient_cluster,automated_decisions_observed
Random lead training,subcode,ISCAS,12-lead,1904,0.0048106557242481,0.0136107490454751,descriptive_patient_binomial_exact_95,2198,1.0,0.0084033613445378,0.0077343039126478,True,unconditional_probability_any_automated_error_per_patient_cluster,automated_decisions_observed
Random lead training,subcode,ISCAS,2-lead,1904,0.0048106557242481,0.0136107490454751,descriptive_patient_binomial_exact_95,2198,1.0,0.0084033613445378,0.0077343039126478,True,unconditional_probability_any_automated_error_per_patient_cluster,automated_decisions_observed
Random lead training,subcode,ISCIL,12-lead,1904,0.0056122602438004,0.0149000418436225,descriptive_patient_binomial_exact_95,2198,1.0,0.009453781512605,0.008189262966333,True,unconditional_probability_any_automated_error_per_patient_cluster,automated_decisions_observed
Random lead training,subcode,ISCIL,2-lead,1904,0.0056122602438004,0.0149000418436225,descriptive_patient_binomial_exact_95,2198,1.0,0.009453781512605,0.008189262966333,True,unconditional_probability_any_automated_error_per_patient_cluster,automated_decisions_observed
Random lead training,subcode,ISCIN,12-lead,1904,0.007254994549717,0.017441847713472,descriptive_patient_binomial_exact_95,2198,1.0,0.0115546218487394,0.0100090991810737,True,unconditional_probability_any_automated_error_per_patient_cluster,automated_decisions_observed
Random lead training,subcode,ISCIN,2-lead,1904,0.007254994549717,0.017441847713472,descriptive_patient_binomial_exact_95,2198,1.0,0.0115546218487394,0.0100090991810737,True,unconditional_probability_any_automated_error_per_patient_cluster,automated_decisions_observed
Random lead training,subcode,ISCLA,12-lead,1904,0.0036403402349144,0.011647327832048,descriptive_patient_binomial_exact_95,2198,1.0,0.0068277310924369,0.0059144676979071,True,unconditional_probability_any_automated_error_per_patient_cluster,automated_decisions_observed
Random lead training,subcode,ISCLA,2-lead,1904,0.0036403402349144,0.011647327832048,descriptive_patient_binomial_exact_95,2198,1.0,0.0068277310924369,0.0059144676979071,True,unconditional_probability_any_automated_error_per_patient_cluster,automated_decisions_observed
Random lead training,subcode,ISC_,12-lead,1904,0.0123974877481214,0.024864858379905,descriptive_patient_binomial_exact_95,2198,0.9103730664240218,0.0178571428571428,0.0179910044977511,True,unconditional_probability_any_automated_error_per_patient_cluster,automated_decisions_observed
Random lead training,subcode,ISC_,2-lead,1904,0.0085147435734984,0.0193221836393806,descriptive_patient_binomial_exact_95,2198,0.8553230209281165,0.0131302521008403,0.0132978723404255,True,unconditional_probability_any_automated_error_per_patient_cluster,automated_decisions_observed
Random lead training,subcode,IVCD,12-lead,1904,0.0137184567547216,0.0266868273944456,descriptive_patient_binomial_exact_95,2198,0.7074613284804367,0.0194327731092436,0.0237942122186495,True,unconditional_probability_any_automated_error_per_patient_cluster,automated_decisions_observed
Random lead training,subcode,IVCD,2-lead,1904,0.0168402358406205,0.0308999661704421,descriptive_patient_binomial_exact_95,2198,0.7006369426751592,0.0231092436974789,0.0292207792207792,True,unconditional_probability_any_automated_error_per_patient_cluster,automated_decisions_observed
Random lead training,subcode,LAFB,12-lead,1904,0.0146051068918938,0.027895689502885,descriptive_patient_binomial_exact_95,2198,0.8130118289353958,0.0204831932773109,0.0218242865137101,True,unconditional_probability_any_automated_error_per_patient_cluster,automated_decisions_observed
Random lead training,subcode,LAFB,2-lead,1904,0.0132768840221513,0.0260807071022825,descriptive_patient_binomial_exact_95,2198,0.7552320291173794,0.01890756302521,0.0228915662650602,True,unconditional_probability_any_automated_error_per_patient_cluster,automated_decisions_observed
Random lead training,subcode,LAO/LAE,12-lead,1904,0.0132768840221513,0.0260807071022825,descriptive_patient_binomial_exact_95,2198,0.9731574158325752,0.01890756302521,0.0168302945301542,True,unconditional_probability_any_automated_error_per_patient_cluster,automated_decisions_observed
Random lead training,subcode,LAO/LAE,2-lead,1904,0.0141612129276539,0.0272918072125024,descriptive_patient_binomial_exact_95,2198,0.991810737033667,0.0199579831932773,0.0174311926605504,True,unconditional_probability_any_automated_error_per_patient_cluster,automated_decisions_observed
Random lead training,subcode,LMI,12-lead,1904,0.0060183949778209,0.0155397424820632,descriptive_patient_binomial_exact_95,2198,1.0,0.0099789915966386,0.0090991810737033,True,unconditional_probability_any_automated_error_per_patient_cluster,automated_decisions_observed
Random lead training,subcode,LMI,2-lead,1904,0.0060183949778209,0.0155397424820632,descriptive_patient_binomial_exact_95,2198,1.0,0.0099789915966386,0.0090991810737033,True,unconditional_probability_any_automated_error_per_patient_cluster,automated_decisions_observed
Random lead training,subcode,LNGQT,12-lead,1904,0.0025213732732201,0.0096375242340095,descriptive_patient_binomial_exact_95,2198,1.0,0.0052521008403361,0.0050045495905368,True,unconditional_probability_any_automated_error_per_patient_cluster,automated_decisions_observed
Random lead training,subcode,LNGQT,2-lead,1904,0.0025213732732201,0.0096375242340095,descriptive_patient_binomial_exact_95,2198,1.0,0.0052521008403361,0.0050045495905368,True,unconditional_probability_any_automated_error_per_patient_cluster,automated_decisions_observed
Random lead training,subcode,LPFB,12-lead,1904,0.0048106557242481,0.0136107490454751,descriptive_patient_binomial_exact_95,2198,1.0,0.0084033613445378,0.008189262966333,True,unconditional_probability_any_automated_error_per_patient_cluster,automated_decisions_observed
Random lead training,subcode,LPFB,2-lead,1904,0.0048106557242481,0.0136107490454751,descriptive_patient_binomial_exact_95,2198,1.0,0.0084033613445378,0.008189262966333,True,unconditional_probability_any_automated_error_per_patient_cluster,automated_decisions_observed
Random lead training,subcode,LVH,12-lead,1904,0.0076725649625336,0.0180708405304503,descriptive_patient_binomial_exact_95,2198,0.6537761601455869,0.0120798319327731,0.0160055671537926,True,unconditional_probability_any_automated_error_per_patient_cluster,automated_decisions_observed
Random lead training,subcode,LVH,2-lead,1904,0.0060183949778209,0.0155397424820632,descriptive_patient_binomial_exact_95,2198,0.4695177434030937,0.0099789915966386,0.0184108527131782,True,unconditional_probability_any_automated_error_per_patient_cluster,automated_decisions_observed
Random lead training,subcode,NDT,12-lead,1904,0.0172901443833582,0.0314980301572909,descriptive_patient_binomial_exact_95,2198,0.7174704276615105,0.0236344537815126,0.0291693088142041,True,unconditional_probability_any_automated_error_per_patient_cluster,automated_decisions_observed
Random lead training,subcode,NDT,2-lead,1904,0.015943201136198,0.0297011419240141,descriptive_patient_binomial_exact_95,2198,0.6524112829845314,0.0220588235294117,0.0299860529986053,True,unconditional_probability_any_automated_error_per_patient_cluster,automated_decisions_observed
Random lead training,subcode,NORM,12-lead,1904,0.015943201136198,0.0297011419240141,descriptive_patient_binomial_exact_95,2198,0.2279344858962693,0.0220588235294117,0.0838323353293413,True,unconditional_probability_any_automated_error_per_patient_cluster,automated_decisions_observed
Random lead training,subcode,NORM,2-lead,1904,0.0123974877481214,0.024864858379905,descriptive_patient_binomial_exact_95,2198,0.1642402183803457,0.0178571428571428,0.0969529085872576,True,unconditional_probability_any_automated_error_per_patient_cluster,automated_decisions_observed
Random lead training,subcode,NST_,12-lead,1904,0.0123974877481214,0.024864858379905,descriptive_patient_binomial_exact_95,2198,0.824385805277525,0.0178571428571428,0.0187637969094922,True,unconditional_probability_any_automated_error_per_patient_cluster,automated_decisions_observed
Random lead training,subcode,NST_,2-lead,1904,0.0123974877481214,0.024864858379905,descriptive_patient_binomial_exact_95,2198,0.8489535941765242,0.0178571428571428,0.0182207931404072,True,unconditional_probability_any_automated_error_per_patient_cluster,automated_decisions_observed
Random lead training,subcode,PMI,12-lead,1904,0.000127236080046,0.0037892762482753,descriptive_patient_binomial_exact_95,2198,1.0,0.0010504201680672,0.0009099181073703,True,unconditional_probability_any_automated_error_per_patient_cluster,automated_decisions_observed
Random lead training,subcode,PMI,2-lead,1904,0.000127236080046,0.0037892762482753,descriptive_patient_binomial_exact_95,2198,1.0,0.0010504201680672,0.0009099181073703,True,unconditional_probability_any_automated_error_per_patient_cluster,automated_decisions_observed
Random lead training,subcode,RAO/RAE,12-lead,1904,0.0025213732732201,0.0096375242340095,descriptive_patient_binomial_exact_95,2198,1.0,0.0052521008403361,0.0045495905368516,True,unconditional_probability_any_automated_error_per_patient_cluster,automated_decisions_observed
Random lead training,subcode,RAO/RAE,2-lead,1904,0.0025213732732201,0.0096375242340095,descriptive_patient_binomial_exact_95,2198,1.0,0.0052521008403361,0.0045495905368516,True,unconditional_probability_any_automated_error_per_patient_cluster,automated_decisions_observed
Random lead training,subcode,RVH,12-lead,1904,0.0032607192800543,0.0109833299871097,descriptive_patient_binomial_exact_95,2198,1.0,0.0063025210084033,0.005459508644222,True,unconditional_probability_any_automated_error_per_patient_cluster,automated_decisions_observed
Random lead training,subcode,RVH,2-lead,1904,0.0032607192800543,0.0109833299871097,descriptive_patient_binomial_exact_95,2198,1.0,0.0063025210084033,0.005459508644222,True,unconditional_probability_any_automated_error_per_patient_cluster,automated_decisions_observed
Random lead training,subcode,SEHYP,12-lead,1904,0.000127236080046,0.0037892762482753,descriptive_patient_binomial_exact_95,2198,1.0,0.0010504201680672,0.0009099181073703,True,unconditional_probability_any_automated_error_per_patient_cluster,automated_decisions_observed
Random lead training,subcode,SEHYP,2-lead,1904,0.000127236080046,0.0037892762482753,descriptive_patient_binomial_exact_95,2198,1.0,0.0010504201680672,0.0009099181073703,True,unconditional_probability_any_automated_error_per_patient_cluster,automated_decisions_observed
Random lead training,subcode,WPW,12-lead,1904,0.0018156796479323,0.0082621146754455,descriptive_patient_binomial_exact_95,2198,1.0,0.0042016806722689,0.0036396724294813,True,unconditional_probability_any_automated_error_per_patient_cluster,automated_decisions_observed
Random lead training,subcode,WPW,2-lead,1904,0.0018156796479323,0.0082621146754455,descriptive_patient_binomial_exact_95,2198,1.0,0.0042016806722689,0.0036396724294813,True,unconditional_probability_any_automated_error_per_patient_cluster,automated_decisions_observed
Random lead training,rhythm,AFIB,12-lead,1904,0.0146051068918938,0.027895689502885,descriptive_patient_binomial_exact_95,2198,0.8480436760691538,0.0204831932773109,0.0219957081545064,True,unconditional_probability_any_automated_error_per_patient_cluster,automated_decisions_observed
Random lead training,rhythm,AFIB,2-lead,1904,0.0137184567547216,0.0266868273944456,descriptive_patient_binomial_exact_95,2198,0.913557779799818,0.0194327731092436,0.0199203187250996,True,unconditional_probability_any_automated_error_per_patient_cluster,automated_decisions_observed
Random lead training,rhythm,AFLT,12-lead,1904,0.0056122602438004,0.0149000418436225,descriptive_patient_binomial_exact_95,2198,1.0,0.009453781512605,0.0086442220200181,True,unconditional_probability_any_automated_error_per_patient_cluster,automated_decisions_observed
Random lead training,rhythm,AFLT,2-lead,1904,0.0003250507794337,0.0045976910079352,descriptive_patient_binomial_exact_95,2198,1.0,0.0015756302521008,0.0013648771610555,True,unconditional_probability_any_automated_error_per_patient_cluster,automated_decisions_observed
Random lead training,rhythm,BIGU,12-lead,1904,0.0018156796479323,0.0082621146754455,descriptive_patient_binomial_exact_95,2198,1.0,0.0042016806722689,0.0036396724294813,True,unconditional_probability_any_automated_error_per_patient_cluster,automated_decisions_observed
Random lead training,rhythm,BIGU,2-lead,1904,0.0021636446030513,0.0089540664399013,descriptive_patient_binomial_exact_95,2198,1.0,0.0047268907563025,0.0040946314831665,True,unconditional_probability_any_automated_error_per_patient_cluster,automated_decisions_observed
Random lead training,rhythm,PACE,12-lead,1904,0.0076725649625336,0.0180708405304503,descriptive_patient_binomial_exact_95,2198,1.0,0.0120798319327731,0.010919017288444,True,unconditional_probability_any_automated_error_per_patient_cluster,automated_decisions_observed
Random lead training,rhythm,PACE,2-lead,1904,0.0076725649625336,0.0180708405304503,descriptive_patient_binomial_exact_95,2198,1.0,0.0120798319327731,0.010919017288444,True,unconditional_probability_any_automated_error_per_patient_cluster,automated_decisions_observed
Random lead training,rhythm,PSVT,12-lead,1904,0.0008532041424262,0.006117600312174,descriptive_patient_binomial_exact_95,2198,1.0,0.002626050420168,0.0022747952684258,True,unconditional_probability_any_automated_error_per_patient_cluster,automated_decisions_observed
Random lead training,rhythm,PSVT,2-lead,1904,0.000127236080046,0.0037892762482753,descriptive_patient_binomial_exact_95,2198,1.0,0.0010504201680672,0.0009099181073703,True,unconditional_probability_any_automated_error_per_patient_cluster,automated_decisions_observed
Random lead training,rhythm,SARRH,12-lead,1904,0.007254994549717,0.017441847713472,descriptive_patient_binomial_exact_95,2198,0.5245677888989991,0.0115546218487394,0.0190806591500433,True,unconditional_probability_any_automated_error_per_patient_cluster,automated_decisions_observed
Random lead training,rhythm,SARRH,2-lead,1904,0.0119597727867984,0.0242550282250256,descriptive_patient_binomial_exact_95,2198,0.6119199272065514,0.0173319327731092,0.0245353159851301,True,unconditional_probability_any_automated_error_per_patient_cluster,automated_decisions_observed
Random lead training,rhythm,SBRAD,12-lead,1904,0.0172901443833582,0.0314980301572909,descriptive_patient_binomial_exact_95,2198,0.9854413102820746,0.0236344537815126,0.0221606648199446,True,unconditional_probability_any_automated_error_per_patient_cluster,automated_decisions_observed
Random lead training,rhythm,SBRAD,2-lead,1904,0.0177409401147366,0.0320952336134982,descriptive_patient_binomial_exact_95,2198,0.983621474067334,0.0241596638655462,0.0217391304347826,True,unconditional_probability_any_automated_error_per_patient_cluster,automated_decisions_observed
Random lead training,rhythm,SR,12-lead,1904,0.0177409401147366,0.0320952336134982,descriptive_patient_binomial_exact_95,2198,0.3143767060964513,0.0241596638655462,0.0665701881331403,True,unconditional_probability_any_automated_error_per_patient_cluster,automated_decisions_observed
Random lead training,rhythm,SR,2-lead,1904,0.0177409401147366,0.0320952336134982,descriptive_patient_binomial_exact_95,2198,0.3275705186533212,0.0241596638655462,0.0638888888888888,True,unconditional_probability_any_automated_error_per_patient_cluster,automated_decisions_observed
Random lead training,rhythm,STACH,12-lead,1904,0.0150500959039962,0.0284985145393578,descriptive_patient_binomial_exact_95,2198,0.9549590536851684,0.0210084033613445,0.0195331110052405,True,unconditional_probability_any_automated_error_per_patient_cluster,automated_decisions_observed
Random lead training,rhythm,STACH,2-lead,1904,0.0093653966765593,0.0205654990261102,descriptive_patient_binomial_exact_95,2198,0.9535941765241128,0.0141806722689075,0.0128816793893129,True,unconditional_probability_any_automated_error_per_patient_cluster,automated_decisions_observed
Random lead training,rhythm,SVARR,12-lead,1904,0.0040255811296902,0.0123062402815823,descriptive_patient_binomial_exact_95,2198,1.0,0.0073529411764705,0.0063694267515923,True,unconditional_probability_any_automated_error_per_patient_cluster,automated_decisions_observed
Random lead training,rhythm,SVARR,2-lead,1904,0.0040255811296902,0.0123062402815823,descriptive_patient_binomial_exact_95,2198,1.0,0.0073529411764705,0.0063694267515923,True,unconditional_probability_any_automated_error_per_patient_cluster,automated_decisions_observed
Random lead training,rhythm,SVTAC,12-lead,1904,0.0008532041424262,0.006117600312174,descriptive_patient_binomial_exact_95,2198,1.0,0.002626050420168,0.0022747952684258,True,unconditional_probability_any_automated_error_per_patient_cluster,automated_decisions_observed
Random lead training,rhythm,SVTAC,2-lead,1904,0.0005726956596025,0.0053701745948348,descriptive_patient_binomial_exact_95,2198,1.0,0.0021008403361344,0.0018198362147406,True,unconditional_probability_any_automated_error_per_patient_cluster,automated_decisions_observed
Random lead training,rhythm,TRIGU,12-lead,1904,0.000127236080046,0.0037892762482753,descriptive_patient_binomial_exact_95,2198,1.0,0.0010504201680672,0.0009099181073703,True,unconditional_probability_any_automated_error_per_patient_cluster,automated_decisions_observed
Random lead training,rhythm,TRIGU,2-lead,1904,0.000127236080046,0.0037892762482753,descriptive_patient_binomial_exact_95,2198,1.0,0.0010504201680672,0.0009099181073703,True,unconditional_probability_any_automated_error_per_patient_cluster,automated_decisions_observed
Random lead training,rhythm,AFIB-or-AFLT,12-lead,1904,0.0141612129276539,0.0272918072125024,descriptive_patient_binomial_exact_95,2198,0.8439490445859873,0.0199579831932773,0.0215633423180593,True,unconditional_probability_any_automated_error_per_patient_cluster,automated_decisions_observed
Random lead training,rhythm,AFIB-or-AFLT,2-lead,1904,0.0141612129276539,0.0272918072125024,descriptive_patient_binomial_exact_95,2198,0.9099181073703366,0.0199579831932773,0.0205,True,unconditional_probability_any_automated_error_per_patient_cluster,automated_decisions_observed
Twelve-lead model masked to I+II,superclass,NORM,12-lead,1904,0.015943201136198,0.0297011419240141,descriptive_patient_binomial_exact_95,2198,0.2302092811646952,0.0220588235294117,0.0830039525691699,True,unconditional_probability_any_automated_error_per_patient_cluster,automated_decisions_observed
Twelve-lead model masked to I+II,superclass,NORM,2-lead,1904,0.0195524533465,0.034475957306158,descriptive_patient_binomial_exact_95,2198,0.045950864422202,0.0262605042016806,0.495049504950495,True,unconditional_probability_any_automated_error_per_patient_cluster,automated_decisions_observed
Twelve-lead model masked to I+II,superclass,MI,12-lead,1904,0.0177409401147366,0.0320952336134982,descriptive_patient_binomial_exact_95,2198,0.4977252047315741,0.0241596638655462,0.0429616087751371,True,unconditional_probability_any_automated_error_per_patient_cluster,automated_decisions_observed
Twelve-lead model masked to I+II,superclass,MI,2-lead,1904,0.0213761523476492,0.0368448263762938,descriptive_patient_binomial_exact_95,2198,0.1019108280254777,0.0283613445378151,0.25,True,unconditional_probability_any_automated_error_per_patient_cluster,automated_decisions_observed
Twelve-lead model masked to I+II,superclass,STTC,12-lead,1904,0.015943201136198,0.0297011419240141,descriptive_patient_binomial_exact_95,2198,0.5614194722474978,0.0220588235294117,0.0340356564019448,True,unconditional_probability_any_automated_error_per_patient_cluster,automated_decisions_observed
Twelve-lead model masked to I+II,superclass,STTC,2-lead,1904,0.0190983761429021,0.0338819416604357,descriptive_patient_binomial_exact_95,2198,0.2047315741583257,0.025735294117647,0.1111111111111111,True,unconditional_probability_any_automated_error_per_patient_cluster,automated_decisions_observed
Twelve-lead model masked to I+II,superclass,CD,12-lead,1904,0.0128365435694092,0.0254734004611979,descriptive_patient_binomial_exact_95,2198,0.4531392174704277,0.0183823529411764,0.0351405622489959,True,unconditional_probability_any_automated_error_per_patient_cluster,automated_decisions_observed
Twelve-lead model masked to I+II,superclass,CD,2-lead,1904,0.0106553026376106,0.0224172217318047,descriptive_patient_binomial_exact_95,2198,0.0323020928116469,0.0157563025210084,0.4225352112676056,True,unconditional_probability_any_automated_error_per_patient_cluster,automated_decisions_observed
Twelve-lead model masked to I+II,superclass,HYP,12-lead,1904,0.0097936078921102,0.0211844150705441,descriptive_patient_binomial_exact_95,2198,0.5686988171064604,0.0147058823529411,0.0224,True,unconditional_probability_any_automated_error_per_patient_cluster,automated_decisions_observed
Twelve-lead model masked to I+II,superclass,HYP,2-lead,1904,0.0102236067752161,0.0218016280442997,descriptive_patient_binomial_exact_95,2198,0.2684258416742493,0.0152310924369747,0.0491525423728813,True,unconditional_probability_any_automated_error_per_patient_cluster,automated_decisions_observed
Twelve-lead model masked to I+II,subcode,1AVB,12-lead,1904,0.0097936078921102,0.0211844150705441,descriptive_patient_binomial_exact_95,2198,0.8020928116469518,0.0147058823529411,0.0175836642087351,True,unconditional_probability_any_automated_error_per_patient_cluster,automated_decisions_observed
Twelve-lead model masked to I+II,subcode,1AVB,2-lead,1904,0.0089390723001765,0.0199447885371015,descriptive_patient_binomial_exact_95,2198,0.5855323020928116,0.0136554621848739,0.0217560217560217,True,unconditional_probability_any_automated_error_per_patient_cluster,automated_decisions_observed
Twelve-lead model masked to I+II,subcode,2AVB,12-lead,1904,1.3297079652028435e-05,0.0029227725998681,descriptive_patient_binomial_exact_95,2198,1.0,0.0005252100840336,0.0004549590536851,True,unconditional_probability_any_automated_error_per_patient_cluster,automated_decisions_observed
Twelve-lead model masked to I+II,subcode,2AVB,2-lead,1904,1.3297079652028435e-05,0.0029227725998681,descriptive_patient_binomial_exact_95,2198,1.0,0.0005252100840336,0.0004549590536851,True,unconditional_probability_any_automated_error_per_patient_cluster,automated_decisions_observed
Twelve-lead model masked to I+II,subcode,3AVB,12-lead,1904,0.000127236080046,0.0037892762482753,descriptive_patient_binomial_exact_95,2198,1.0,0.0010504201680672,0.0009099181073703,True,unconditional_probability_any_automated_error_per_patient_cluster,automated_decisions_observed
Twelve-lead model masked to I+II,subcode,3AVB,2-lead,1904,0.000127236080046,0.0037892762482753,descriptive_patient_binomial_exact_95,2198,1.0,0.0010504201680672,0.0009099181073703,True,unconditional_probability_any_automated_error_per_patient_cluster,automated_decisions_observed
Twelve-lead model masked to I+II,subcode,ALMI,12-lead,1904,0.0068399830295215,0.0168104476243806,descriptive_patient_binomial_exact_95,2198,1.0,0.0110294117647058,0.0122838944494995,True,unconditional_probability_any_automated_error_per_patient_cluster,automated_decisions_observed
Twelve-lead model masked to I+II,subcode,ALMI,2-lead,1904,0.0068399830295215,0.0168104476243806,descriptive_patient_binomial_exact_95,2198,1.0,0.0110294117647058,0.0122838944494995,True,unconditional_probability_any_automated_error_per_patient_cluster,automated_decisions_observed
Twelve-lead model masked to I+II,subcode,AMI,12-lead,1904,0.0123974877481214,0.024864858379905,descriptive_patient_binomial_exact_95,2198,1.0,0.0178571428571428,0.0159235668789808,True,unconditional_probability_any_automated_error_per_patient_cluster,automated_decisions_observed
Twelve-lead model masked to I+II,subcode,AMI,2-lead,1904,0.0123974877481214,0.024864858379905,descriptive_patient_binomial_exact_95,2198,1.0,0.0178571428571428,0.0159235668789808,True,unconditional_probability_any_automated_error_per_patient_cluster,automated_decisions_observed
Twelve-lead model masked to I+II,subcode,ANEUR,12-lead,1904,0.0021636446030513,0.0089540664399013,descriptive_patient_binomial_exact_95,2198,1.0,0.0047268907563025,0.0045495905368516,True,unconditional_probability_any_automated_error_per_patient_cluster,automated_decisions_observed
Twelve-lead model masked to I+II,subcode,ANEUR,2-lead,1904,0.0021636446030513,0.0089540664399013,descriptive_patient_binomial_exact_95,2198,1.0,0.0047268907563025,0.0045495905368516,True,unconditional_probability_any_automated_error_per_patient_cluster,automated_decisions_observed
Twelve-lead model masked to I+II,subcode,ASMI,12-lead,1904,0.0168402358406205,0.0308999661704421,descriptive_patient_binomial_exact_95,2198,0.762056414922657,0.0231092436974789,0.0274626865671641,True,unconditional_probability_any_automated_error_per_patient_cluster,automated_decisions_observed
Twelve-lead model masked to I+II,subcode,ASMI,2-lead,1904,0.0106553026376106,0.0224172217318047,descriptive_patient_binomial_exact_95,2198,0.1496815286624203,0.0157563025210084,0.094224924012158,True,unconditional_probability_any_automated_error_per_patient_cluster,automated_decisions_observed
Twelve-lead model masked to I+II,subcode,CLBBB,12-lead,1904,0.0132768840221513,0.0260807071022825,descriptive_patient_binomial_exact_95,2198,0.9981801637852592,0.01890756302521,0.0177757520510483,True,unconditional_probability_any_automated_error_per_patient_cluster,automated_decisions_observed
Twelve-lead model masked to I+II,subcode,CLBBB,2-lead,1904,0.0115234592057688,0.0236438534517825,descriptive_patient_binomial_exact_95,2198,0.989080982711556,0.0168067226890756,0.0179392824287028,True,unconditional_probability_any_automated_error_per_patient_cluster,automated_decisions_observed
Twelve-lead model masked to I+II,subcode,CRBBB,12-lead,1904,0.0137184567547216,0.0266868273944456,descriptive_patient_binomial_exact_95,2198,0.9927206551410374,0.0194327731092436,0.0183318056828597,True,unconditional_probability_any_automated_error_per_patient_cluster,automated_decisions_observed
Twelve-lead model masked to I+II,subcode,CRBBB,2-lead,1904,0.0089390723001765,0.0199447885371015,descriptive_patient_binomial_exact_95,2198,0.6105550500454959,0.0136554621848739,0.0230998509687034,True,unconditional_probability_any_automated_error_per_patient_cluster,automated_decisions_observed
Twelve-lead model masked to I+II,subcode,DIG,12-lead,1904,0.0052095778334738,0.0142571346532743,descriptive_patient_binomial_exact_95,2198,1.0,0.0089285714285714,0.008189262966333,True,unconditional_probability_any_automated_error_per_patient_cluster,automated_decisions_observed
Twelve-lead model masked to I+II,subcode,DIG,2-lead,1904,0.0052095778334738,0.0142571346532743,descriptive_patient_binomial_exact_95,2198,1.0,0.0089285714285714,0.008189262966333,True,unconditional_probability_any_automated_error_per_patient_cluster,automated_decisions_observed
Twelve-lead model masked to I+II,subcode,EL,12-lead,1904,0.0021636446030513,0.0089540664399013,descriptive_patient_binomial_exact_95,2198,1.0,0.0047268907563025,0.0040946314831665,True,unconditional_probability_any_automated_error_per_patient_cluster,automated_decisions_observed
Twelve-lead model masked to I+II,subcode,EL,2-lead,1904,0.0021636446030513,0.0089540664399013,descriptive_patient_binomial_exact_95,2198,1.0,0.0047268907563025,0.0040946314831665,True,unconditional_probability_any_automated_error_per_patient_cluster,automated_decisions_observed
Twelve-lead model masked to I+II,subcode,ILBBB,12-lead,1904,0.0018156796479323,0.0082621146754455,descriptive_patient_binomial_exact_95,2198,1.0,0.0042016806722689,0.0036396724294813,True,unconditional_probability_any_automated_error_per_patient_cluster,automated_decisions_observed
Twelve-lead model masked to I+II,subcode,ILBBB,2-lead,1904,0.0018156796479323,0.0082621146754455,descriptive_patient_binomial_exact_95,2198,1.0,0.0042016806722689,0.0036396724294813,True,unconditional_probability_any_automated_error_per_patient_cluster,automated_decisions_observed
Twelve-lead model masked to I+II,subcode,ILMI,12-lead,1904,0.0132768840221513,0.0260807071022825,descriptive_patient_binomial_exact_95,2198,0.9886260236578708,0.01890756302521,0.0174873446847676,True,unconditional_probability_any_automated_error_per_patient_cluster,automated_decisions_observed
Twelve-lead model masked to I+II,subcode,ILMI,2-lead,1904,0.0119597727867984,0.0242550282250256,descriptive_patient_binomial_exact_95,2198,0.9526842584167424,0.0173319327731092,0.0171919770773638,True,unconditional_probability_any_automated_error_per_patient_cluster,automated_decisions_observed
Twelve-lead model masked to I+II,subcode,IMI,12-lead,1904,0.0128365435694092,0.0254734004611979,descriptive_patient_binomial_exact_95,2198,0.5896269335759782,0.0183823529411764,0.0285493827160493,True,unconditional_probability_any_automated_error_per_patient_cluster,automated_decisions_observed
Twelve-lead model masked to I+II,subcode,IMI,2-lead,1904,0.0181925948720326,0.032691603309056,descriptive_patient_binomial_exact_95,2198,0.2752502274795268,0.0246848739495798,0.0793388429752066,True,unconditional_probability_any_automated_error_per_patient_cluster,automated_decisions_observed
Twelve-lead model masked to I+II,subcode,INJAL,12-lead,1904,0.0036403402349144,0.011647327832048,descriptive_patient_binomial_exact_95,2198,1.0,0.0068277310924369,0.0063694267515923,True,unconditional_probability_any_automated_error_per_patient_cluster,automated_decisions_observed
Twelve-lead model masked to I+II,subcode,INJAL,2-lead,1904,0.0036403402349144,0.011647327832048,descriptive_patient_binomial_exact_95,2198,1.0,0.0068277310924369,0.0063694267515923,True,unconditional_probability_any_automated_error_per_patient_cluster,automated_decisions_observed
Twelve-lead model masked to I+II,subcode,INJAS,12-lead,1904,0.0068399830295215,0.0168104476243806,descriptive_patient_binomial_exact_95,2198,1.0,0.0110294117647058,0.0100090991810737,True,unconditional_probability_any_automated_error_per_patient_cluster,automated_decisions_observed
Twelve-lead model masked to I+II,subcode,INJAS,2-lead,1904,0.0068399830295215,0.0168104476243806,descriptive_patient_binomial_exact_95,2198,1.0,0.0110294117647058,0.0100090991810737,True,unconditional_probability_any_automated_error_per_patient_cluster,automated_decisions_observed
Twelve-lead model masked to I+II,subcode,INJIL,12-lead,1904,0.000127236080046,0.0037892762482753,descriptive_patient_binomial_exact_95,2198,1.0,0.0010504201680672,0.0009099181073703,True,unconditional_probability_any_automated_error_per_patient_cluster,automated_decisions_observed
Twelve-lead model masked to I+II,subcode,INJIL,2-lead,1904,0.000127236080046,0.0037892762482753,descriptive_patient_binomial_exact_95,2198,1.0,0.0010504201680672,0.0009099181073703,True,unconditional_probability_any_automated_error_per_patient_cluster,automated_decisions_observed
Twelve-lead model masked to I+II,subcode,INJIN,12-lead,1904,1.3297079652028435e-05,0.0029227725998681,descriptive_patient_binomial_exact_95,2198,1.0,0.0005252100840336,0.0009099181073703,True,unconditional_probability_any_automated_error_per_patient_cluster,automated_decisions_observed
Twelve-lead model masked to I+II,subcode,INJIN,2-lead,1904,1.3297079652028435e-05,0.0029227725998681,descriptive_patient_binomial_exact_95,2198,1.0,0.0005252100840336,0.0009099181073703,True,unconditional_probability_any_automated_error_per_patient_cluster,automated_decisions_observed
Twelve-lead model masked to I+II,subcode,INJLA,12-lead,1904,0.000127236080046,0.0037892762482753,descriptive_patient_binomial_exact_95,2198,1.0,0.0010504201680672,0.0009099181073703,True,unconditional_probability_any_automated_error_per_patient_cluster,automated_decisions_observed
Twelve-lead model masked to I+II,subcode,INJLA,2-lead,1904,0.000127236080046,0.0037892762482753,descriptive_patient_binomial_exact_95,2198,1.0,0.0010504201680672,0.0009099181073703,True,unconditional_probability_any_automated_error_per_patient_cluster,automated_decisions_observed
Twelve-lead model masked to I+II,subcode,IPLMI,12-lead,1904,0.0008532041424262,0.006117600312174,descriptive_patient_binomial_exact_95,2198,1.0,0.002626050420168,0.0022747952684258,True,unconditional_probability_any_automated_error_per_patient_cluster,automated_decisions_observed
Twelve-lead model masked to I+II,subcode,IPLMI,2-lead,1904,0.0008532041424262,0.006117600312174,descriptive_patient_binomial_exact_95,2198,1.0,0.002626050420168,0.0022747952684258,True,unconditional_probability_any_automated_error_per_patient_cluster,automated_decisions_observed
Twelve-lead model masked to I+II,subcode,IPMI,12-lead,1904,0.0003250507794337,0.0045976910079352,descriptive_patient_binomial_exact_95,2198,1.0,0.0015756302521008,0.0013648771610555,True,unconditional_probability_any_automated_error_per_patient_cluster,automated_decisions_observed
Twelve-lead model masked to I+II,subcode,IPMI,2-lead,1904,0.0003250507794337,0.0045976910079352,descriptive_patient_binomial_exact_95,2198,1.0,0.0015756302521008,0.0013648771610555,True,unconditional_probability_any_automated_error_per_patient_cluster,automated_decisions_observed
Twelve-lead model masked to I+II,subcode,IRBBB,12-lead,1904,0.0150500959039962,0.0284985145393578,descriptive_patient_binomial_exact_95,2198,0.805277525022748,0.0210084033613445,0.0242937853107344,True,unconditional_probability_any_automated_error_per_patient_cluster,automated_decisions_observed
Twelve-lead model masked to I+II,subcode,IRBBB,2-lead,1904,0.0018156796479323,0.0082621146754455,descriptive_patient_binomial_exact_95,2198,0.0491355777979981,0.0042016806722689,0.074074074074074,True,unconditional_probability_any_automated_error_per_patient_cluster,automated_decisions_observed
Twelve-lead model masked to I+II,subcode,ISCAL,12-lead,1904,0.0141612129276539,0.0272918072125024,descriptive_patient_binomial_exact_95,2198,0.9390354868061874,0.0199579831932773,0.0188953488372093,True,unconditional_probability_any_automated_error_per_patient_cluster,automated_decisions_observed
Twelve-lead model masked to I+II,subcode,ISCAL,2-lead,1904,0.0102236067752161,0.0218016280442997,descriptive_patient_binomial_exact_95,2198,0.8152866242038217,0.0152310924369747,0.0161830357142857,True,unconditional_probability_any_automated_error_per_patient_cluster,automated_decisions_observed
Twelve-lead model masked to I+II,subcode,ISCAN,12-lead,1904,0.0005726956596025,0.0053701745948348,descriptive_patient_binomial_exact_95,2198,1.0,0.0021008403361344,0.0018198362147406,True,unconditional_probability_any_automated_error_per_patient_cluster,automated_decisions_observed
Twelve-lead model masked to I+II,subcode,ISCAN,2-lead,1904,0.0005726956596025,0.0053701745948348,descriptive_patient_binomial_exact_95,2198,1.0,0.0021008403361344,0.0018198362147406,True,unconditional_probability_any_automated_error_per_patient_cluster,automated_decisions_observed
Twelve-lead model masked to I+II,subcode,ISCAS,12-lead,1904,0.0048106557242481,0.0136107490454751,descriptive_patient_binomial_exact_95,2198,1.0,0.0084033613445378,0.0077343039126478,True,unconditional_probability_any_automated_error_per_patient_cluster,automated_decisions_observed
Twelve-lead model masked to I+II,subcode,ISCAS,2-lead,1904,0.0048106557242481,0.0136107490454751,descriptive_patient_binomial_exact_95,2198,1.0,0.0084033613445378,0.0077343039126478,True,unconditional_probability_any_automated_error_per_patient_cluster,automated_decisions_observed
Twelve-lead model masked to I+II,subcode,ISCIL,12-lead,1904,0.0056122602438004,0.0149000418436225,descriptive_patient_binomial_exact_95,2198,1.0,0.009453781512605,0.008189262966333,True,unconditional_probability_any_automated_error_per_patient_cluster,automated_decisions_observed
Twelve-lead model masked to I+II,subcode,ISCIL,2-lead,1904,0.0056122602438004,0.0149000418436225,descriptive_patient_binomial_exact_95,2198,1.0,0.009453781512605,0.008189262966333,True,unconditional_probability_any_automated_error_per_patient_cluster,automated_decisions_observed
Twelve-lead model masked to I+II,subcode,ISCIN,12-lead,1904,0.007254994549717,0.017441847713472,descriptive_patient_binomial_exact_95,2198,1.0,0.0115546218487394,0.0100090991810737,True,unconditional_probability_any_automated_error_per_patient_cluster,automated_decisions_observed
Twelve-lead model masked to I+II,subcode,ISCIN,2-lead,1904,0.007254994549717,0.017441847713472,descriptive_patient_binomial_exact_95,2198,1.0,0.0115546218487394,0.0100090991810737,True,unconditional_probability_any_automated_error_per_patient_cluster,automated_decisions_observed
Twelve-lead model masked to I+II,subcode,ISCLA,12-lead,1904,0.0036403402349144,0.011647327832048,descriptive_patient_binomial_exact_95,2198,1.0,0.0068277310924369,0.0059144676979071,True,unconditional_probability_any_automated_error_per_patient_cluster,automated_decisions_observed
Twelve-lead model masked to I+II,subcode,ISCLA,2-lead,1904,0.0036403402349144,0.011647327832048,descriptive_patient_binomial_exact_95,2198,1.0,0.0068277310924369,0.0059144676979071,True,unconditional_probability_any_automated_error_per_patient_cluster,automated_decisions_observed
Twelve-lead model masked to I+II,subcode,ISC_,12-lead,1904,0.0123974877481214,0.024864858379905,descriptive_patient_binomial_exact_95,2198,0.9103730664240218,0.0178571428571428,0.0179910044977511,True,unconditional_probability_any_automated_error_per_patient_cluster,automated_decisions_observed
Twelve-lead model masked to I+II,subcode,ISC_,2-lead,1904,0.0,0.001935561069118,descriptive_patient_binomial_exact_95,2198,0.0,0.0,,True,unconditional_probability_any_automated_error_per_patient_cluster,no_automated_decisions
Twelve-lead model masked to I+II,subcode,IVCD,12-lead,1904,0.0137184567547216,0.0266868273944456,descriptive_patient_binomial_exact_95,2198,0.7074613284804367,0.0194327731092436,0.0237942122186495,True,unconditional_probability_any_automated_error_per_patient_cluster,automated_decisions_observed
Twelve-lead model masked to I+II,subcode,IVCD,2-lead,1904,0.0076725649625336,0.0180708405304503,descriptive_patient_binomial_exact_95,2198,0.4968152866242038,0.0120798319327731,0.0219780219780219,True,unconditional_probability_any_automated_error_per_patient_cluster,automated_decisions_observed
Twelve-lead model masked to I+II,subcode,LAFB,12-lead,1904,0.0146051068918938,0.027895689502885,descriptive_patient_binomial_exact_95,2198,0.8130118289353958,0.0204831932773109,0.0218242865137101,True,unconditional_probability_any_automated_error_per_patient_cluster,automated_decisions_observed
Twelve-lead model masked to I+II,subcode,LAFB,2-lead,1904,0.0,0.001935561069118,descriptive_patient_binomial_exact_95,2198,0.0,0.0,,True,unconditional_probability_any_automated_error_per_patient_cluster,no_automated_decisions
Twelve-lead model masked to I+II,subcode,LAO/LAE,12-lead,1904,0.0132768840221513,0.0260807071022825,descriptive_patient_binomial_exact_95,2198,0.9731574158325752,0.01890756302521,0.0168302945301542,True,unconditional_probability_any_automated_error_per_patient_cluster,automated_decisions_observed
Twelve-lead model masked to I+II,subcode,LAO/LAE,2-lead,1904,0.0146051068918938,0.027895689502885,descriptive_patient_binomial_exact_95,2198,0.9854413102820746,0.0204831932773109,0.0180055401662049,True,unconditional_probability_any_automated_error_per_patient_cluster,automated_decisions_observed
Twelve-lead model masked to I+II,subcode,LMI,12-lead,1904,0.0060183949778209,0.0155397424820632,descriptive_patient_binomial_exact_95,2198,1.0,0.0099789915966386,0.0090991810737033,True,unconditional_probability_any_automated_error_per_patient_cluster,automated_decisions_observed
Twelve-lead model masked to I+II,subcode,LMI,2-lead,1904,0.0060183949778209,0.0155397424820632,descriptive_patient_binomial_exact_95,2198,1.0,0.0099789915966386,0.0090991810737033,True,unconditional_probability_any_automated_error_per_patient_cluster,automated_decisions_observed
Twelve-lead model masked to I+II,subcode,LNGQT,12-lead,1904,0.0025213732732201,0.0096375242340095,descriptive_patient_binomial_exact_95,2198,1.0,0.0052521008403361,0.0050045495905368,True,unconditional_probability_any_automated_error_per_patient_cluster,automated_decisions_observed
Twelve-lead model masked to I+II,subcode,LNGQT,2-lead,1904,0.0025213732732201,0.0096375242340095,descriptive_patient_binomial_exact_95,2198,1.0,0.0052521008403361,0.0050045495905368,True,unconditional_probability_any_automated_error_per_patient_cluster,automated_decisions_observed
Twelve-lead model masked to I+II,subcode,LPFB,12-lead,1904,0.0048106557242481,0.0136107490454751,descriptive_patient_binomial_exact_95,2198,1.0,0.0084033613445378,0.008189262966333,True,unconditional_probability_any_automated_error_per_patient_cluster,automated_decisions_observed
Twelve-lead model masked to I+II,subcode,LPFB,2-lead,1904,0.0048106557242481,0.0136107490454751,descriptive_patient_binomial_exact_95,2198,1.0,0.0084033613445378,0.008189262966333,True,unconditional_probability_any_automated_error_per_patient_cluster,automated_decisions_observed
Twelve-lead model masked to I+II,subcode,LVH,12-lead,1904,0.0076725649625336,0.0180708405304503,descriptive_patient_binomial_exact_95,2198,0.6537761601455869,0.0120798319327731,0.0160055671537926,True,unconditional_probability_any_automated_error_per_patient_cluster,automated_decisions_observed
Twelve-lead model masked to I+II,subcode,LVH,2-lead,1904,0.0,0.001935561069118,descriptive_patient_binomial_exact_95,2198,0.0,0.0,,True,unconditional_probability_any_automated_error_per_patient_cluster,no_automated_decisions
Twelve-lead model masked to I+II,subcode,NDT,12-lead,1904,0.0172901443833582,0.0314980301572909,descriptive_patient_binomial_exact_95,2198,0.7174704276615105,0.0236344537815126,0.0291693088142041,True,unconditional_probability_any_automated_error_per_patient_cluster,automated_decisions_observed
Twelve-lead model masked to I+II,subcode,NDT,2-lead,1904,0.0110886122910347,0.023031273183615,descriptive_patient_binomial_exact_95,2198,0.2852593266606005,0.016281512605042,0.0494417862838915,True,unconditional_probability_any_automated_error_per_patient_cluster,automated_decisions_observed
Twelve-lead model masked to I+II,subcode,NORM,12-lead,1904,0.015943201136198,0.0297011419240141,descriptive_patient_binomial_exact_95,2198,0.2279344858962693,0.0220588235294117,0.0838323353293413,True,unconditional_probability_any_automated_error_per_patient_cluster,automated_decisions_observed
Twelve-lead model masked to I+II,subcode,NORM,2-lead,1904,0.0044158509223903,0.0129605720442676,descriptive_patient_binomial_exact_95,2198,0.0159235668789808,0.0078781512605042,0.4285714285714285,True,unconditional_probability_any_automated_error_per_patient_cluster,automated_decisions_observed
Twelve-lead model masked to I+II,subcode,NST_,12-lead,1904,0.0123974877481214,0.024864858379905,descriptive_patient_binomial_exact_95,2198,0.824385805277525,0.0178571428571428,0.0187637969094922,True,unconditional_probability_any_automated_error_per_patient_cluster,automated_decisions_observed
Twelve-lead model masked to I+II,subcode,NST_,2-lead,1904,0.0132768840221513,0.0260807071022825,descriptive_patient_binomial_exact_95,2198,0.6760691537761602,0.01890756302521,0.0248990578734858,True,unconditional_probability_any_automated_error_per_patient_cluster,automated_decisions_observed
Twelve-lead model masked to I+II,subcode,PMI,12-lead,1904,0.000127236080046,0.0037892762482753,descriptive_patient_binomial_exact_95,2198,1.0,0.0010504201680672,0.0009099181073703,True,unconditional_probability_any_automated_error_per_patient_cluster,automated_decisions_observed
Twelve-lead model masked to I+II,subcode,PMI,2-lead,1904,0.000127236080046,0.0037892762482753,descriptive_patient_binomial_exact_95,2198,1.0,0.0010504201680672,0.0009099181073703,True,unconditional_probability_any_automated_error_per_patient_cluster,automated_decisions_observed
Twelve-lead model masked to I+II,subcode,RAO/RAE,12-lead,1904,0.0025213732732201,0.0096375242340095,descriptive_patient_binomial_exact_95,2198,1.0,0.0052521008403361,0.0045495905368516,True,unconditional_probability_any_automated_error_per_patient_cluster,automated_decisions_observed
Twelve-lead model masked to I+II,subcode,RAO/RAE,2-lead,1904,0.0025213732732201,0.0096375242340095,descriptive_patient_binomial_exact_95,2198,1.0,0.0052521008403361,0.0045495905368516,True,unconditional_probability_any_automated_error_per_patient_cluster,automated_decisions_observed
Twelve-lead model masked to I+II,subcode,RVH,12-lead,1904,0.0032607192800543,0.0109833299871097,descriptive_patient_binomial_exact_95,2198,1.0,0.0063025210084033,0.005459508644222,True,unconditional_probability_any_automated_error_per_patient_cluster,automated_decisions_observed
Twelve-lead model masked to I+II,subcode,RVH,2-lead,1904,0.0032607192800543,0.0109833299871097,descriptive_patient_binomial_exact_95,2198,1.0,0.0063025210084033,0.005459508644222,True,unconditional_probability_any_automated_error_per_patient_cluster,automated_decisions_observed
Twelve-lead model masked to I+II,subcode,SEHYP,12-lead,1904,0.000127236080046,0.0037892762482753,descriptive_patient_binomial_exact_95,2198,1.0,0.0010504201680672,0.0009099181073703,True,unconditional_probability_any_automated_error_per_patient_cluster,automated_decisions_observed
Twelve-lead model masked to I+II,subcode,SEHYP,2-lead,1904,0.000127236080046,0.0037892762482753,descriptive_patient_binomial_exact_95,2198,1.0,0.0010504201680672,0.0009099181073703,True,unconditional_probability_any_automated_error_per_patient_cluster,automated_decisions_observed
Twelve-lead model masked to I+II,subcode,WPW,12-lead,1904,0.0018156796479323,0.0082621146754455,descriptive_patient_binomial_exact_95,2198,1.0,0.0042016806722689,0.0036396724294813,True,unconditional_probability_any_automated_error_per_patient_cluster,automated_decisions_observed
Twelve-lead model masked to I+II,subcode,WPW,2-lead,1904,0.0018156796479323,0.0082621146754455,descriptive_patient_binomial_exact_95,2198,1.0,0.0042016806722689,0.0036396724294813,True,unconditional_probability_any_automated_error_per_patient_cluster,automated_decisions_observed
Twelve-lead model masked to I+II,rhythm,AFIB,12-lead,1904,0.0146051068918938,0.027895689502885,descriptive_patient_binomial_exact_95,2198,0.8480436760691538,0.0204831932773109,0.0219957081545064,True,unconditional_probability_any_automated_error_per_patient_cluster,automated_decisions_observed
Twelve-lead model masked to I+II,rhythm,AFIB,2-lead,1904,0.0154961398732107,0.0291003201506984,descriptive_patient_binomial_exact_95,2198,0.575523202911738,0.0215336134453781,0.0347826086956521,True,unconditional_probability_any_automated_error_per_patient_cluster,automated_decisions_observed
Twelve-lead model masked to I+II,rhythm,AFLT,12-lead,1904,0.0056122602438004,0.0149000418436225,descriptive_patient_binomial_exact_95,2198,1.0,0.009453781512605,0.0086442220200181,True,unconditional_probability_any_automated_error_per_patient_cluster,automated_decisions_observed
Twelve-lead model masked to I+II,rhythm,AFLT,2-lead,1904,0.0036403402349144,0.011647327832048,descriptive_patient_binomial_exact_95,2198,1.0,0.0068277310924369,0.0063694267515923,True,unconditional_probability_any_automated_error_per_patient_cluster,automated_decisions_observed
Twelve-lead model masked to I+II,rhythm,BIGU,12-lead,1904,0.0018156796479323,0.0082621146754455,descriptive_patient_binomial_exact_95,2198,1.0,0.0042016806722689,0.0036396724294813,True,unconditional_probability_any_automated_error_per_patient_cluster,automated_decisions_observed
Twelve-lead model masked to I+II,rhythm,BIGU,2-lead,1904,0.0018156796479323,0.0082621146754455,descriptive_patient_binomial_exact_95,2198,1.0,0.0042016806722689,0.0036396724294813,True,unconditional_probability_any_automated_error_per_patient_cluster,automated_decisions_observed
Twelve-lead model masked to I+II,rhythm,PACE,12-lead,1904,0.0076725649625336,0.0180708405304503,descriptive_patient_binomial_exact_95,2198,1.0,0.0120798319327731,0.010919017288444,True,unconditional_probability_any_automated_error_per_patient_cluster,automated_decisions_observed
Twelve-lead model masked to I+II,rhythm,PACE,2-lead,1904,0.0186450819799944,0.0332871646266348,descriptive_patient_binomial_exact_95,2198,0.6346678798908099,0.0252100840336134,0.0351254480286738,True,unconditional_probability_any_automated_error_per_patient_cluster,automated_decisions_observed
Twelve-lead model masked to I+II,rhythm,PSVT,12-lead,1904,0.0008532041424262,0.006117600312174,descriptive_patient_binomial_exact_95,2198,1.0,0.002626050420168,0.0022747952684258,True,unconditional_probability_any_automated_error_per_patient_cluster,automated_decisions_observed
Twelve-lead model masked to I+II,rhythm,PSVT,2-lead,1904,0.0003250507794337,0.0045976910079352,descriptive_patient_binomial_exact_95,2198,1.0,0.0015756302521008,0.0013648771610555,True,unconditional_probability_any_automated_error_per_patient_cluster,automated_decisions_observed
Twelve-lead model masked to I+II,rhythm,SARRH,12-lead,1904,0.007254994549717,0.017441847713472,descriptive_patient_binomial_exact_95,2198,0.5245677888989991,0.0115546218487394,0.0190806591500433,True,unconditional_probability_any_automated_error_per_patient_cluster,automated_decisions_observed
Twelve-lead model masked to I+II,rhythm,SARRH,2-lead,1904,0.015943201136198,0.0297011419240141,descriptive_patient_binomial_exact_95,2198,0.510919017288444,0.0220588235294117,0.0373998219056099,True,unconditional_probability_any_automated_error_per_patient_cluster,automated_decisions_observed
Twelve-lead model masked to I+II,rhythm,SBRAD,12-lead,1904,0.0172901443833582,0.0314980301572909,descriptive_patient_binomial_exact_95,2198,0.9854413102820746,0.0236344537815126,0.0221606648199446,True,unconditional_probability_any_automated_error_per_patient_cluster,automated_decisions_observed
Twelve-lead model masked to I+II,rhythm,SBRAD,2-lead,1904,0.0115234592057688,0.0236438534517825,descriptive_patient_binomial_exact_95,2198,0.924476797088262,0.0168067226890756,0.0157480314960629,True,unconditional_probability_any_automated_error_per_patient_cluster,automated_decisions_observed
Twelve-lead model masked to I+II,rhythm,SR,12-lead,1904,0.0177409401147366,0.0320952336134982,descriptive_patient_binomial_exact_95,2198,0.3143767060964513,0.0241596638655462,0.0665701881331403,True,unconditional_probability_any_automated_error_per_patient_cluster,automated_decisions_observed
Twelve-lead model masked to I+II,rhythm,SR,2-lead,1904,0.0040255811296902,0.0123062402815823,descriptive_patient_binomial_exact_95,2198,0.0550500454959053,0.0073529411764705,0.1157024793388429,True,unconditional_probability_any_automated_error_per_patient_cluster,automated_decisions_observed
Twelve-lead model masked to I+II,rhythm,STACH,12-lead,1904,0.0150500959039962,0.0284985145393578,descriptive_patient_binomial_exact_95,2198,0.9549590536851684,0.0210084033613445,0.0195331110052405,True,unconditional_probability_any_automated_error_per_patient_cluster,automated_decisions_observed
Twelve-lead model masked to I+II,rhythm,STACH,2-lead,1904,0.0141612129276539,0.0272918072125024,descriptive_patient_binomial_exact_95,2198,0.7088262056414922,0.0199579831932773,0.0250320924261874,True,unconditional_probability_any_automated_error_per_patient_cluster,automated_decisions_observed
Twelve-lead model masked to I+II,rhythm,SVARR,12-lead,1904,0.0040255811296902,0.0123062402815823,descriptive_patient_binomial_exact_95,2198,1.0,0.0073529411764705,0.0063694267515923,True,unconditional_probability_any_automated_error_per_patient_cluster,automated_decisions_observed
Twelve-lead model masked to I+II,rhythm,SVARR,2-lead,1904,0.0040255811296902,0.0123062402815823,descriptive_patient_binomial_exact_95,2198,1.0,0.0073529411764705,0.0063694267515923,True,unconditional_probability_any_automated_error_per_patient_cluster,automated_decisions_observed
Twelve-lead model masked to I+II,rhythm,SVTAC,12-lead,1904,0.0008532041424262,0.006117600312174,descriptive_patient_binomial_exact_95,2198,1.0,0.002626050420168,0.0022747952684258,True,unconditional_probability_any_automated_error_per_patient_cluster,automated_decisions_observed
Twelve-lead model masked to I+II,rhythm,SVTAC,2-lead,1904,0.0008532041424262,0.006117600312174,descriptive_patient_binomial_exact_95,2198,1.0,0.002626050420168,0.0022747952684258,True,unconditional_probability_any_automated_error_per_patient_cluster,automated_decisions_observed
Twelve-lead model masked to I+II,rhythm,TRIGU,12-lead,1904,0.000127236080046,0.0037892762482753,descriptive_patient_binomial_exact_95,2198,1.0,0.0010504201680672,0.0009099181073703,True,unconditional_probability_any_automated_error_per_patient_cluster,automated_decisions_observed
Twelve-lead model masked to I+II,rhythm,TRIGU,2-lead,1904,0.000127236080046,0.0037892762482753,descriptive_patient_binomial_exact_95,2198,1.0,0.0010504201680672,0.0009099181073703,True,unconditional_probability_any_automated_error_per_patient_cluster,automated_decisions_observed
Twelve-lead model masked to I+II,rhythm,AFIB-or-AFLT,12-lead,1904,0.0141612129276539,0.0272918072125024,descriptive_patient_binomial_exact_95,2198,0.8439490445859873,0.0199579831932773,0.0215633423180593,True,unconditional_probability_any_automated_error_per_patient_cluster,automated_decisions_observed
Twelve-lead model masked to I+II,rhythm,AFIB-or-AFLT,2-lead,1904,0.0154961398732107,0.0291003201506984,descriptive_patient_binomial_exact_95,2198,0.5727934485896269,0.0215336134453781,0.0349483717235901,True,unconditional_probability_any_automated_error_per_patient_cluster,automated_decisions_observed
