approach,diagnosis_group,diagnosis,lead_set,subgroup,value,n_records,n_patients,positive_records,positive_patients,reduced_trust_rate,twelve_lead_acquisition_rate,twelve_lead_rescue_rate,expert_referral_rate,automated_coverage,automated_error,trusted_positive_records,trusted_positive_errors,trusted_negative_records,trusted_negative_errors,trusted_positive_error,trusted_negative_error,automated_sensitivity,automated_specificity,positive_automation_recall,negative_automation_recall,positive_referral_rate,negative_referral_rate,reduced_auroc,reduced_average_precision,reduced_brier,twelve_lead_auroc,twelve_lead_average_precision,twelve_lead_brier
"Previous model, patient analysis",superclass,NORM,2-lead,overall,all,2198,1904,963,882,0.0,1.0,0.0,1.0,0.0,,0,0,0,0,,,,,0.0,0.0,1.0,1.0,0.908945981056163,0.8713945767916274,0.1206610532325178,0.937039699656522,0.9120672689154338,0.1002696427159734
"Previous model, patient analysis",superclass,NORM,2-lead,sex,0,1132,969,516,465,0.0,1.0,0.0,1.0,0.0,,0,0,0,0,,,,,0.0,0.0,1.0,1.0,0.9118563122923588,0.87945954965946,0.1187113225242347,0.94387710158059,0.9281377967207448,0.0947325158218584
"Previous model, patient analysis",superclass,NORM,2-lead,sex,1,1066,935,447,417,0.0,1.0,0.0,1.0,0.0,,0,0,0,0,,,,,0.0,0.0,1.0,1.0,0.9054945372669349,0.8620181325106546,0.1227314989752724,0.9299946149703824,0.8957842732211793,0.1061495936016566
"Previous model, patient analysis",superclass,NORM,2-lead,age_band,40-64,866,755,488,440,0.0,1.0,0.0,1.0,0.0,,0,0,0,0,,,,,0.0,0.0,1.0,1.0,0.8661039552432995,0.8799749166722708,0.1466415909868848,0.905152224824356,0.917258099379492,0.1228183681920583
"Previous model, patient analysis",superclass,NORM,2-lead,age_band,<40,284,266,236,224,0.0,1.0,0.0,1.0,0.0,,0,0,0,0,,,,,0.0,0.0,1.0,1.0,0.7745409604519774,0.9395631384874946,0.1227381331797381,0.8370409604519774,0.9601634977487642,0.1215845727993533
"Previous model, patient analysis",superclass,NORM,2-lead,age_band,65-79,708,615,218,201,0.0,1.0,0.0,1.0,0.0,,0,0,0,0,,,,,0.0,0.0,1.0,1.0,0.9133121138363602,0.7986899347002901,0.1104152766097457,0.9520220932409662,0.879976918559654,0.0814737077372349
"Previous model, patient analysis",superclass,NORM,2-lead,age_band,80+,340,274,21,19,0.0,1.0,0.0,1.0,0.0,,0,0,0,0,,,,,0.0,0.0,1.0,1.0,0.8835647111509181,0.3693371954600596,0.0740874457284888,0.8881922675026124,0.3549695053904433,0.0641722473012013
"Previous model, patient analysis",superclass,NORM,2-lead,quality_flag,baseline_drift:present,236,231,115,113,0.0,1.0,0.0,1.0,0.0,,0,0,0,0,,,,,0.0,0.0,1.0,1.0,0.8997484728710026,0.8820577875301795,0.1270247589509029,0.9442328422565578,0.938323008530189,0.0970073646665148
"Previous model, patient analysis",superclass,NORM,2-lead,quality_flag,baseline_drift:absent,1962,1727,848,789,0.0,1.0,0.0,1.0,0.0,,0,0,0,0,,,,,0.0,0.0,1.0,1.0,0.910042850851936,0.8701208884976593,0.1198955921980943,0.9364382558178924,0.9091504023838112,0.1006620472112192
"Previous model, patient analysis",superclass,NORM,2-lead,quality_flag,static_noise:present,316,292,125,114,0.0,1.0,0.0,1.0,0.0,,0,0,0,0,,,,,0.0,0.0,1.0,1.0,0.8684816753926701,0.8123057841534165,0.1523475337338304,0.911455497382199,0.8687046764998361,0.1229911495090525
"Previous model, patient analysis",superclass,NORM,2-lead,quality_flag,static_noise:absent,1882,1668,838,784,0.0,1.0,0.0,1.0,0.0,,0,0,0,0,,,,,0.0,0.0,1.0,1.0,0.9159739939099664,0.8813729527607544,0.1153406877498319,0.9414154299143188,0.9194218589448018,0.0964545544340324
"Previous model, patient analysis",superclass,NORM,2-lead,quality_flag,burst_noise:present,40,40,17,17,0.0,1.0,0.0,1.0,0.0,,0,0,0,0,,,,,0.0,0.0,1.0,1.0,0.959079283887468,0.949483375466011,0.0909039369470292,0.969309462915601,0.9694255907491204,0.0700841161220865
"Previous model, patient analysis",superclass,NORM,2-lead,quality_flag,burst_noise:absent,2158,1872,946,868,0.0,1.0,0.0,1.0,0.0,,0,0,0,0,,,,,0.0,0.0,1.0,1.0,0.9081288942847772,0.8704909796132073,0.1212126216530088,0.9365044062545788,0.9114740291931128,0.1008291520133578
"Previous model, patient analysis",superclass,NORM,2-lead,quality_flag,electrodes_problems:absent,2195,1901,963,882,0.0,1.0,0.0,1.0,0.0,,0,0,0,0,,,,,0.0,0.0,1.0,1.0,0.9087251014821108,0.8713948859486735,0.1208258795709809,0.9368889158608784,0.9120684673645144,0.1004059221377538
"Previous model, patient analysis",superclass,NORM,2-lead,quality_flag,extra_beats:present,198,184,45,43,0.0,1.0,0.0,1.0,0.0,,0,0,0,0,,,,,0.0,0.0,1.0,1.0,0.9375453885257808,0.7913183740761979,0.0837303221033425,0.9477124183006536,0.8179740434459843,0.0800885036716209
"Previous model, patient analysis",superclass,NORM,2-lead,quality_flag,extra_beats:absent,2000,1757,918,848,0.0,1.0,0.0,1.0,0.0,,0,0,0,0,,,,,0.0,0.0,1.0,1.0,0.9038897547106745,0.874844816816288,0.1243171956143061,0.9347230779763126,0.9158173751745036,0.1022675754813643
"Previous model, patient analysis",superclass,NORM,2-lead,quality_flag,pacemaker:present,29,26,2,2,0.0,1.0,0.0,1.0,0.0,,0,0,0,0,,,,,0.0,0.0,1.0,1.0,0.962962962962963,0.75,0.037455824702098,0.9444444444444444,0.7,0.033081446951773
"Previous model, patient analysis",superclass,NORM,2-lead,quality_flag,pacemaker:absent,2169,1883,961,881,0.0,1.0,0.0,1.0,0.0,,0,0,0,0,,,,,0.0,0.0,1.0,1.0,0.907428623605378,0.8716563827819994,0.1217735251676871,0.9360618767701966,0.9122980275907048,0.101167963452332
"Previous model, patient analysis",superclass,NORM,2-lead,quality,any_flag,679,618,259,240,0.0,1.0,0.0,1.0,0.0,,0,0,0,0,,,,,0.0,0.0,1.0,1.0,0.9107464607464608,0.8504662746425331,0.1183662355881273,0.9383434454863028,0.8931996064248887,0.0980446693191166
"Previous model, patient analysis",superclass,NORM,2-lead,quality,no_flags,1519,1382,704,673,0.0,1.0,0.0,1.0,0.0,,0,0,0,0,,,,,0.0,0.0,1.0,1.0,0.9073881065253764,0.8787635907456403,0.1216868472947568,0.936004601226994,0.9187974105023388,0.1012642160777021
"Previous model, patient analysis",superclass,MI,2-lead,overall,all,2198,1904,550,476,0.0,1.0,0.0,1.0,0.0,,0,0,0,0,,,,,0.0,0.0,1.0,1.0,0.8189982347749338,0.6280185531593306,0.1381043312530325,0.9087069726390116,0.7872089273279221,0.1008479207700963
"Previous model, patient analysis",superclass,MI,2-lead,sex,0,1132,969,297,250,0.0,1.0,0.0,1.0,0.0,,0,0,0,0,,,,,0.0,0.0,1.0,1.0,0.8372507510232061,0.6789619315667034,0.1347890401738225,0.9167725155749108,0.8097271769538523,0.0972947330509147
"Previous model, patient analysis",superclass,MI,2-lead,sex,1,1066,935,253,226,0.0,1.0,0.0,1.0,0.0,,0,0,0,0,,,,,0.0,0.0,1.0,1.0,0.7979911419667557,0.5678504407554273,0.1416248842564713,0.8986430971029078,0.758320956285239,0.1046210994737676
"Previous model, patient analysis",superclass,MI,2-lead,age_band,40-64,866,755,164,142,0.0,1.0,0.0,1.0,0.0,,0,0,0,0,,,,,0.0,0.0,1.0,1.0,0.7974428462233341,0.5410051091234842,0.1215331846871427,0.8967931345980126,0.7158108490258942,0.0903302271692041
"Previous model, patient analysis",superclass,MI,2-lead,age_band,<40,284,266,7,7,0.0,1.0,0.0,1.0,0.0,,0,0,0,0,,,,,0.0,0.0,1.0,1.0,0.7302733367715317,0.2624187282144881,0.0262135529182128,0.928829293450232,0.2834669734059978,0.024820207452277
"Previous model, patient analysis",superclass,MI,2-lead,age_band,65-79,708,615,228,201,0.0,1.0,0.0,1.0,0.0,,0,0,0,0,,,,,0.0,0.0,1.0,1.0,0.7883315058479532,0.6502001849143976,0.1684035089976487,0.8982364766081871,0.8259210853783711,0.1187223428241089
"Previous model, patient analysis",superclass,MI,2-lead,age_band,80+,340,274,151,126,0.0,1.0,0.0,1.0,0.0,,0,0,0,0,,,,,0.0,0.0,1.0,1.0,0.7246574862468903,0.7077793378846591,0.2106801433999769,0.8593503626616209,0.8333767770733979,0.1539217514359565
"Previous model, patient analysis",superclass,MI,2-lead,quality_flag,baseline_drift:present,236,231,59,57,0.0,1.0,0.0,1.0,0.0,,0,0,0,0,,,,,0.0,0.0,1.0,1.0,0.7745858469788375,0.5397330297496987,0.1564380203432406,0.8971559896581441,0.7796005988206945,0.1061712269830721
"Previous model, patient analysis",superclass,MI,2-lead,quality_flag,baseline_drift:absent,1962,1727,491,433,0.0,1.0,0.0,1.0,0.0,,0,0,0,0,,,,,0.0,0.0,1.0,1.0,0.8238337664639237,0.637096380067439,0.1358990557049749,0.910080981805746,0.788269800863016,0.1002076046303092
"Previous model, patient analysis",superclass,MI,2-lead,quality_flag,static_noise:present,316,292,88,85,0.0,1.0,0.0,1.0,0.0,,0,0,0,0,,,,,0.0,0.0,1.0,1.0,0.7559310207336523,0.578591663231258,0.166211731676331,0.8555622009569378,0.7250070092621786,0.1361272250676939
"Previous model, patient analysis",superclass,MI,2-lead,quality_flag,static_noise:absent,1882,1668,462,407,0.0,1.0,0.0,1.0,0.0,,0,0,0,0,,,,,0.0,0.0,1.0,1.0,0.8302069995731969,0.637733854499291,0.1333849165167082,0.917681848667764,0.8004423764158874,0.0949242968816581
"Previous model, patient analysis",superclass,MI,2-lead,quality_flag,burst_noise:present,40,40,10,10,0.0,1.0,0.0,1.0,0.0,,0,0,0,0,,,,,0.0,0.0,1.0,1.0,0.85,0.6730670054583098,0.1277707741027337,0.8466666666666667,0.600203081232493,0.1561165697738918
"Previous model, patient analysis",superclass,MI,2-lead,quality_flag,burst_noise:absent,2158,1872,540,467,0.0,1.0,0.0,1.0,0.0,,0,0,0,0,,,,,0.0,0.0,1.0,1.0,0.8182976239527537,0.6275671164202259,0.1382958707738907,0.9097319507393672,0.7922240846285137,0.0998234787125654
"Previous model, patient analysis",superclass,MI,2-lead,quality_flag,electrodes_problems:absent,2195,1901,550,476,0.0,1.0,0.0,1.0,0.0,,0,0,0,0,,,,,0.0,0.0,1.0,1.0,0.8187941420281845,0.6280780041782232,0.138277870374246,0.90859463940315,0.7872339721531871,0.1009824487399396
"Previous model, patient analysis",superclass,MI,2-lead,quality_flag,extra_beats:present,198,184,72,67,0.0,1.0,0.0,1.0,0.0,,0,0,0,0,,,,,0.0,0.0,1.0,1.0,0.7779982363315696,0.6888860188430231,0.1803135479035726,0.8559303350970018,0.7835355490516953,0.1429860971988168
"Previous model, patient analysis",superclass,MI,2-lead,quality_flag,extra_beats:absent,2000,1757,478,419,0.0,1.0,0.0,1.0,0.0,,0,0,0,0,,,,,0.0,0.0,1.0,1.0,0.8214678440061798,0.6183905111628126,0.1339256188046291,0.912881641091055,0.7888205900055287,0.096676241303653
"Previous model, patient analysis",superclass,MI,2-lead,quality_flag,pacemaker:present,29,26,0,0,0.0,1.0,0.0,1.0,0.0,,0,0,0,0,,,,,,0.0,,1.0,,,0.0588252477459269,,,0.0890877900007732
"Previous model, patient analysis",superclass,MI,2-lead,quality_flag,pacemaker:absent,2169,1883,550,476,0.0,1.0,0.0,1.0,0.0,,0,0,0,0,,,,,0.0,0.0,1.0,1.0,0.8187141333033859,0.6315220454350328,0.1391643097784849,0.9094603851984951,0.7940740252415741,0.1010051562667816
"Previous model, patient analysis",superclass,MI,2-lead,quality,any_flag,679,618,193,177,0.0,1.0,0.0,1.0,0.0,,0,0,0,0,,,,,0.0,0.0,1.0,1.0,0.7827032559329623,0.6149867325514038,0.1613036127780037,0.8807543870871447,0.7521090039012084,0.1235532413653828
"Previous model, patient analysis",superclass,MI,2-lead,quality,no_flags,1519,1382,357,321,0.0,1.0,0.0,1.0,0.0,,0,0,0,0,,,,,0.0,0.0,1.0,1.0,0.8361923082486007,0.6369191754245467,0.127734145502239,0.9205537636741444,0.8070924941179056,0.0906985378311894
"Previous model, patient analysis",superclass,STTC,2-lead,overall,all,2198,1904,521,475,0.0,1.0,0.0,1.0,0.0,,0,0,0,0,,,,,0.0,0.0,1.0,1.0,0.8961843480211557,0.7075523670721048,0.1071235602605747,0.9258398314328324,0.7987860608942443,0.0876548250890546
"Previous model, patient analysis",superclass,STTC,2-lead,sex,0,1132,969,229,206,0.0,1.0,0.0,1.0,0.0,,0,0,0,0,,,,,0.0,0.0,1.0,1.0,0.912777398966086,0.7181003226360229,0.0920064025787608,0.939594848805776,0.7843998042169644,0.0740786173299353
"Previous model, patient analysis",superclass,STTC,2-lead,sex,1,1066,935,292,269,0.0,1.0,0.0,1.0,0.0,,0,0,0,0,,,,,0.0,0.0,1.0,1.0,0.8791458709426215,0.7047633172205514,0.123176677048392,0.9112111075714134,0.811601718107388,0.10207158604902
"Previous model, patient analysis",superclass,STTC,2-lead,age_band,40-64,866,755,151,139,0.0,1.0,0.0,1.0,0.0,,0,0,0,0,,,,,0.0,0.0,1.0,1.0,0.9177325985273006,0.6951112308302329,0.0813660525283808,0.9384615384615383,0.7668651157161028,0.0652264386376663
"Previous model, patient analysis",superclass,STTC,2-lead,age_band,<40,284,266,20,19,0.0,1.0,0.0,1.0,0.0,,0,0,0,0,,,,,0.0,0.0,1.0,1.0,0.8941287878787879,0.5994169389315669,0.0434363466613683,0.9242424242424242,0.6126111031978404,0.0440276095252906
"Previous model, patient analysis",superclass,STTC,2-lead,age_band,65-79,708,615,207,192,0.0,1.0,0.0,1.0,0.0,,0,0,0,0,,,,,0.0,0.0,1.0,1.0,0.8702643023132479,0.7238951788002979,0.1299427712943612,0.914682711870944,0.8209923775536737,0.1022162108810339
"Previous model, patient analysis",superclass,STTC,2-lead,age_band,80+,340,274,143,125,0.0,1.0,0.0,1.0,0.0,,0,0,0,0,,,,,0.0,0.0,1.0,1.0,0.8085264988818288,0.7153959596599934,0.1784093512792034,0.8593589151964788,0.823777258869607,0.1509008566957898
"Previous model, patient analysis",superclass,STTC,2-lead,quality_flag,baseline_drift:present,236,231,48,48,0.0,1.0,0.0,1.0,0.0,,0,0,0,0,,,,,0.0,0.0,1.0,1.0,0.8792109929078015,0.6502815904583408,0.1083574754275938,0.9214317375886524,0.7047633613427658,0.0913150456335097
"Previous model, patient analysis",superclass,STTC,2-lead,quality_flag,baseline_drift:absent,1962,1727,473,432,0.0,1.0,0.0,1.0,0.0,,0,0,0,0,,,,,0.0,0.0,1.0,1.0,0.8983589309623639,0.7148578229377919,0.1069751382527171,0.9267482326348118,0.8091855256243579,0.0872145539124535
"Previous model, patient analysis",superclass,STTC,2-lead,quality_flag,static_noise:present,316,292,68,65,0.0,1.0,0.0,1.0,0.0,,0,0,0,0,,,,,0.0,0.0,1.0,1.0,0.8730431688804554,0.657463191176342,0.1074055103033471,0.9086812144212524,0.7174008320497168,0.0924462926756379
"Previous model, patient analysis",superclass,STTC,2-lead,quality_flag,static_noise:absent,1882,1668,453,420,0.0,1.0,0.0,1.0,0.0,,0,0,0,0,,,,,0.0,0.0,1.0,1.0,0.8995291478781532,0.7165482215854585,0.1070762190206618,0.928544174054627,0.8104918513222688,0.0868503066207442
"Previous model, patient analysis",superclass,STTC,2-lead,quality_flag,burst_noise:present,40,40,11,11,0.0,1.0,0.0,1.0,0.0,,0,0,0,0,,,,,0.0,0.0,1.0,1.0,0.8714733542319749,0.6258702082231494,0.1315179933225343,0.9059561128526644,0.6745411154502063,0.1046484617137246
"Previous model, patient analysis",superclass,STTC,2-lead,quality_flag,burst_noise:absent,2158,1872,510,464,0.0,1.0,0.0,1.0,0.0,,0,0,0,0,,,,,0.0,0.0,1.0,1.0,0.8963836141252618,0.7111868340609819,0.1066713928266181,0.9259756329716352,0.7998931032187752,0.0873398364583842
"Previous model, patient analysis",superclass,STTC,2-lead,quality_flag,electrodes_problems:absent,2195,1901,520,474,0.0,1.0,0.0,1.0,0.0,,0,0,0,0,,,,,0.0,0.0,1.0,1.0,0.8958639494833525,0.7062164802315088,0.1072667606542794,0.9257531572904708,0.7986953353519091,0.0876736412161841
"Previous model, patient analysis",superclass,STTC,2-lead,quality_flag,extra_beats:present,198,184,64,60,0.0,1.0,0.0,1.0,0.0,,0,0,0,0,,,,,0.0,0.0,1.0,1.0,0.8336054104477612,0.6460011185162005,0.1532503724747663,0.8718516791044776,0.7397890513234024,0.1344035328783946
"Previous model, patient analysis",superclass,STTC,2-lead,quality_flag,extra_beats:absent,2000,1757,457,422,0.0,1.0,0.0,1.0,0.0,,0,0,0,0,,,,,0.0,0.0,1.0,1.0,0.9021110372104698,0.7237375374872355,0.1025570058513697,0.9308630350095228,0.8103864377629392,0.08302670301791
"Previous model, patient analysis",superclass,STTC,2-lead,quality_flag,pacemaker:present,29,26,0,0,0.0,1.0,0.0,1.0,0.0,,0,0,0,0,,,,,,0.0,,1.0,,,0.0349443804760753,,,0.0360820963816994
"Previous model, patient analysis",superclass,STTC,2-lead,quality_flag,pacemaker:absent,2169,1883,521,475,0.0,1.0,0.0,1.0,0.0,,0,0,0,0,,,,,0.0,0.0,1.0,1.0,0.8955466289622273,0.7088559344058663,0.1080886115347796,0.9254747218754076,0.7999618003154919,0.088344363647152
"Previous model, patient analysis",superclass,STTC,2-lead,quality,any_flag,679,618,155,147,0.0,1.0,0.0,1.0,0.0,,0,0,0,0,,,,,0.0,0.0,1.0,1.0,0.8751539029795616,0.6276369516455367,0.115583122189028,0.906956414676188,0.7243022510477892,0.0983076686684725
"Previous model, patient analysis",superclass,STTC,2-lead,quality,no_flags,1519,1382,366,344,0.0,1.0,0.0,1.0,0.0,,0,0,0,0,,,,,0.0,0.0,1.0,1.0,0.9055196944061348,0.7514157077386205,0.1033420970943997,0.9337769373314564,0.8309801680640876,0.0828929549176098
"Previous model, patient analysis",superclass,CD,2-lead,overall,all,2198,1904,496,439,0.0,1.0,0.0,1.0,0.0,,0,0,0,0,,,,,0.0,0.0,1.0,1.0,0.8350967552405141,0.6916912167533494,0.1156669890851969,0.8965969826769267,0.7929692525577264,0.093891623760819
"Previous model, patient analysis",superclass,CD,2-lead,sex,0,1132,969,266,235,0.0,1.0,0.0,1.0,0.0,,0,0,0,0,,,,,0.0,0.0,1.0,1.0,0.8347557693309486,0.7094423372604769,0.1152057087632137,0.9016912952126276,0.8194171455660564,0.0918773470263914
"Previous model, patient analysis",superclass,CD,2-lead,sex,1,1066,935,230,204,0.0,1.0,0.0,1.0,0.0,,0,0,0,0,,,,,0.0,0.0,1.0,1.0,0.8360983981693364,0.6714880460041357,0.1161568289768338,0.8916475972540044,0.7625384916720517,0.0960306118127628
"Previous model, patient analysis",superclass,CD,2-lead,age_band,40-64,866,755,140,128,0.0,1.0,0.0,1.0,0.0,,0,0,0,0,,,,,0.0,0.0,1.0,1.0,0.818034238488784,0.5907942837949228,0.0995448819547301,0.8790928768201496,0.7143865262836941,0.0820900182752318
"Previous model, patient analysis",superclass,CD,2-lead,age_band,<40,284,266,37,35,0.0,1.0,0.0,1.0,0.0,,0,0,0,0,,,,,0.0,0.0,1.0,1.0,0.6797242586716272,0.3349798705506685,0.1042237035139203,0.8613633876791772,0.5986350261304715,0.0780660984300781
"Previous model, patient analysis",superclass,CD,2-lead,age_band,65-79,708,615,184,164,0.0,1.0,0.0,1.0,0.0,,0,0,0,0,,,,,0.0,0.0,1.0,1.0,0.8456583969465651,0.7424476449804976,0.1206881756914083,0.8992594590109525,0.8262884336530155,0.0987105121085642
"Previous model, patient analysis",superclass,CD,2-lead,age_band,80+,340,274,135,114,0.0,1.0,0.0,1.0,0.0,,0,0,0,0,,,,,0.0,0.0,1.0,1.0,0.8395302619692863,0.7914716706158295,0.1558335707323412,0.8926106594399278,0.8643770917769492,0.1271353490380112
"Previous model, patient analysis",superclass,CD,2-lead,quality_flag,baseline_drift:present,236,231,48,48,0.0,1.0,0.0,1.0,0.0,,0,0,0,0,,,,,0.0,0.0,1.0,1.0,0.7655141843971631,0.5396854627832635,0.132823585220899,0.8840868794326241,0.7423624306379307,0.0973662635864603
"Previous model, patient analysis",superclass,CD,2-lead,quality_flag,baseline_drift:absent,1962,1727,448,399,0.0,1.0,0.0,1.0,0.0,,0,0,0,0,,,,,0.0,0.0,1.0,1.0,0.8423832916588034,0.7057703823989101,0.1136033006611267,0.8980114172485374,0.7979191972755544,0.093473675239488
"Previous model, patient analysis",superclass,CD,2-lead,quality_flag,static_noise:present,316,292,75,72,0.0,1.0,0.0,1.0,0.0,,0,0,0,0,,,,,0.0,0.0,1.0,1.0,0.834688796680498,0.6892446025365151,0.1222405398477535,0.8858091286307054,0.804704053578734,0.0961385365037179
"Previous model, patient analysis",superclass,CD,2-lead,quality_flag,static_noise:absent,1882,1668,421,376,0.0,1.0,0.0,1.0,0.0,,0,0,0,0,,,,,0.0,0.0,1.0,1.0,0.8351956896733927,0.6920641042142287,0.1145632472993478,0.8989840362488843,0.7926688952670973,0.093514352545752
"Previous model, patient analysis",superclass,CD,2-lead,quality_flag,burst_noise:present,40,40,9,9,0.0,1.0,0.0,1.0,0.0,,0,0,0,0,,,,,0.0,0.0,1.0,1.0,0.7491039426523297,0.3981524537790523,0.1837444340295728,0.7598566308243727,0.6191929212762546,0.1489004672929542
"Previous model, patient analysis",superclass,CD,2-lead,quality_flag,burst_noise:absent,2158,1872,487,431,0.0,1.0,0.0,1.0,0.0,,0,0,0,0,,,,,0.0,0.0,1.0,1.0,0.8359747203472205,0.6986798797769979,0.1144051272697311,0.8987093515791182,0.7962031229913131,0.0928719973746812
"Previous model, patient analysis",superclass,CD,2-lead,quality_flag,electrodes_problems:absent,2195,1901,495,438,0.0,1.0,0.0,1.0,0.0,,0,0,0,0,,,,,0.0,0.0,1.0,1.0,0.8345929887106357,0.690661554180692,0.1158235008603981,0.8963351158645277,0.7922439714577854,0.0940163467069315
"Previous model, patient analysis",superclass,CD,2-lead,quality_flag,extra_beats:present,198,184,69,64,0.0,1.0,0.0,1.0,0.0,,0,0,0,0,,,,,0.0,0.0,1.0,1.0,0.8304684866868892,0.7382392574141998,0.1625122345484557,0.8793394000674082,0.8329554205893306,0.1287335320055154
"Previous model, patient analysis",superclass,CD,2-lead,quality_flag,extra_beats:absent,2000,1757,427,386,0.0,1.0,0.0,1.0,0.0,,0,0,0,0,,,,,0.0,0.0,1.0,1.0,0.8313013365174319,0.6842252808431613,0.1110293097843342,0.8964552586013094,0.7865632845827815,0.090442274844594
"Previous model, patient analysis",superclass,CD,2-lead,quality_flag,pacemaker:present,29,26,0,0,0.0,1.0,0.0,1.0,0.0,,0,0,0,0,,,,,,0.0,,1.0,,,0.3201942082664336,,,0.2146733540137716
"Previous model, patient analysis",superclass,CD,2-lead,quality_flag,pacemaker:absent,2169,1883,496,439,0.0,1.0,0.0,1.0,0.0,,0,0,0,0,,,,,0.0,0.0,1.0,1.0,0.8385180668299174,0.7157258526356407,0.1129324158457981,0.898759713090257,0.803745350726601,0.0922767458551779
"Previous model, patient analysis",superclass,CD,2-lead,quality,any_flag,679,618,164,152,0.0,1.0,0.0,1.0,0.0,,0,0,0,0,,,,,0.0,0.0,1.0,1.0,0.8173691688373194,0.6291855508213673,0.1366708684924237,0.8777646223064173,0.76714469316018,0.1082585637177425
"Previous model, patient analysis",superclass,CD,2-lead,quality,no_flags,1519,1382,332,304,0.0,1.0,0.0,1.0,0.0,,0,0,0,0,,,,,0.0,0.0,1.0,1.0,0.8416530485886257,0.723031956411642,0.1062781581980955,0.905005024309538,0.8068919818091882,0.0874695353929776
"Previous model, patient analysis",superclass,HYP,2-lead,overall,all,2198,1904,262,249,0.0,1.0,0.0,1.0,0.0,,0,0,0,0,,,,,0.0,0.0,1.0,1.0,0.8338314617374297,0.4974315836378383,0.080425087961642,0.8957636742161377,0.647310327449131,0.0664289908578123
"Previous model, patient analysis",superclass,HYP,2-lead,sex,0,1132,969,135,130,0.0,1.0,0.0,1.0,0.0,,0,0,0,0,,,,,0.0,0.0,1.0,1.0,0.8331438760726624,0.4770725704331428,0.08187857275302,0.9009992941788328,0.6405999867324098,0.0670794780815275
"Previous model, patient analysis",superclass,HYP,2-lead,sex,1,1066,935,127,119,0.0,1.0,0.0,1.0,0.0,,0,0,0,0,,,,,0.0,0.0,1.0,1.0,0.8393918811266802,0.5274381714544769,0.0788816125546628,0.8901746706581805,0.6556776848298692,0.065738229565837
"Previous model, patient analysis",superclass,HYP,2-lead,age_band,40-64,866,755,68,67,0.0,1.0,0.0,1.0,0.0,,0,0,0,0,,,,,0.0,0.0,1.0,1.0,0.800641309155241,0.3777076869294394,0.0611287910919866,0.8879183252248267,0.5402148803752935,0.0509255895153717
"Previous model, patient analysis",superclass,HYP,2-lead,age_band,<40,284,266,10,10,0.0,1.0,0.0,1.0,0.0,,0,0,0,0,,,,,0.0,0.0,1.0,1.0,0.9284671532846716,0.4729371834367209,0.0278856189877153,0.954014598540146,0.5645875190258751,0.02723710361333
"Previous model, patient analysis",superclass,HYP,2-lead,age_band,65-79,708,615,124,117,0.0,1.0,0.0,1.0,0.0,,0,0,0,0,,,,,0.0,0.0,1.0,1.0,0.8325231992929739,0.588134894783602,0.1061486821194663,0.8998011489173663,0.725651676899051,0.0823944669008546
"Previous model, patient analysis",superclass,HYP,2-lead,age_band,80+,340,274,60,55,0.0,1.0,0.0,1.0,0.0,,0,0,0,0,,,,,0.0,0.0,1.0,1.0,0.7633333333333333,0.4908437962969492,0.1198941985909868,0.8271428571428571,0.6446432194770613,0.1054080629210846
"Previous model, patient analysis",superclass,HYP,2-lead,quality_flag,baseline_drift:present,236,231,27,27,0.0,1.0,0.0,1.0,0.0,,0,0,0,0,,,,,0.0,0.0,1.0,1.0,0.8036505404926457,0.4478581048514632,0.0839382644897171,0.9000531632110579,0.6926688816139367,0.0596643866789854
"Previous model, patient analysis",superclass,HYP,2-lead,quality_flag,baseline_drift:absent,1962,1727,235,224,0.0,1.0,0.0,1.0,0.0,,0,0,0,0,,,,,0.0,0.0,1.0,1.0,0.8369845630721088,0.5045908811205371,0.0800025040367563,0.8955340092892606,0.6438916079816243,0.0672426741331452
"Previous model, patient analysis",superclass,HYP,2-lead,quality_flag,static_noise:present,316,292,30,30,0.0,1.0,0.0,1.0,0.0,,0,0,0,0,,,,,0.0,0.0,1.0,1.0,0.868881118881119,0.5615709672329127,0.0620731320822027,0.9228438228438228,0.6783426011002917,0.0495300355540584
"Previous model, patient analysis",superclass,HYP,2-lead,quality_flag,static_noise:absent,1882,1668,232,222,0.0,1.0,0.0,1.0,0.0,,0,0,0,0,,,,,0.0,0.0,1.0,1.0,0.8292006269592477,0.492543057472569,0.0835065003197201,0.8917084639498433,0.6442768889292376,0.0692664350002067
"Previous model, patient analysis",superclass,HYP,2-lead,quality_flag,burst_noise:present,40,40,3,3,0.0,1.0,0.0,1.0,0.0,,0,0,0,0,,,,,0.0,0.0,1.0,1.0,0.9009009009009008,0.6324786324786326,0.0550501435630083,0.90990990990991,0.5535714285714286,0.0657720238963091
"Previous model, patient analysis",superclass,HYP,2-lead,quality_flag,burst_noise:absent,2158,1872,259,246,0.0,1.0,0.0,1.0,0.0,,0,0,0,0,,,,,0.0,0.0,1.0,1.0,0.8333729802924115,0.4982586426954067,0.0808954298411348,0.895986711152588,0.650330571938613,0.0664411681879606
"Previous model, patient analysis",superclass,HYP,2-lead,quality_flag,electrodes_problems:absent,2195,1901,262,249,0.0,1.0,0.0,1.0,0.0,,0,0,0,0,,,,,0.0,0.0,1.0,1.0,0.8339645292884138,0.4981868667205414,0.0804538849645634,0.8957796092771985,0.6474621550178431,0.0665007940792881
"Previous model, patient analysis",superclass,HYP,2-lead,quality_flag,extra_beats:present,198,184,31,30,0.0,1.0,0.0,1.0,0.0,,0,0,0,0,,,,,0.0,0.0,1.0,1.0,0.7593200695383426,0.4103105899896874,0.1148465144381531,0.866138690361213,0.6702915923097693,0.0868536596399322
"Previous model, patient analysis",superclass,HYP,2-lead,quality_flag,extra_beats:absent,2000,1757,231,220,0.0,1.0,0.0,1.0,0.0,,0,0,0,0,,,,,0.0,0.0,1.0,1.0,0.8407469673721794,0.5109995214361653,0.0770173667404674,0.8984140035581528,0.6461288942617861,0.0644069486483824
"Previous model, patient analysis",superclass,HYP,2-lead,quality_flag,pacemaker:present,29,26,0,0,0.0,1.0,0.0,1.0,0.0,,0,0,0,0,,,,,,0.0,,1.0,,,0.0092622648614409,,,0.0045495763327878
"Previous model, patient analysis",superclass,HYP,2-lead,quality_flag,pacemaker:absent,2169,1883,262,249,0.0,1.0,0.0,1.0,0.0,,0,0,0,0,,,,,0.0,0.0,1.0,1.0,0.8328616547312633,0.4984388939954808,0.0813765503267439,0.8951892785519,0.6479251387315277,0.0672563320386448
"Previous model, patient analysis",superclass,HYP,2-lead,quality,any_flag,679,618,77,75,0.0,1.0,0.0,1.0,0.0,,0,0,0,0,,,,,0.0,0.0,1.0,1.0,0.8130689908098546,0.4258068882659768,0.0829681058614218,0.8979160374509212,0.6504775694034823,0.0630293561522375
"Previous model, patient analysis",superclass,HYP,2-lead,quality,no_flags,1519,1382,185,178,0.0,1.0,0.0,1.0,0.0,,0,0,0,0,,,,,0.0,0.0,1.0,1.0,0.8424166295230763,0.5301608922044604,0.079288347241464,0.8958385672028849,0.6482145030211384,0.0679486432377236
"Previous model, patient analysis",subcode,1AVB,2-lead,overall,all,2198,1904,79,69,0.0,1.0,0.0,1.0,0.0,,0,0,0,0,,,,,0.0,0.0,1.0,1.0,0.8205088380595097,0.1277044325030558,0.0328224491754715,0.8373665629237579,0.1573071224984656,0.0323574586095264
"Previous model, patient analysis",subcode,1AVB,2-lead,sex,0,1132,969,39,35,0.0,1.0,0.0,1.0,0.0,,0,0,0,0,,,,,0.0,0.0,1.0,1.0,0.8297088699650457,0.1756057910561848,0.0310101175901397,0.83494029605649,0.2012370046097666,0.0305826501457979
"Previous model, patient analysis",subcode,1AVB,2-lead,sex,1,1066,935,40,34,0.0,1.0,0.0,1.0,0.0,,0,0,0,0,,,,,0.0,0.0,1.0,1.0,0.8117202729044833,0.1108970037675138,0.0347469889077375,0.8403265107212475,0.1295018794863244,0.034242152025043
"Previous model, patient analysis",subcode,1AVB,2-lead,age_band,40-64,866,755,9,8,0.0,1.0,0.0,1.0,0.0,,0,0,0,0,,,,,0.0,0.0,1.0,1.0,0.8044859328406586,0.14736872033603,0.010576168224416,0.8580318942045897,0.1653912202684003,0.0102543853443264
"Previous model, patient analysis",subcode,1AVB,2-lead,age_band,<40,284,266,0,0,0.0,1.0,0.0,1.0,0.0,,0,0,0,0,,,,,,0.0,,1.0,,,0.0002883128350544,,,0.0005819969110837
"Previous model, patient analysis",subcode,1AVB,2-lead,age_band,65-79,708,615,36,33,0.0,1.0,0.0,1.0,0.0,,0,0,0,0,,,,,0.0,0.0,1.0,1.0,0.7700066137566137,0.1640669448361705,0.04565490141707,0.7882357804232804,0.1789993020996473,0.0449664713401717
"Previous model, patient analysis",subcode,1AVB,2-lead,age_band,80+,340,274,34,28,0.0,1.0,0.0,1.0,0.0,,0,0,0,0,,,,,0.0,0.0,1.0,1.0,0.657920030757401,0.1473668121744137,0.0899389134026503,0.6728181468665897,0.1638558057009536,0.0889407278940091
"Previous model, patient analysis",subcode,1AVB,2-lead,quality_flag,baseline_drift:present,236,231,10,10,0.0,1.0,0.0,1.0,0.0,,0,0,0,0,,,,,0.0,0.0,1.0,1.0,0.8721238938053097,0.2260819791569417,0.0375974528252703,0.8353982300884956,0.1751502424449809,0.03792101851366
"Previous model, patient analysis",subcode,1AVB,2-lead,quality_flag,baseline_drift:absent,1962,1727,69,63,0.0,1.0,0.0,1.0,0.0,,0,0,0,0,,,,,0.0,0.0,1.0,1.0,0.8135541315448984,0.1247592688317697,0.0322480858414488,0.838014959767871,0.1619674001467028,0.031688243452862
"Previous model, patient analysis",subcode,1AVB,2-lead,quality_flag,static_noise:present,316,292,10,9,0.0,1.0,0.0,1.0,0.0,,0,0,0,0,,,,,0.0,0.0,1.0,1.0,0.8398692810457516,0.1925761227716797,0.0284340003129468,0.8611111111111112,0.1737550054577918,0.028311597230518
"Previous model, patient analysis",subcode,1AVB,2-lead,quality_flag,static_noise:absent,1882,1668,69,60,0.0,1.0,0.0,1.0,0.0,,0,0,0,0,,,,,0.0,0.0,1.0,1.0,0.8197159004612422,0.1251591963404815,0.0335592981874576,0.835391736012854,0.1617731172130525,0.0330367849622186
"Previous model, patient analysis",subcode,1AVB,2-lead,quality_flag,burst_noise:present,40,40,1,1,0.0,1.0,0.0,1.0,0.0,,0,0,0,0,,,,,0.0,0.0,1.0,1.0,0.9743589743589745,0.5,0.0208674738302301,0.9487179487179488,0.3333333333333333,0.022171809196385
"Previous model, patient analysis",subcode,1AVB,2-lead,quality_flag,burst_noise:absent,2158,1872,78,68,0.0,1.0,0.0,1.0,0.0,,0,0,0,0,,,,,0.0,0.0,1.0,1.0,0.8190027120315582,0.1264136979945651,0.0330440427870608,0.8368897928994083,0.157595351004579,0.0325462565597237
"Previous model, patient analysis",subcode,1AVB,2-lead,quality_flag,electrodes_problems:absent,2195,1901,79,69,0.0,1.0,0.0,1.0,0.0,,0,0,0,0,,,,,0.0,0.0,1.0,1.0,0.8207209686296093,0.1279717621418762,0.0328613229486519,0.8375906295613889,0.157661851722675,0.0323911583473413
"Previous model, patient analysis",subcode,1AVB,2-lead,quality_flag,extra_beats:present,198,184,18,18,0.0,1.0,0.0,1.0,0.0,,0,0,0,0,,,,,0.0,0.0,1.0,1.0,0.7163580246913581,0.2129380078309121,0.0805892999078246,0.7021604938271605,0.2412040740847382,0.0799292625993551
"Previous model, patient analysis",subcode,1AVB,2-lead,quality_flag,extra_beats:absent,2000,1757,61,56,0.0,1.0,0.0,1.0,0.0,,0,0,0,0,,,,,0.0,0.0,1.0,1.0,0.8198074045265855,0.1186461230107874,0.0280935309529686,0.848316269160206,0.1513750679964543,0.0276478500145334
"Previous model, patient analysis",subcode,1AVB,2-lead,quality_flag,pacemaker:present,29,26,0,0,0.0,1.0,0.0,1.0,0.0,,0,0,0,0,,,,,,0.0,,1.0,,,0.0055744294167347,,,0.0061248559277679
"Previous model, patient analysis",subcode,1AVB,2-lead,quality_flag,pacemaker:absent,2169,1883,79,69,0.0,1.0,0.0,1.0,0.0,,0,0,0,0,,,,,0.0,0.0,1.0,1.0,0.8225183211192538,0.131160927888035,0.0331867611040116,0.8386833020410636,0.1599600491110763,0.0327081941917168
"Previous model, patient analysis",subcode,1AVB,2-lead,quality,any_flag,679,618,33,30,0.0,1.0,0.0,1.0,0.0,,0,0,0,0,,,,,0.0,0.0,1.0,1.0,0.8178534571723426,0.1752326049969562,0.0433423060495859,0.8114738718453889,0.1710311092437074,0.0431039409469093
"Previous model, patient analysis",subcode,1AVB,2-lead,quality,no_flags,1519,1382,46,44,0.0,1.0,0.0,1.0,0.0,,0,0,0,0,,,,,0.0,0.0,1.0,1.0,0.8119631630213406,0.1127986878753897,0.0281200246741393,0.8485787656070132,0.1550533719473686,0.0275537314817562
"Previous model, patient analysis",subcode,AMI,2-lead,overall,all,2198,1904,35,34,0.0,1.0,0.0,1.0,0.0,,0,0,0,0,,,,,0.0,0.0,1.0,1.0,0.6106730070669044,0.0212501316826049,0.0157286293764769,0.7646522686744601,0.0379829236151925,0.0156301763806771
"Previous model, patient analysis",subcode,AMI,2-lead,sex,0,1132,969,21,21,0.0,1.0,0.0,1.0,0.0,,0,0,0,0,,,,,0.0,0.0,1.0,1.0,0.6733959110196734,0.0284355321293306,0.0181915061186619,0.7713342762847712,0.0418292630649157,0.0182153209111148
"Previous model, patient analysis",subcode,AMI,2-lead,sex,1,1066,935,14,13,0.0,1.0,0.0,1.0,0.0,,0,0,0,0,,,,,0.0,0.0,1.0,1.0,0.514326453014666,0.0211304882327322,0.013113266832243,0.7510184682237915,0.0468744765165497,0.0128849759975106
"Previous model, patient analysis",subcode,AMI,2-lead,age_band,40-64,866,755,11,11,0.0,1.0,0.0,1.0,0.0,,0,0,0,0,,,,,0.0,0.0,1.0,1.0,0.6301967038809144,0.0205198282904754,0.0125858743649512,0.7506645401382244,0.0293981619549259,0.0125844597950692
"Previous model, patient analysis",subcode,AMI,2-lead,age_band,<40,284,266,2,2,0.0,1.0,0.0,1.0,0.0,,0,0,0,0,,,,,0.0,0.0,1.0,1.0,0.9148936170212766,0.1875,0.0068360904849051,0.8971631205673759,0.5166666666666667,0.0067011814685522
"Previous model, patient analysis",subcode,AMI,2-lead,age_band,65-79,708,615,14,13,0.0,1.0,0.0,1.0,0.0,,0,0,0,0,,,,,0.0,0.0,1.0,1.0,0.5885137916838205,0.0307494364533414,0.0194112432709928,0.7667764512144916,0.0560216868953442,0.0192283761525336
"Previous model, patient analysis",subcode,AMI,2-lead,age_band,80+,340,274,8,8,0.0,1.0,0.0,1.0,0.0,,0,0,0,0,,,,,0.0,0.0,1.0,1.0,0.3448795180722891,0.0189527896725638,0.0234927948113899,0.6329066265060241,0.0377045453026244,0.0233534107327522
"Previous model, patient analysis",subcode,AMI,2-lead,quality_flag,baseline_drift:present,236,231,6,6,0.0,1.0,0.0,1.0,0.0,,0,0,0,0,,,,,0.0,0.0,1.0,1.0,0.6202898550724638,0.0432162007720745,0.0248384113660016,0.6630434782608696,0.0587715486838293,0.0247610753065582
"Previous model, patient analysis",subcode,AMI,2-lead,quality_flag,baseline_drift:absent,1962,1727,29,28,0.0,1.0,0.0,1.0,0.0,,0,0,0,0,,,,,0.0,0.0,1.0,1.0,0.6077742298018088,0.0198952853722259,0.0146328553960856,0.7839342098221453,0.0377552920973535,0.0145318623406629
"Previous model, patient analysis",subcode,AMI,2-lead,quality_flag,static_noise:present,316,292,9,9,0.0,1.0,0.0,1.0,0.0,,0,0,0,0,,,,,0.0,0.0,1.0,1.0,0.6409699601882013,0.0445803026071369,0.0277077216975211,0.7412233079985523,0.0692631669415076,0.0274760529734087
"Previous model, patient analysis",subcode,AMI,2-lead,quality_flag,static_noise:absent,1882,1668,26,25,0.0,1.0,0.0,1.0,0.0,,0,0,0,0,,,,,0.0,0.0,1.0,1.0,0.5947861405835544,0.0183760630674453,0.0137172621217214,0.7712408819628647,0.0350589981677116,0.0136411769102716
"Previous model, patient analysis",subcode,AMI,2-lead,quality_flag,burst_noise:present,40,40,0,0,0.0,1.0,0.0,1.0,0.0,,0,0,0,0,,,,,,0.0,,1.0,,,0.0005181063553304,,,0.0014011200650003
"Previous model, patient analysis",subcode,AMI,2-lead,quality_flag,burst_noise:absent,2158,1872,35,34,0.0,1.0,0.0,1.0,0.0,,0,0,0,0,,,,,0.0,0.0,1.0,1.0,0.6120987820469685,0.0217329585770723,0.0160105667818735,0.7665433012583271,0.0394900944668446,0.0158939216321262
"Previous model, patient analysis",subcode,AMI,2-lead,quality_flag,electrodes_problems:absent,2195,1901,35,34,0.0,1.0,0.0,1.0,0.0,,0,0,0,0,,,,,0.0,0.0,1.0,1.0,0.6102116402116402,0.0212521744926916,0.0157501094487763,0.7643386243386243,0.0379832845530534,0.015651537190875
"Previous model, patient analysis",subcode,AMI,2-lead,quality_flag,extra_beats:present,198,184,6,5,0.0,1.0,0.0,1.0,0.0,,0,0,0,0,,,,,0.0,0.0,1.0,1.0,0.5772569444444444,0.0507277517561966,0.0294779471063524,0.5737847222222222,0.0690785770565804,0.0296464218472832
"Previous model, patient analysis",subcode,AMI,2-lead,quality_flag,extra_beats:absent,2000,1757,29,29,0.0,1.0,0.0,1.0,0.0,,0,0,0,0,,,,,0.0,0.0,1.0,1.0,0.6069560349201351,0.0184396370863483,0.0143674469212193,0.7843734145104008,0.0365416945813745,0.0142425680794831
"Previous model, patient analysis",subcode,AMI,2-lead,quality_flag,pacemaker:present,29,26,0,0,0.0,1.0,0.0,1.0,0.0,,0,0,0,0,,,,,,0.0,,1.0,,,0.0001864225471292,,,0.0002258966920939
"Previous model, patient analysis",subcode,AMI,2-lead,quality_flag,pacemaker:absent,2169,1883,35,34,0.0,1.0,0.0,1.0,0.0,,0,0,0,0,,,,,0.0,0.0,1.0,1.0,0.6077118757531129,0.021378767403869,0.0159364320496217,0.7630740393626991,0.0381914014259283,0.0158361349380625
"Previous model, patient analysis",subcode,AMI,2-lead,quality,any_flag,679,618,15,14,0.0,1.0,0.0,1.0,0.0,,0,0,0,0,,,,,0.0,0.0,1.0,1.0,0.5958835341365462,0.0315574641726239,0.0216802813198114,0.7033132530120482,0.0517155068140778,0.0215284370599355
"Previous model, patient analysis",subcode,AMI,2-lead,quality,no_flags,1519,1382,20,20,0.0,1.0,0.0,1.0,0.0,,0,0,0,0,,,,,0.0,0.0,1.0,1.0,0.6138425617078052,0.0179528483514105,0.0130682135308389,0.8016010673782521,0.0339390804889795,0.0129936266761238
"Previous model, patient analysis",subcode,ASMI,2-lead,overall,all,2198,1904,234,199,0.0,1.0,0.0,1.0,0.0,,0,0,0,0,,,,,0.0,0.0,1.0,1.0,0.8055337963688269,0.3215309270195644,0.0832757458688868,0.9137901021811408,0.577927703341967,0.0626562106884565
"Previous model, patient analysis",subcode,ASMI,2-lead,sex,0,1132,969,119,100,0.0,1.0,0.0,1.0,0.0,,0,0,0,0,,,,,0.0,0.0,1.0,1.0,0.8261507959551047,0.353790182309851,0.0799675740645073,0.920271761221764,0.5883477389805746,0.0616655294362709
"Previous model, patient analysis",subcode,ASMI,2-lead,sex,1,1066,935,115,99,0.0,1.0,0.0,1.0,0.0,,0,0,0,0,,,,,0.0,0.0,1.0,1.0,0.7817217574178211,0.2939718728472392,0.0867887388168772,0.9086087870891052,0.5789385752992194,0.0637082286785822
"Previous model, patient analysis",subcode,ASMI,2-lead,age_band,40-64,866,755,50,43,0.0,1.0,0.0,1.0,0.0,,0,0,0,0,,,,,0.0,0.0,1.0,1.0,0.8112990196078431,0.1945430370323779,0.0535407039551976,0.929313725490196,0.4579758402360389,0.0397431745138429
"Previous model, patient analysis",subcode,ASMI,2-lead,age_band,<40,284,266,2,2,0.0,1.0,0.0,1.0,0.0,,0,0,0,0,,,,,0.0,0.0,1.0,1.0,0.377659574468085,0.0087492391965916,0.0101089690891685,0.9379432624113476,0.0784615384615384,0.0074707905693599
"Previous model, patient analysis",subcode,ASMI,2-lead,age_band,65-79,708,615,90,79,0.0,1.0,0.0,1.0,0.0,,0,0,0,0,,,,,0.0,0.0,1.0,1.0,0.7804386911183028,0.379105289007889,0.0953174186560024,0.8932758000719165,0.6201880990546199,0.073266448564418
"Previous model, patient analysis",subcode,ASMI,2-lead,age_band,80+,340,274,92,75,0.0,1.0,0.0,1.0,0.0,,0,0,0,0,,,,,0.0,0.0,1.0,1.0,0.6438464235624123,0.3985413588487939,0.1950534122495252,0.832179172510519,0.6245176996134136,0.1450188584086271
"Previous model, patient analysis",subcode,ASMI,2-lead,quality_flag,baseline_drift:present,236,231,26,25,0.0,1.0,0.0,1.0,0.0,,0,0,0,0,,,,,0.0,0.0,1.0,1.0,0.7670329670329671,0.2915049744115226,0.0913513648857651,0.9082417582417582,0.597688314495547,0.0629340196075786
"Previous model, patient analysis",subcode,ASMI,2-lead,quality_flag,baseline_drift:absent,1962,1727,208,179,0.0,1.0,0.0,1.0,0.0,,0,0,0,0,,,,,0.0,0.0,1.0,1.0,0.8097425664415402,0.3281372863875976,0.0823043666191502,0.9140179589509692,0.57684052315422,0.0626227943250962
"Previous model, patient analysis",subcode,ASMI,2-lead,quality_flag,static_noise:present,316,292,31,31,0.0,1.0,0.0,1.0,0.0,,0,0,0,0,,,,,0.0,0.0,1.0,1.0,0.733446519524618,0.268998648146849,0.0830169739396263,0.8650820599886814,0.4447601358986638,0.0702800460860983
"Previous model, patient analysis",subcode,ASMI,2-lead,quality_flag,static_noise:absent,1882,1668,203,173,0.0,1.0,0.0,1.0,0.0,,0,0,0,0,,,,,0.0,0.0,1.0,1.0,0.8172733594064026,0.3333062231386816,0.0833191953532898,0.9210678418129488,0.6042570647096115,0.0613761193039427
"Previous model, patient analysis",subcode,ASMI,2-lead,quality_flag,burst_noise:present,40,40,4,4,0.0,1.0,0.0,1.0,0.0,,0,0,0,0,,,,,0.0,0.0,1.0,1.0,0.8333333333333334,0.2958333333333333,0.0813005317002802,0.9166666666666666,0.4571428571428572,0.0700207504475181
"Previous model, patient analysis",subcode,ASMI,2-lead,quality_flag,burst_noise:absent,2158,1872,230,196,0.0,1.0,0.0,1.0,0.0,,0,0,0,0,,,,,0.0,0.0,1.0,1.0,0.8051867219917013,0.322633624568194,0.0833123578089908,0.9139861086054484,0.580715546947035,0.0625197039273988
"Previous model, patient analysis",subcode,ASMI,2-lead,quality_flag,electrodes_problems:absent,2195,1901,234,199,0.0,1.0,0.0,1.0,0.0,,0,0,0,0,,,,,0.0,0.0,1.0,1.0,0.8052951354838148,0.3215419290976107,0.0833882789428495,0.9136952627518664,0.577941782163099,0.062740884540954
"Previous model, patient analysis",subcode,ASMI,2-lead,quality_flag,extra_beats:present,198,184,38,35,0.0,1.0,0.0,1.0,0.0,,0,0,0,0,,,,,0.0,0.0,1.0,1.0,0.7203947368421052,0.3528657430939662,0.1457588443856226,0.8203947368421053,0.4773262965326134,0.1233415432731961
"Previous model, patient analysis",subcode,ASMI,2-lead,quality_flag,extra_beats:absent,2000,1757,196,168,0.0,1.0,0.0,1.0,0.0,,0,0,0,0,,,,,0.0,0.0,1.0,1.0,0.8123387936105706,0.3190371978998076,0.07708991911573,0.9225530566993982,0.6080400547708736,0.0566483627625672
"Previous model, patient analysis",subcode,ASMI,2-lead,quality_flag,pacemaker:present,29,26,0,0,0.0,1.0,0.0,1.0,0.0,,0,0,0,0,,,,,,0.0,,1.0,,,0.021472224113972,,,0.031469086687686
"Previous model, patient analysis",subcode,ASMI,2-lead,quality_flag,pacemaker:absent,2169,1883,234,199,0.0,1.0,0.0,1.0,0.0,,0,0,0,0,,,,,0.0,0.0,1.0,1.0,0.8054550674705713,0.3241511385231658,0.0841020723469378,0.9138253936703548,0.5878270522648317,0.0630731892942759
"Previous model, patient analysis",subcode,ASMI,2-lead,quality,any_flag,679,618,84,79,0.0,1.0,0.0,1.0,0.0,,0,0,0,0,,,,,0.0,0.0,1.0,1.0,0.7522408963585434,0.2966628242821898,0.0998702078991269,0.8754301720688276,0.4901568284372328,0.0794275842526258
"Previous model, patient analysis",subcode,ASMI,2-lead,quality,no_flags,1519,1382,150,131,0.0,1.0,0.0,1.0,0.0,,0,0,0,0,,,,,0.0,0.0,1.0,1.0,0.8316337959581201,0.3397435578744404,0.0758579448691943,0.9308302897492088,0.6403983675456973,0.055159329417837
"Previous model, patient analysis",subcode,CLBBB,2-lead,overall,all,2198,1904,54,42,0.0,1.0,0.0,1.0,0.0,,0,0,0,0,,,,,0.0,0.0,1.0,1.0,0.9904643449419568,0.7468170986579861,0.0114072673233762,0.9948866777224986,0.8540640754489974,0.0081775744310488
"Previous model, patient analysis",subcode,CLBBB,2-lead,sex,0,1132,969,23,16,0.0,1.0,0.0,1.0,0.0,,0,0,0,0,,,,,0.0,0.0,1.0,1.0,0.9925902693378288,0.8145486629341562,0.0079548249430861,0.9969812208413376,0.9100229064719172,0.0055330015862364
"Previous model, patient analysis",subcode,CLBBB,2-lead,sex,1,1066,935,31,26,0.0,1.0,0.0,1.0,0.0,,0,0,0,0,,,,,0.0,0.0,1.0,1.0,0.9898706560698146,0.7182849561398388,0.0150734631718642,0.9933613838242168,0.8188080660505661,0.0109858825551836
"Previous model, patient analysis",subcode,CLBBB,2-lead,age_band,40-64,866,755,9,6,0.0,1.0,0.0,1.0,0.0,,0,0,0,0,,,,,0.0,0.0,1.0,1.0,0.9957215091404122,0.777395558613309,0.0054522745914044,0.9997406975236612,0.97979797979798,0.0024939150081793
"Previous model, patient analysis",subcode,CLBBB,2-lead,age_band,<40,284,266,0,0,0.0,1.0,0.0,1.0,0.0,,0,0,0,0,,,,,,0.0,,1.0,,,0.000849480029129,,,0.0010236634775792
"Previous model, patient analysis",subcode,CLBBB,2-lead,age_band,65-79,708,615,23,21,0.0,1.0,0.0,1.0,0.0,,0,0,0,0,,,,,0.0,0.0,1.0,1.0,0.9907965725166614,0.748774934651572,0.0148708834889504,0.9896540780704538,0.8066325924235513,0.0128002437645699
"Previous model, patient analysis",subcode,CLBBB,2-lead,age_band,80+,340,274,22,17,0.0,1.0,0.0,1.0,0.0,,0,0,0,0,,,,,0.0,0.0,1.0,1.0,0.9709834190966266,0.7995955612938697,0.028181370418162,0.9912807318467696,0.9019448103501344,0.0190037799688649
"Previous model, patient analysis",subcode,CLBBB,2-lead,quality_flag,baseline_drift:present,236,231,2,2,0.0,1.0,0.0,1.0,0.0,,0,0,0,0,,,,,0.0,0.0,1.0,1.0,0.9957264957264956,0.75,0.0052792144158044,0.9957264957264956,0.75,0.0037663142293404
"Previous model, patient analysis",subcode,CLBBB,2-lead,quality_flag,baseline_drift:absent,1962,1727,52,41,0.0,1.0,0.0,1.0,0.0,,0,0,0,0,,,,,0.0,0.0,1.0,1.0,0.99008256141764,0.7508294556000288,0.0121443827597609,0.9947442609746274,0.8585179931244998,0.0087081847305408
"Previous model, patient analysis",subcode,CLBBB,2-lead,quality_flag,static_noise:present,316,292,5,5,0.0,1.0,0.0,1.0,0.0,,0,0,0,0,,,,,0.0,0.0,1.0,1.0,0.9916398713826368,0.8188235294117647,0.0056848392716724,0.9980707395498392,0.8766666666666667,0.0046888894319666
"Previous model, patient analysis",subcode,CLBBB,2-lead,quality_flag,static_noise:absent,1882,1668,49,39,0.0,1.0,0.0,1.0,0.0,,0,0,0,0,,,,,0.0,0.0,1.0,1.0,0.9902691027311088,0.7380482912435126,0.0123681000886994,0.9946112651279824,0.8544643480351695,0.0087633472576748
"Previous model, patient analysis",subcode,CLBBB,2-lead,quality_flag,burst_noise:present,40,40,0,0,0.0,1.0,0.0,1.0,0.0,,0,0,0,0,,,,,,0.0,,1.0,,,0.0177031171546697,,,0.0064540866356163
"Previous model, patient analysis",subcode,CLBBB,2-lead,quality_flag,burst_noise:absent,2158,1872,54,42,0.0,1.0,0.0,1.0,0.0,,0,0,0,0,,,,,0.0,0.0,1.0,1.0,0.9907759470497112,0.7777649435603478,0.0112905694581066,0.9949566962399662,0.8580952774748537,0.0082095204513534
"Previous model, patient analysis",subcode,CLBBB,2-lead,quality_flag,electrodes_problems:absent,2195,1901,53,41,0.0,1.0,0.0,1.0,0.0,,0,0,0,0,,,,,0.0,0.0,1.0,1.0,0.9903282067543998,0.7393330414345809,0.011393374848319,0.9948205697373288,0.8489730787104063,0.0081850178674324
"Previous model, patient analysis",subcode,CLBBB,2-lead,quality_flag,extra_beats:present,198,184,13,9,0.0,1.0,0.0,1.0,0.0,,0,0,0,0,,,,,0.0,0.0,1.0,1.0,0.980873180873181,0.8196563692717538,0.028655025493498,0.987110187110187,0.8358145625113949,0.0259886999981692
"Previous model, patient analysis",subcode,CLBBB,2-lead,quality_flag,extra_beats:absent,2000,1757,41,34,0.0,1.0,0.0,1.0,0.0,,0,0,0,0,,,,,0.0,0.0,1.0,1.0,0.9913470038222588,0.726590047586157,0.0096997392645341,0.9957170781508734,0.8657670500774663,0.0064142729999039
"Previous model, patient analysis",subcode,CLBBB,2-lead,quality_flag,pacemaker:present,29,26,0,0,0.0,1.0,0.0,1.0,0.0,,0,0,0,0,,,,,,0.0,,1.0,,,0.0979253988577031,,,0.0803987405350782
"Previous model, patient analysis",subcode,CLBBB,2-lead,quality_flag,pacemaker:absent,2169,1883,54,42,0.0,1.0,0.0,1.0,0.0,,0,0,0,0,,,,,0.0,0.0,1.0,1.0,0.9926889064004903,0.8235675875415387,0.0102505011571726,0.9961824708869628,0.8933685360616744,0.0072119617906538
"Previous model, patient analysis",subcode,CLBBB,2-lead,quality,any_flag,679,618,16,12,0.0,1.0,0.0,1.0,0.0,,0,0,0,0,,,,,0.0,0.0,1.0,1.0,0.9863310708898944,0.6819681670926374,0.0133351651822442,0.9905731523378584,0.7406958600594544,0.0112295288041065
"Previous model, patient analysis",subcode,CLBBB,2-lead,quality,no_flags,1519,1382,38,32,0.0,1.0,0.0,1.0,0.0,,0,0,0,0,,,,,0.0,0.0,1.0,1.0,0.9932655744695974,0.8269076212113632,0.0105454880961402,0.9963573687764312,0.8988666833438085,0.0068133367619862
"Previous model, patient analysis",subcode,CRBBB,2-lead,overall,all,2198,1904,54,45,0.0,1.0,0.9481346678798908,0.0518653321201091,0.9481346678798908,0.0019193857965451,0,0,2084,4,,0.0019193857965451,0.0,1.0,0.0,0.9701492537313432,0.925925925925926,0.0298507462686567,0.9194997236042012,0.2129120131426395,0.0213154314748757,0.9898683665008292,0.6925472130756414,0.0124635480809727
"Previous model, patient analysis",subcode,CRBBB,2-lead,sex,0,1132,969,36,30,0.0,1.0,0.9381625441696112,0.0618374558303886,0.9381625441696112,0.0009416195856873,0,0,1062,1,,0.0009416195856873,0.0,1.0,0.0,0.968065693430657,0.9722222222222222,0.031934306569343,0.927970397404704,0.3917611919474758,0.0257735265068685,0.9926500405515004,0.7700000933089403,0.0135290409102825
"Previous model, patient analysis",subcode,CRBBB,2-lead,sex,1,1066,935,18,15,0.0,1.0,0.9587242026266416,0.0412757973733583,0.9587242026266416,0.0029354207436399,0,0,1022,3,,0.0029354207436399,0.0,1.0,0.0,0.9723282442748092,0.8333333333333334,0.0276717557251908,0.9039970313825276,0.0941210154653363,0.0165813193020653,0.983725614927905,0.5254073403663871,0.0113320866524749
"Previous model, patient analysis",subcode,CRBBB,2-lead,age_band,40-64,866,755,8,6,0.0,1.0,0.9734411085450346,0.0265588914549653,0.9734411085450346,0.0,0,0,843,0,,0.0,,1.0,0.0,0.9825174825174824,1.0,0.0174825174825174,0.9287587412587412,0.2098054661445609,0.0084557220832523,0.997960372960373,0.8238906926406926,0.0036829713312617
"Previous model, patient analysis",subcode,CRBBB,2-lead,age_band,<40,284,266,0,0,0.0,1.0,1.0,0.0,1.0,0.0,0,0,284,0,,0.0,,1.0,,1.0,,0.0,,,4.1482277247535246e-05,,,1.0068735272613647e-05
"Previous model, patient analysis",subcode,CRBBB,2-lead,age_band,65-79,708,615,30,25,0.0,1.0,0.9180790960451978,0.0819209039548022,0.9180790960451978,0.003076923076923,0,0,650,2,,0.003076923076923,0.0,1.0,0.0,0.9557522123893806,0.9333333333333332,0.0442477876106194,0.9001474926253688,0.2471513576611516,0.036223263588782,0.9843657817109144,0.6906296572212084,0.0223849438172887
"Previous model, patient analysis",subcode,CRBBB,2-lead,age_band,80+,340,274,16,14,0.0,1.0,0.9029411764705882,0.0970588235294117,0.9029411764705882,0.006514657980456,0,0,307,2,,0.006514657980456,0.0,1.0,0.0,0.941358024691358,0.875,0.0586419753086419,0.8287037037037037,0.234296710706976,0.0407965043237773,0.9778163580246914,0.6821384541459838,0.0245706640166106
"Previous model, patient analysis",subcode,CRBBB,2-lead,quality_flag,baseline_drift:present,236,231,6,6,0.0,1.0,0.9533898305084746,0.0466101694915254,0.9533898305084746,0.0,0,0,225,0,,0.0,,1.0,0.0,0.9782608695652174,1.0,0.0217391304347826,0.9231884057971016,0.1854657687991021,0.0232131176119171,0.9963768115942028,0.8178571428571427,0.0118261555002917
"Previous model, patient analysis",subcode,CRBBB,2-lead,quality_flag,baseline_drift:absent,1962,1727,48,40,0.0,1.0,0.9475025484199796,0.0524974515800203,0.9475025484199796,0.0021516944593867,0,0,1859,4,,0.0021516944593867,0.0,1.0,0.0,0.9691745036572624,0.9166666666666666,0.0308254963427377,0.919474921630094,0.220363791967222,0.0210871674950888,0.9890717520027864,0.6965228936081485,0.012540217117181
"Previous model, patient analysis",subcode,CRBBB,2-lead,quality_flag,static_noise:present,316,292,13,12,0.0,1.0,0.939873417721519,0.060126582278481,0.939873417721519,0.0067340067340067,0,0,297,2,,0.0067340067340067,0.0,1.0,0.0,0.9735973597359736,0.8461538461538461,0.0264026402640264,0.9423711601929424,0.433388563523256,0.0337255664020574,0.9883219091139884,0.8023532557186401,0.0193130464441404
"Previous model, patient analysis",subcode,CRBBB,2-lead,quality_flag,static_noise:absent,1882,1668,41,35,0.0,1.0,0.9495217853347504,0.0504782146652497,0.9495217853347504,0.0011191941801902,0,0,1787,2,,0.0011191941801902,0.0,1.0,0.0,0.9695817490494296,0.951219512195122,0.0304182509505703,0.9125342801499714,0.1847037069292657,0.0192316893723308,0.9905141691286548,0.6706117908765299,0.0113134729041603
"Previous model, patient analysis",subcode,CRBBB,2-lead,quality_flag,burst_noise:present,40,40,0,0,0.0,1.0,1.0,0.0,1.0,0.0,0,0,40,0,,0.0,,1.0,,1.0,,0.0,,,0.0010488945551885,,,3.2991018606860556e-05
"Previous model, patient analysis",subcode,CRBBB,2-lead,quality_flag,burst_noise:absent,2158,1872,54,45,0.0,1.0,0.9471733086190918,0.0528266913809082,0.9471733086190918,0.0019569471624266,0,0,2044,4,,0.0019569471624266,0.0,1.0,0.0,0.9695817490494296,0.925925925925926,0.0304182509505703,0.9198000281650472,0.2146328599863825,0.021691085541969,0.9897373609350796,0.6926836780837484,0.0126939569236486
"Previous model, patient analysis",subcode,CRBBB,2-lead,quality_flag,electrodes_problems:absent,2195,1901,54,45,0.0,1.0,0.9480637813211844,0.0519362186788154,0.9480637813211844,0.0019221528111484,0,0,2081,4,,0.0019221528111484,0.0,1.0,0.0,0.9701074264362448,0.925925925925926,0.0298925735637552,0.9195166675316138,0.2129922253741687,0.0213438470476742,0.9898541699102184,0.6925472130756415,0.0124805755276475
"Previous model, patient analysis",subcode,CRBBB,2-lead,quality_flag,extra_beats:present,198,184,10,10,0.0,1.0,0.8939393939393939,0.106060606060606,0.8939393939393939,0.0,0,0,177,0,,0.0,,1.0,0.0,0.9414893617021276,1.0,0.0585106382978723,0.8569148936170212,0.329181689012891,0.0403574389972317,0.9840425531914894,0.6894291819291819,0.0244165470443421
"Previous model, patient analysis",subcode,CRBBB,2-lead,quality_flag,extra_beats:absent,2000,1757,44,39,0.0,1.0,0.9535,0.0465,0.9535,0.0020975353959098,0,0,1907,4,,0.0020975353959098,0.0,1.0,0.0,0.9729038854805726,0.9090909090909092,0.0270961145194274,0.9250092954080684,0.1887463371009051,0.0194302727301624,0.9903095370886782,0.6935095312356121,0.0112802011835991
"Previous model, patient analysis",subcode,CRBBB,2-lead,quality_flag,pacemaker:present,29,26,0,0,0.0,1.0,0.9655172413793104,0.0344827586206896,0.9655172413793104,0.0,0,0,28,0,,0.0,,1.0,,0.9655172413793104,,0.0344827586206896,,,0.0041286633247125,,,0.0002707366489734
"Previous model, patient analysis",subcode,CRBBB,2-lead,quality_flag,pacemaker:absent,2169,1883,54,45,0.0,1.0,0.9479022591055786,0.0520977408944213,0.9479022591055786,0.0019455252918287,0,0,2056,4,,0.0019455252918287,0.0,1.0,0.0,0.9702127659574468,0.925925925925926,0.0297872340425531,0.9212503283425268,0.2177041972897021,0.0215452222892393,0.989860782768584,0.6929946874197682,0.0126265686118754
"Previous model, patient analysis",subcode,CRBBB,2-lead,quality,any_flag,679,618,26,24,0.0,1.0,0.93519882179676,0.06480117820324,0.93519882179676,0.0031496062992125,0,0,635,2,,0.0031496062992125,0.0,1.0,0.0,0.9693721286370596,0.9230769230769232,0.0306278713629402,0.9176581458357876,0.3204829626161443,0.0317178143747752,0.9902815408175284,0.783549877125108,0.0168092768915712
"Previous model, patient analysis",subcode,CRBBB,2-lead,quality,no_flags,1519,1382,28,25,0.0,1.0,0.9539170506912442,0.0460829493087557,0.9539170506912442,0.0013802622498274,0,0,1449,2,,0.0013802622498274,0.0,1.0,0.0,0.9704896042924211,0.9285714285714286,0.0295103957075788,0.915852256395516,0.1568448596263098,0.0166655183813722,0.9891491807990802,0.6094647367553909,0.0105209872762351
"Previous model, patient analysis",subcode,ILMI,2-lead,overall,all,2198,1904,48,43,0.0,1.0,0.0,1.0,0.0,,0,0,0,0,,,,,0.0,0.0,1.0,1.0,0.882248062015504,0.263802305978943,0.0185705539478004,0.9182073643410852,0.347747582092079,0.0173399512759757
"Previous model, patient analysis",subcode,ILMI,2-lead,sex,0,1132,969,25,23,0.0,1.0,0.0,1.0,0.0,,0,0,0,0,,,,,0.0,0.0,1.0,1.0,0.8857091237579042,0.3174354595277835,0.0182527132568364,0.9226016260162602,0.4027551573731008,0.0170365395125844
"Previous model, patient analysis",subcode,ILMI,2-lead,sex,1,1066,935,23,20,0.0,1.0,0.0,1.0,0.0,,0,0,0,0,,,,,0.0,0.0,1.0,1.0,0.8799449747801075,0.2258342993711093,0.0189080733307002,0.9123765058985368,0.2900109752419572,0.0176621483830667
"Previous model, patient analysis",subcode,ILMI,2-lead,age_band,40-64,866,755,12,11,0.0,1.0,0.0,1.0,0.0,,0,0,0,0,,,,,0.0,0.0,1.0,1.0,0.8688524590163934,0.2397841699052836,0.0123585381357787,0.925351288056206,0.2179860731236183,0.0123925919385459
"Previous model, patient analysis",subcode,ILMI,2-lead,age_band,<40,284,266,0,0,0.0,1.0,0.0,1.0,0.0,,0,0,0,0,,,,,,0.0,,1.0,,,6.307939572011343e-05,,,8.149586610370836e-05
"Previous model, patient analysis",subcode,ILMI,2-lead,age_band,65-79,708,615,20,19,0.0,1.0,0.0,1.0,0.0,,0,0,0,0,,,,,0.0,0.0,1.0,1.0,0.8526162790697674,0.3130437436022219,0.0241179608558551,0.8852470930232558,0.3776254921547002,0.0222404068246891
"Previous model, patient analysis",subcode,ILMI,2-lead,age_band,80+,340,274,16,13,0.0,1.0,0.0,1.0,0.0,,0,0,0,0,,,,,0.0,0.0,1.0,1.0,0.8559027777777778,0.3486366625723415,0.0383004491686793,0.8967978395061729,0.4881054967856909,0.0341525747881195
"Previous model, patient analysis",subcode,ILMI,2-lead,quality_flag,baseline_drift:present,236,231,3,3,0.0,1.0,0.0,1.0,0.0,,0,0,0,0,,,,,0.0,0.0,1.0,1.0,0.927038626609442,0.2157210401891253,0.0113553043677924,0.9842632331902718,0.3777777777777777,0.0105638828117916
"Previous model, patient analysis",subcode,ILMI,2-lead,quality_flag,baseline_drift:absent,1962,1727,45,41,0.0,1.0,0.0,1.0,0.0,,0,0,0,0,,,,,0.0,0.0,1.0,1.0,0.8784559207094419,0.2696176824257653,0.0194384432958543,0.9138932359589635,0.354836370694763,0.0181550135377226
"Previous model, patient analysis",subcode,ILMI,2-lead,quality_flag,static_noise:present,316,292,6,6,0.0,1.0,0.0,1.0,0.0,,0,0,0,0,,,,,0.0,0.0,1.0,1.0,0.7844086021505376,0.5198049244866413,0.0156261381519509,0.864516129032258,0.4810515873015872,0.0145998604262787
"Previous model, patient analysis",subcode,ILMI,2-lead,quality_flag,static_noise:absent,1882,1668,42,37,0.0,1.0,0.0,1.0,0.0,,0,0,0,0,,,,,0.0,0.0,1.0,1.0,0.8961050724637681,0.25506619592786,0.0190649404469972,0.92578933747412,0.3457230508686758,0.0178000302921842
"Previous model, patient analysis",subcode,ILMI,2-lead,quality_flag,burst_noise:present,40,40,1,1,0.0,1.0,0.0,1.0,0.0,,0,0,0,0,,,,,0.0,0.0,1.0,1.0,0.8461538461538461,0.1428571428571428,0.0240945442174062,0.9487179487179488,0.3333333333333333,0.0218389331405221
"Previous model, patient analysis",subcode,ILMI,2-lead,quality_flag,burst_noise:absent,2158,1872,47,42,0.0,1.0,0.0,1.0,0.0,,0,0,0,0,,,,,0.0,0.0,1.0,1.0,0.8826410796536884,0.2677557695306269,0.0184681630252868,0.9177056351230132,0.3514427835287575,0.0172565595824716
"Previous model, patient analysis",subcode,ILMI,2-lead,quality_flag,electrodes_problems:absent,2195,1901,48,43,0.0,1.0,0.0,1.0,0.0,,0,0,0,0,,,,,0.0,0.0,1.0,1.0,0.8821223412513585,0.2638040663546773,0.0185959248823709,0.9181512963825492,0.3477520075766095,0.0173636203020795
"Previous model, patient analysis",subcode,ILMI,2-lead,quality_flag,extra_beats:present,198,184,6,6,0.0,1.0,0.0,1.0,0.0,,0,0,0,0,,,,,0.0,0.0,1.0,1.0,0.8394097222222222,0.4923614464295294,0.0232613530945145,0.8307291666666667,0.5545040776284352,0.0240999070159414
"Previous model, patient analysis",subcode,ILMI,2-lead,quality_flag,extra_beats:absent,2000,1757,42,38,0.0,1.0,0.0,1.0,0.0,,0,0,0,0,,,,,0.0,0.0,1.0,1.0,0.885293545405905,0.2264259556780547,0.0181061648322757,0.9274891774891776,0.3457922232690061,0.0166707156577191
"Previous model, patient analysis",subcode,ILMI,2-lead,quality_flag,pacemaker:present,29,26,0,0,0.0,1.0,0.0,1.0,0.0,,0,0,0,0,,,,,,0.0,,1.0,,,0.0012287730607548,,,0.004007026815941
"Previous model, patient analysis",subcode,ILMI,2-lead,quality_flag,pacemaker:absent,2169,1883,48,43,0.0,1.0,0.0,1.0,0.0,,0,0,0,0,,,,,0.0,0.0,1.0,1.0,0.8824257425742574,0.264870589646916,0.0188024173160458,0.9187784849913564,0.3516266826719205,0.017518215365114
"Previous model, patient analysis",subcode,ILMI,2-lead,quality,any_flag,679,618,15,14,0.0,1.0,0.0,1.0,0.0,,0,0,0,0,,,,,0.0,0.0,1.0,1.0,0.8366465863453816,0.3363922860245939,0.0186031945976166,0.8805220883534137,0.3663064524700353,0.017856512838914
"Previous model, patient analysis",subcode,ILMI,2-lead,quality,no_flags,1519,1382,33,30,0.0,1.0,0.0,1.0,0.0,,0,0,0,0,,,,,0.0,0.0,1.0,1.0,0.9005465149475916,0.2408708673164352,0.0185559634269148,0.9344997756841632,0.3646321937865852,0.0171090458768743
"Previous model, patient analysis",subcode,IMI,2-lead,overall,all,2198,1904,267,240,0.0,1.0,0.0,1.0,0.0,,0,0,0,0,,,,,0.0,0.0,1.0,1.0,0.7690141336793535,0.331093640562195,0.0940828374449826,0.844395696472108,0.4102001031353341,0.0867424638674576
"Previous model, patient analysis",subcode,IMI,2-lead,sex,0,1132,969,160,140,0.0,1.0,0.0,1.0,0.0,,0,0,0,0,,,,,0.0,0.0,1.0,1.0,0.7909657921810699,0.4029270211244265,0.1035770386243088,0.8465470679012346,0.4658515934681692,0.09612223362306
"Previous model, patient analysis",subcode,IMI,2-lead,sex,1,1066,935,107,100,0.0,1.0,0.0,1.0,0.0,,0,0,0,0,,,,,0.0,0.0,1.0,1.0,0.7398575229259451,0.2510728346464493,0.0840008151795069,0.8408096440022219,0.3267232999054478,0.0767819578980937
"Previous model, patient analysis",subcode,IMI,2-lead,age_band,40-64,866,755,92,78,0.0,1.0,0.0,1.0,0.0,,0,0,0,0,,,,,0.0,0.0,1.0,1.0,0.7348331648129423,0.2966149863520071,0.0860160605573674,0.8428828221548141,0.3791913024125332,0.078553451381903
"Previous model, patient analysis",subcode,IMI,2-lead,age_band,<40,284,266,3,3,0.0,1.0,0.0,1.0,0.0,,0,0,0,0,,,,,0.0,0.0,1.0,1.0,0.9359430604982206,0.0981481481481481,0.0119349324008545,0.9478054567022538,0.4037990196078431,0.0102585696743294
"Previous model, patient analysis",subcode,IMI,2-lead,age_band,65-79,708,615,116,107,0.0,1.0,0.0,1.0,0.0,,0,0,0,0,,,,,0.0,0.0,1.0,1.0,0.7658579916123021,0.4031422208427715,0.1202813163836904,0.8247757455731594,0.456856318349693,0.1111007177343256
"Previous model, patient analysis",subcode,IMI,2-lead,age_band,80+,340,274,56,52,0.0,1.0,0.0,1.0,0.0,,0,0,0,0,,,,,0.0,0.0,1.0,1.0,0.6741700201207242,0.3186194496683223,0.1286925748820478,0.7740191146881288,0.4139844336956699,0.1207644257074463
"Previous model, patient analysis",subcode,IMI,2-lead,quality_flag,baseline_drift:present,236,231,24,24,0.0,1.0,0.0,1.0,0.0,,0,0,0,0,,,,,0.0,0.0,1.0,1.0,0.7413522012578616,0.2490665081131216,0.0858166965862473,0.8191823899371069,0.2988684979120568,0.0838962088082204
"Previous model, patient analysis",subcode,IMI,2-lead,quality_flag,baseline_drift:absent,1962,1727,243,220,0.0,1.0,0.0,1.0,0.0,,0,0,0,0,,,,,0.0,0.0,1.0,1.0,0.7715798016360359,0.3433330096504604,0.095077133695065,0.8470495574755157,0.4273774988473122,0.0870848268613312
"Previous model, patient analysis",subcode,IMI,2-lead,quality_flag,static_noise:present,316,292,46,43,0.0,1.0,0.0,1.0,0.0,,0,0,0,0,,,,,0.0,0.0,1.0,1.0,0.7218196457326893,0.3446815597966683,0.1135613799963864,0.8221417069243155,0.4572398432098888,0.1009762565863555
"Previous model, patient analysis",subcode,IMI,2-lead,quality_flag,static_noise:absent,1882,1668,221,206,0.0,1.0,0.0,1.0,0.0,,0,0,0,0,,,,,0.0,0.0,1.0,1.0,0.7779318461048106,0.3312871154268973,0.0908122638816226,0.8481969919445573,0.4030759324749651,0.0843525177998849
"Previous model, patient analysis",subcode,IMI,2-lead,quality_flag,burst_noise:present,40,40,5,5,0.0,1.0,0.0,1.0,0.0,,0,0,0,0,,,,,0.0,0.0,1.0,1.0,0.7657142857142857,0.3175598086124401,0.102234476532332,0.7142857142857143,0.2429634692792587,0.1200860089986055
"Previous model, patient analysis",subcode,IMI,2-lead,quality_flag,burst_noise:absent,2158,1872,262,235,0.0,1.0,0.0,1.0,0.0,,0,0,0,0,,,,,0.0,0.0,1.0,1.0,0.7690356556189004,0.3334945083064395,0.0939317412617139,0.8461968950301157,0.4163876051192662,0.0861244185452862
"Previous model, patient analysis",subcode,IMI,2-lead,quality_flag,electrodes_problems:absent,2195,1901,267,240,0.0,1.0,0.0,1.0,0.0,,0,0,0,0,,,,,0.0,0.0,1.0,1.0,0.7687382473153371,0.3311113697489267,0.0942087603811506,0.844165229148212,0.4102022558645994,0.0868607704955458
"Previous model, patient analysis",subcode,IMI,2-lead,quality_flag,extra_beats:present,198,184,36,35,0.0,1.0,0.0,1.0,0.0,,0,0,0,0,,,,,0.0,0.0,1.0,1.0,0.7229080932784637,0.3715849359636093,0.1346498189328556,0.8369341563786008,0.4973615134932054,0.1166441213114074
"Previous model, patient analysis",subcode,IMI,2-lead,quality_flag,extra_beats:absent,2000,1757,231,208,0.0,1.0,0.0,1.0,0.0,,0,0,0,0,,,,,0.0,0.0,1.0,1.0,0.7725547488125215,0.3261755913599801,0.0900667062776832,0.8442855429853734,0.3996134621226694,0.0837821997805066
"Previous model, patient analysis",subcode,IMI,2-lead,quality_flag,pacemaker:present,29,26,0,0,0.0,1.0,0.0,1.0,0.0,,0,0,0,0,,,,,,0.0,,1.0,,,0.0074532740265388,,,0.0161284495901591
"Previous model, patient analysis",subcode,IMI,2-lead,quality_flag,pacemaker:absent,2169,1883,267,240,0.0,1.0,0.0,1.0,0.0,,0,0,0,0,,,,,0.0,0.0,1.0,1.0,0.7671463509729557,0.3319144399200814,0.095241093479623,0.8433897690977761,0.4123589024311211,0.087686588539676
"Previous model, patient analysis",subcode,IMI,2-lead,quality,any_flag,679,618,95,87,0.0,1.0,0.0,1.0,0.0,,0,0,0,0,,,,,0.0,0.0,1.0,1.0,0.7357065609228551,0.3312785236624294,0.1088657752931743,0.834030281182408,0.4141207958675313,0.0985015658378538
"Previous model, patient analysis",subcode,IMI,2-lead,quality,no_flags,1519,1382,172,158,0.0,1.0,0.0,1.0,0.0,,0,0,0,0,,,,,0.0,0.0,1.0,1.0,0.7857253845755425,0.3354799313143283,0.0874747961027034,0.8470718737590857,0.4087987490621307,0.0814860910972805
"Previous model, patient analysis",subcode,IRBBB,2-lead,overall,all,2198,1904,112,106,0.0,1.0,0.0,1.0,0.0,,0,0,0,0,,,,,0.0,0.0,1.0,1.0,0.6804611525818381,0.1088603022331571,0.0473469660821036,0.8491388166004656,0.3518932396434797,0.0399519805444339
"Previous model, patient analysis",subcode,IRBBB,2-lead,sex,0,1132,969,68,62,0.0,1.0,0.0,1.0,0.0,,0,0,0,0,,,,,0.0,0.0,1.0,1.0,0.6840999557717823,0.1349131891824714,0.0547751248223737,0.8345450022114109,0.3893593428192004,0.0456824277615952
"Previous model, patient analysis",subcode,IRBBB,2-lead,sex,1,1066,935,44,44,0.0,1.0,0.0,1.0,0.0,,0,0,0,0,,,,,0.0,0.0,1.0,1.0,0.6750578188934353,0.0881733821892886,0.0394589025793028,0.8708859633517168,0.3090787745672066,0.0338667401599811
"Previous model, patient analysis",subcode,IRBBB,2-lead,age_band,40-64,866,755,46,43,0.0,1.0,0.0,1.0,0.0,,0,0,0,0,,,,,0.0,0.0,1.0,1.0,0.7014846235418876,0.1311004414111777,0.0488703682838297,0.8663043478260869,0.4372483599691341,0.03908152591476
"Previous model, patient analysis",subcode,IRBBB,2-lead,age_band,<40,284,266,19,19,0.0,1.0,0.0,1.0,0.0,,0,0,0,0,,,,,0.0,0.0,1.0,1.0,0.7368421052631579,0.2443692035715766,0.0596597575869136,0.9032770605759682,0.4859390990563781,0.0468811706321188
"Previous model, patient analysis",subcode,IRBBB,2-lead,age_band,65-79,708,615,33,31,0.0,1.0,0.0,1.0,0.0,,0,0,0,0,,,,,0.0,0.0,1.0,1.0,0.6748821548821549,0.1048530423493772,0.043934382821256,0.834882154882155,0.2710568448401673,0.0403130599435847
"Previous model, patient analysis",subcode,IRBBB,2-lead,age_band,80+,340,274,14,13,0.0,1.0,0.0,1.0,0.0,,0,0,0,0,,,,,0.0,0.0,1.0,1.0,0.5946538124452234,0.074909495051673,0.0402881715368664,0.7861524978089395,0.4329519145343674,0.035629273220305
"Previous model, patient analysis",subcode,IRBBB,2-lead,quality_flag,baseline_drift:present,236,231,14,14,0.0,1.0,0.0,1.0,0.0,,0,0,0,0,,,,,0.0,0.0,1.0,1.0,0.5366795366795367,0.0789495937607721,0.0563483289411574,0.8645431145431146,0.3761329812140436,0.046638793104707
"Previous model, patient analysis",subcode,IRBBB,2-lead,quality_flag,baseline_drift:absent,1962,1727,98,92,0.0,1.0,0.0,1.0,0.0,,0,0,0,0,,,,,0.0,0.0,1.0,1.0,0.6997377813786458,0.1150488071714421,0.0462642333426864,0.8463530261890164,0.3560515182716929,0.0391476544668475
"Previous model, patient analysis",subcode,IRBBB,2-lead,quality_flag,static_noise:present,316,292,19,18,0.0,1.0,0.0,1.0,0.0,,0,0,0,0,,,,,0.0,0.0,1.0,1.0,0.6064150274676591,0.091628150441125,0.0567794444478892,0.8768385610490873,0.4187261567484376,0.0447886403262457
"Previous model, patient analysis",subcode,IRBBB,2-lead,quality_flag,static_noise:absent,1882,1668,93,89,0.0,1.0,0.0,1.0,0.0,,0,0,0,0,,,,,0.0,0.0,1.0,1.0,0.6933620632659564,0.116091173273082,0.045763191818773,0.8440589744976771,0.3395330426462802,0.0391398740135877
"Previous model, patient analysis",subcode,IRBBB,2-lead,quality_flag,burst_noise:present,40,40,1,1,0.0,1.0,0.0,1.0,0.0,,0,0,0,0,,,,,0.0,0.0,1.0,1.0,0.2051282051282051,0.03125,0.0287946645805992,0.7435897435897436,0.0909090909090909,0.0291118327876933
"Previous model, patient analysis",subcode,IRBBB,2-lead,quality_flag,burst_noise:absent,2158,1872,111,105,0.0,1.0,0.0,1.0,0.0,,0,0,0,0,,,,,0.0,0.0,1.0,1.0,0.6849377467354996,0.1115119757802506,0.0476908456280073,0.849918800089782,0.3553610483771113,0.040152910067265
"Previous model, patient analysis",subcode,IRBBB,2-lead,quality_flag,electrodes_problems:absent,2195,1901,112,106,0.0,1.0,0.0,1.0,0.0,,0,0,0,0,,,,,0.0,0.0,1.0,1.0,0.6800009430080242,0.1088603022331571,0.0474115585125117,0.8489858377340374,0.351897814003397,0.0400064366805464
"Previous model, patient analysis",subcode,IRBBB,2-lead,quality_flag,extra_beats:present,198,184,15,15,0.0,1.0,0.0,1.0,0.0,,0,0,0,0,,,,,0.0,0.0,1.0,1.0,0.6327868852459017,0.1186653043382311,0.0698251248124559,0.819672131147541,0.435169464880157,0.0577365532308704
"Previous model, patient analysis",subcode,IRBBB,2-lead,quality_flag,extra_beats:absent,2000,1757,97,91,0.0,1.0,0.0,1.0,0.0,,0,0,0,0,,,,,0.0,0.0,1.0,1.0,0.6871380511509229,0.1109118888496823,0.0451216283677988,0.8527501340802098,0.3439334279075568,0.0381913078484766
"Previous model, patient analysis",subcode,IRBBB,2-lead,quality_flag,pacemaker:present,29,26,0,0,0.0,1.0,0.0,1.0,0.0,,0,0,0,0,,,,,,0.0,,1.0,,,0.0028751059094997,,,0.0085212397349869
"Previous model, patient analysis",subcode,IRBBB,2-lead,quality_flag,pacemaker:absent,2169,1883,112,106,0.0,1.0,0.0,1.0,0.0,,0,0,0,0,,,,,0.0,0.0,1.0,1.0,0.6779919612473089,0.1097498032772064,0.0479415644892062,0.8482576915063547,0.3542392332362177,0.0403722163597745
"Previous model, patient analysis",subcode,IRBBB,2-lead,quality,any_flag,679,618,38,37,0.0,1.0,0.0,1.0,0.0,,0,0,0,0,,,,,0.0,0.0,1.0,1.0,0.6168404630922079,0.0832129843478021,0.0529362590389171,0.8389440840791527,0.3475578565421924,0.0450581973067983
"Previous model, patient analysis",subcode,IRBBB,2-lead,quality,no_flags,1519,1382,74,70,0.0,1.0,0.0,1.0,0.0,,0,0,0,0,,,,,0.0,0.0,1.0,1.0,0.7108435425044421,0.1290848773206684,0.0448485263732976,0.8535677546058169,0.3654411190771475,0.0376694781207041
"Previous model, patient analysis",subcode,ISCAL,2-lead,overall,all,2198,1904,66,65,0.0,1.0,0.0,1.0,0.0,,0,0,0,0,,,,,0.0,0.0,1.0,1.0,0.9061203024617658,0.1975717273334319,0.0259632713810369,0.9203763715958838,0.2502577542251729,0.0251685050366137
"Previous model, patient analysis",subcode,ISCAL,2-lead,sex,0,1132,969,32,32,0.0,1.0,0.0,1.0,0.0,,0,0,0,0,,,,,0.0,0.0,1.0,1.0,0.9249147727272728,0.2282001734572788,0.0239176782346247,0.9395454545454546,0.3483703460623215,0.0226959871865434
"Previous model, patient analysis",subcode,ISCAL,2-lead,sex,1,1066,935,34,33,0.0,1.0,0.0,1.0,0.0,,0,0,0,0,,,,,0.0,0.0,1.0,1.0,0.8875113999088008,0.1872917911713998,0.0281355147597786,0.8997663018695851,0.2004543614348448,0.0277941056053563
"Previous model, patient analysis",subcode,ISCAL,2-lead,age_band,40-64,866,755,21,21,0.0,1.0,0.0,1.0,0.0,,0,0,0,0,,,,,0.0,0.0,1.0,1.0,0.9483234714003944,0.2643889700855894,0.0198792016875791,0.9487743026204564,0.3697656267992991,0.0190144838450451
"Previous model, patient analysis",subcode,ISCAL,2-lead,age_band,<40,284,266,0,0,0.0,1.0,0.0,1.0,0.0,,0,0,0,0,,,,,,0.0,,1.0,,,0.000213223600896,,,0.0003426475884209
"Previous model, patient analysis",subcode,ISCAL,2-lead,age_band,65-79,708,615,20,20,0.0,1.0,0.0,1.0,0.0,,0,0,0,0,,,,,0.0,0.0,1.0,1.0,0.8720930232558141,0.1643769481566136,0.0260809967179721,0.898110465116279,0.211770698590396,0.0252130079944225
"Previous model, patient analysis",subcode,ISCAL,2-lead,age_band,80+,340,274,25,24,0.0,1.0,0.0,1.0,0.0,,0,0,0,0,,,,,0.0,0.0,1.0,1.0,0.7856507936507937,0.2228744479737728,0.062723472514991,0.8229841269841269,0.266887850080482,0.0614873808397212
"Previous model, patient analysis",subcode,ISCAL,2-lead,quality_flag,baseline_drift:present,236,231,9,9,0.0,1.0,0.0,1.0,0.0,,0,0,0,0,,,,,0.0,0.0,1.0,1.0,0.920704845814978,0.5334479990826739,0.0300219290836886,0.9579050416054822,0.4982490372427479,0.0285627056842227
"Previous model, patient analysis",subcode,ISCAL,2-lead,quality_flag,baseline_drift:absent,1962,1727,57,56,0.0,1.0,0.0,1.0,0.0,,0,0,0,0,,,,,0.0,0.0,1.0,1.0,0.9044066860063544,0.1790580374106192,0.0254750740223082,0.9147948611686696,0.2335192983396528,0.0247602321758412
"Previous model, patient analysis",subcode,ISCAL,2-lead,quality_flag,static_noise:present,316,292,11,11,0.0,1.0,0.0,1.0,0.0,,0,0,0,0,,,,,0.0,0.0,1.0,1.0,0.9397913561847988,0.3811545554861063,0.0269088947701094,0.9561847988077496,0.4398111445695239,0.0259917875359537
"Previous model, patient analysis",subcode,ISCAL,2-lead,quality_flag,static_noise:absent,1882,1668,55,54,0.0,1.0,0.0,1.0,0.0,,0,0,0,0,,,,,0.0,0.0,1.0,1.0,0.8994377270239339,0.1730156141385687,0.0258044950840407,0.9132407822062996,0.2398908908114998,0.0250302705680742
"Previous model, patient analysis",subcode,ISCAL,2-lead,quality_flag,burst_noise:present,40,40,0,0,0.0,1.0,0.0,1.0,0.0,,0,0,0,0,,,,,,0.0,,1.0,,,0.0092450755209318,,,0.0070616151687108
"Previous model, patient analysis",subcode,ISCAL,2-lead,quality_flag,burst_noise:absent,2158,1872,66,65,0.0,1.0,0.0,1.0,0.0,,0,0,0,0,,,,,0.0,0.0,1.0,1.0,0.9072440465843908,0.2085121206586697,0.0262731545295097,0.9213598702126428,0.2563777056468293,0.0255041285744803
"Previous model, patient analysis",subcode,ISCAL,2-lead,quality_flag,electrodes_problems:absent,2195,1901,66,65,0.0,1.0,0.0,1.0,0.0,,0,0,0,0,,,,,0.0,0.0,1.0,1.0,0.9062584511151914,0.1978544450334783,0.0259894560700188,0.9202926398793004,0.2502654331809846,0.0252025250487848
"Previous model, patient analysis",subcode,ISCAL,2-lead,quality_flag,extra_beats:present,198,184,14,14,0.0,1.0,0.0,1.0,0.0,,0,0,0,0,,,,,0.0,0.0,1.0,1.0,0.8385093167701863,0.3623483657893863,0.058188214019697,0.891692546583851,0.4219037274501045,0.0554069638306593
"Previous model, patient analysis",subcode,ISCAL,2-lead,quality_flag,extra_beats:absent,2000,1757,52,51,0.0,1.0,0.0,1.0,0.0,,0,0,0,0,,,,,0.0,0.0,1.0,1.0,0.9128494708576844,0.1828922069368636,0.0227730020598096,0.9225734481124626,0.2346404355564341,0.0221748976160032
"Previous model, patient analysis",subcode,ISCAL,2-lead,quality_flag,pacemaker:present,29,26,0,0,0.0,1.0,0.0,1.0,0.0,,0,0,0,0,,,,,,0.0,,1.0,,,0.0005252254893892,,,0.0006260668034635
"Previous model, patient analysis",subcode,ISCAL,2-lead,quality_flag,pacemaker:absent,2169,1883,66,65,0.0,1.0,0.0,1.0,0.0,,0,0,0,0,,,,,0.0,0.0,1.0,1.0,0.9052219772619202,0.1977607382655668,0.0263033835667713,0.9196458162221358,0.2504176287124846,0.025496642753885
"Previous model, patient analysis",subcode,ISCAL,2-lead,quality,any_flag,679,618,25,25,0.0,1.0,0.0,1.0,0.0,,0,0,0,0,,,,,0.0,0.0,1.0,1.0,0.9014067278287462,0.2570959814151431,0.0308665669845195,0.926177370030581,0.3097641777485421,0.0297921617120967
"Previous model, patient analysis",subcode,ISCAL,2-lead,quality,no_flags,1519,1382,41,40,0.0,1.0,0.0,1.0,0.0,,0,0,0,0,,,,,0.0,0.0,1.0,1.0,0.9080827750090762,0.1824817737939483,0.0237714756504479,0.9178190699363016,0.2597658837866998,0.0231017091954992
"Previous model, patient analysis",subcode,ISC_,2-lead,overall,all,2198,1904,128,121,0.0,1.0,0.0,1.0,0.0,,0,0,0,0,,,,,0.0,0.0,1.0,1.0,0.927272041062802,0.5519183675653908,0.0374447062819238,0.9575898248792272,0.671427255031876,0.0310274244566476
"Previous model, patient analysis",subcode,ISC_,2-lead,sex,0,1132,969,61,57,0.0,1.0,0.0,1.0,0.0,,0,0,0,0,,,,,0.0,0.0,1.0,1.0,0.9382375901180144,0.5431091186235467,0.0360464586393425,0.9623302873061792,0.7046016277511018,0.0270384986946704
"Previous model, patient analysis",subcode,ISC_,2-lead,sex,1,1066,935,67,64,0.0,1.0,0.0,1.0,0.0,,0,0,0,0,,,,,0.0,0.0,1.0,1.0,0.9169916184841558,0.5735351544369335,0.0389295246040646,0.9524300419822808,0.6468819451983867,0.0352633193558579
"Previous model, patient analysis",subcode,ISC_,2-lead,age_band,40-64,866,755,23,23,0.0,1.0,0.0,1.0,0.0,,0,0,0,0,,,,,0.0,0.0,1.0,1.0,0.9225333952240962,0.5885885666190166,0.0174200080914891,0.9595647016349476,0.6779482466227695,0.0141012381090996
"Previous model, patient analysis",subcode,ISC_,2-lead,age_band,<40,284,266,3,3,0.0,1.0,0.0,1.0,0.0,,0,0,0,0,,,,,0.0,0.0,1.0,1.0,0.9905100830367736,0.7575757575757576,0.0048578561169334,0.9988137603795968,0.9166666666666664,0.0038582455263814
"Previous model, patient analysis",subcode,ISC_,2-lead,age_band,65-79,708,615,65,62,0.0,1.0,0.0,1.0,0.0,,0,0,0,0,,,,,0.0,0.0,1.0,1.0,0.9144155999521474,0.6271974672215221,0.0554837833604972,0.9488455556884794,0.6959480094077851,0.0466484217042493
"Previous model, patient analysis",subcode,ISC_,2-lead,age_band,80+,340,274,37,33,0.0,1.0,0.0,1.0,0.0,,0,0,0,0,,,,,0.0,0.0,1.0,1.0,0.8597805726518598,0.4243536717479989,0.0781046695411702,0.9102667023459105,0.6361164549345512,0.0643052425209716
"Previous model, patient analysis",subcode,ISC_,2-lead,quality_flag,baseline_drift:present,236,231,13,13,0.0,1.0,0.0,1.0,0.0,,0,0,0,0,,,,,0.0,0.0,1.0,1.0,0.944118661607451,0.5339502493348647,0.0362400327174074,0.9410141428078648,0.6914504185317611,0.0304365433343489
"Previous model, patient analysis",subcode,ISC_,2-lead,quality_flag,baseline_drift:absent,1962,1727,115,110,0.0,1.0,0.0,1.0,0.0,,0,0,0,0,,,,,0.0,0.0,1.0,1.0,0.925340740566371,0.5508315553792911,0.037589610951254,0.959468939055107,0.6742651953815978,0.0310984988424083
"Previous model, patient analysis",subcode,ISC_,2-lead,quality_flag,static_noise:present,316,292,12,12,0.0,1.0,0.0,1.0,0.0,,0,0,0,0,,,,,0.0,0.0,1.0,1.0,0.9835526315789472,0.8635034556087188,0.0182461434131055,0.991502192982456,0.8135008510008511,0.0147461111250176
"Previous model, patient analysis",subcode,ISC_,2-lead,quality_flag,static_noise:absent,1882,1668,116,110,0.0,1.0,0.0,1.0,0.0,,0,0,0,0,,,,,0.0,0.0,1.0,1.0,0.9212471199281448,0.5283623041381891,0.0406682694416191,0.9535088061858088,0.6600074429692244,0.0337611625080796
"Previous model, patient analysis",subcode,ISC_,2-lead,quality_flag,burst_noise:present,40,40,2,2,0.0,1.0,0.0,1.0,0.0,,0,0,0,0,,,,,0.0,0.0,1.0,1.0,0.9473684210526316,0.4166666666666666,0.0417684326431175,0.855263157894737,0.3333333333333333,0.0394221735517252
"Previous model, patient analysis",subcode,ISC_,2-lead,quality_flag,burst_noise:absent,2158,1872,126,119,0.0,1.0,0.0,1.0,0.0,,0,0,0,0,,,,,0.0,0.0,1.0,1.0,0.9271536370453692,0.5561790966662847,0.037364563068556,0.9588567054118236,0.6767157366076346,0.0308718220637824
"Previous model, patient analysis",subcode,ISC_,2-lead,quality_flag,electrodes_problems:absent,2195,1901,127,120,0.0,1.0,0.0,1.0,0.0,,0,0,0,0,,,,,0.0,0.0,1.0,1.0,0.9267198708478656,0.5492259847500263,0.0373057956246793,0.9598417581748122,0.6754847233002512,0.0306203069872887
"Previous model, patient analysis",subcode,ISC_,2-lead,quality_flag,extra_beats:present,198,184,18,17,0.0,1.0,0.0,1.0,0.0,,0,0,0,0,,,,,0.0,0.0,1.0,1.0,0.8530864197530864,0.3624852711029376,0.0716600278545632,0.9490740740740742,0.6746139878837092,0.0496668579915421
"Previous model, patient analysis",subcode,ISC_,2-lead,quality_flag,extra_beats:absent,2000,1757,110,105,0.0,1.0,0.0,1.0,0.0,,0,0,0,0,,,,,0.0,0.0,1.0,1.0,0.9331361231361232,0.59084463752486,0.0340573894462325,0.9583645983645984,0.6737244124122236,0.029182120536693
"Previous model, patient analysis",subcode,ISC_,2-lead,quality_flag,pacemaker:present,29,26,0,0,0.0,1.0,0.0,1.0,0.0,,0,0,0,0,,,,,,0.0,,1.0,,,0.0011895270794826,,,0.0001173608734092
"Previous model, patient analysis",subcode,ISC_,2-lead,quality_flag,pacemaker:absent,2169,1883,128,121,0.0,1.0,0.0,1.0,0.0,,0,0,0,0,,,,,0.0,0.0,1.0,1.0,0.9267669034786868,0.5523296373531562,0.0379294458839851,0.95718627511024,0.6715204340228997,0.0314406987046485
"Previous model, patient analysis",subcode,ISC_,2-lead,quality,any_flag,679,618,38,37,0.0,1.0,0.0,1.0,0.0,,0,0,0,0,,,,,0.0,0.0,1.0,1.0,0.9334510222514164,0.5044788586366727,0.0380866042560048,0.9578783151326054,0.6734582633145426,0.029985383244566
"Previous model, patient analysis",subcode,ISC_,2-lead,quality,no_flags,1519,1382,90,87,0.0,1.0,0.0,1.0,0.0,,0,0,0,0,,,,,0.0,0.0,1.0,1.0,0.9251768913770312,0.579376275208643,0.0371577749294545,0.9582691859108934,0.6772164626036775,0.0314932216804813
"Previous model, patient analysis",subcode,IVCD,2-lead,overall,all,2198,1904,79,77,0.0,1.0,0.0,1.0,0.0,,0,0,0,0,,,,,0.0,0.0,1.0,1.0,0.6855992497057962,0.0823068464893901,0.0340798766848644,0.6652469220613975,0.0998760582432984,0.0340760995261792
"Previous model, patient analysis",subcode,IVCD,2-lead,sex,0,1132,969,45,44,0.0,1.0,0.0,1.0,0.0,,0,0,0,0,,,,,0.0,0.0,1.0,1.0,0.6844321782684248,0.0951938577389904,0.0375220155755632,0.6901972809976489,0.1346534480014335,0.0372819347995978
"Previous model, patient analysis",subcode,IVCD,2-lead,sex,1,1066,935,34,33,0.0,1.0,0.0,1.0,0.0,,0,0,0,0,,,,,0.0,0.0,1.0,1.0,0.6919459644322846,0.0794351205107997,0.0304246222530905,0.6324954400364797,0.0689729166149541,0.0306717791420235
"Previous model, patient analysis",subcode,IVCD,2-lead,age_band,40-64,866,755,31,31,0.0,1.0,0.0,1.0,0.0,,0,0,0,0,,,,,0.0,0.0,1.0,1.0,0.6760672203979139,0.094236614858668,0.0340171974299112,0.6674135599768205,0.1082933923847818,0.0340035832134025
"Previous model, patient analysis",subcode,IVCD,2-lead,age_band,<40,284,266,4,3,0.0,1.0,0.0,1.0,0.0,,0,0,0,0,,,,,0.0,0.0,1.0,1.0,0.3714285714285714,0.0186376628496675,0.0141573409519069,0.4964285714285714,0.0175376254180602,0.0141751144936947
"Previous model, patient analysis",subcode,IVCD,2-lead,age_band,65-79,708,615,29,29,0.0,1.0,0.0,1.0,0.0,,0,0,0,0,,,,,0.0,0.0,1.0,1.0,0.6960032502158346,0.0806156951679185,0.0386771847153675,0.6337920877558276,0.0939916277232368,0.0388244278942168
"Previous model, patient analysis",subcode,IVCD,2-lead,age_band,80+,340,274,15,14,0.0,1.0,0.0,1.0,0.0,,0,0,0,0,,,,,0.0,0.0,1.0,1.0,0.6921025641025641,0.1538894672331044,0.0413074834417857,0.7247179487179487,0.1982320666282338,0.0409962830306485
"Previous model, patient analysis",subcode,IVCD,2-lead,quality_flag,baseline_drift:present,236,231,8,8,0.0,1.0,0.0,1.0,0.0,,0,0,0,0,,,,,0.0,0.0,1.0,1.0,0.712171052631579,0.1084431503389338,0.0321590438369684,0.7094298245614036,0.0945694287330316,0.0321125564368137
"Previous model, patient analysis",subcode,IVCD,2-lead,quality_flag,baseline_drift:absent,1962,1727,71,69,0.0,1.0,0.0,1.0,0.0,,0,0,0,0,,,,,0.0,0.0,1.0,1.0,0.6830725229217717,0.0831602062759661,0.0343109248765583,0.6593053827991747,0.1025746197581309,0.0343122851373363
"Previous model, patient analysis",subcode,IVCD,2-lead,quality_flag,static_noise:present,316,292,11,11,0.0,1.0,0.0,1.0,0.0,,0,0,0,0,,,,,0.0,0.0,1.0,1.0,0.7898658718330849,0.0820568332023656,0.0328547540654017,0.6524590163934427,0.0648960590836651,0.033397868284709
"Previous model, patient analysis",subcode,IVCD,2-lead,quality_flag,static_noise:absent,1882,1668,68,66,0.0,1.0,0.0,1.0,0.0,,0,0,0,0,,,,,0.0,0.0,1.0,1.0,0.6683393864712368,0.0884848416838072,0.0342855827144873,0.6679421492963227,0.1082406206327858,0.0341899789482326
"Previous model, patient analysis",subcode,IVCD,2-lead,quality_flag,burst_noise:present,40,40,4,4,0.0,1.0,0.0,1.0,0.0,,0,0,0,0,,,,,0.0,0.0,1.0,1.0,0.6666666666666666,0.1654978793136687,0.092378829947736,0.6041666666666667,0.1460813492063492,0.0936779031340378
"Previous model, patient analysis",subcode,IVCD,2-lead,quality_flag,burst_noise:absent,2158,1872,75,73,0.0,1.0,0.0,1.0,0.0,,0,0,0,0,,,,,0.0,0.0,1.0,1.0,0.683059689550328,0.0821955677700835,0.0329992658736898,0.6662441990718515,0.1018889022470592,0.0329713394963764
"Previous model, patient analysis",subcode,IVCD,2-lead,quality_flag,electrodes_problems:absent,2195,1901,79,77,0.0,1.0,0.0,1.0,0.0,,0,0,0,0,,,,,0.0,0.0,1.0,1.0,0.6852133234428465,0.0823096620458641,0.0341262083142908,0.6650056232203105,0.0998935829972294,0.0341218638935807
"Previous model, patient analysis",subcode,IVCD,2-lead,quality_flag,extra_beats:present,198,184,9,9,0.0,1.0,0.0,1.0,0.0,,0,0,0,0,,,,,0.0,0.0,1.0,1.0,0.7601410934744268,0.1067780753875088,0.0423688655961274,0.7295708406819518,0.1455514001724736,0.042169765310183
"Previous model, patient analysis",subcode,IVCD,2-lead,quality_flag,extra_beats:absent,2000,1757,70,68,0.0,1.0,0.0,1.0,0.0,,0,0,0,0,,,,,0.0,0.0,1.0,1.0,0.674359733530718,0.0819844281726652,0.0332592667826494,0.6563508512213175,0.1114781242367026,0.0332748266135628
"Previous model, patient analysis",subcode,IVCD,2-lead,quality_flag,pacemaker:present,29,26,0,0,0.0,1.0,0.0,1.0,0.0,,0,0,0,0,,,,,,0.0,,1.0,,,0.0010094218105837,,,0.0009668730132036
"Previous model, patient analysis",subcode,IVCD,2-lead,quality_flag,pacemaker:absent,2169,1883,79,77,0.0,1.0,0.0,1.0,0.0,,0,0,0,0,,,,,0.0,0.0,1.0,1.0,0.6837078311428745,0.083074244304748,0.0345220358325611,0.6633880443340803,0.1003399670719102,0.0345187770590866
"Previous model, patient analysis",subcode,IVCD,2-lead,quality,any_flag,679,618,22,22,0.0,1.0,0.0,1.0,0.0,,0,0,0,0,,,,,0.0,0.0,1.0,1.0,0.7487200774872007,0.0685866888566471,0.0307701001548444,0.6805728518057286,0.0782646357268295,0.0309810186845379
"Previous model, patient analysis",subcode,IVCD,2-lead,quality,no_flags,1519,1382,57,55,0.0,1.0,0.0,1.0,0.0,,0,0,0,0,,,,,0.0,0.0,1.0,1.0,0.6585427316581467,0.0958974694415574,0.0355593620462098,0.6617587059303526,0.1332418630565896,0.0354596149254382
"Previous model, patient analysis",subcode,LAFB,2-lead,overall,all,2198,1904,162,150,0.0,1.0,0.0,1.0,0.0,,0,0,0,0,,,,,0.0,0.0,1.0,1.0,0.8823067501030827,0.4843393849919146,0.0506462455320048,0.9244130345145408,0.5107534605704559,0.0481657883079671
"Previous model, patient analysis",subcode,LAFB,2-lead,sex,0,1132,969,88,81,0.0,1.0,0.0,1.0,0.0,,0,0,0,0,,,,,0.0,0.0,1.0,1.0,0.8897270114942528,0.5462238982825636,0.0495728664662267,0.9202695053988158,0.5179490271867044,0.05114528845897
"Previous model, patient analysis",subcode,LAFB,2-lead,sex,1,1066,935,74,69,0.0,1.0,0.0,1.0,0.0,,0,0,0,0,,,,,0.0,0.0,1.0,1.0,0.8727250435919792,0.4310416442069792,0.0517860814630188,0.9286998692240628,0.5028559726284131,0.0450018162902042
"Previous model, patient analysis",subcode,LAFB,2-lead,age_band,40-64,866,755,41,40,0.0,1.0,0.0,1.0,0.0,,0,0,0,0,,,,,0.0,0.0,1.0,1.0,0.9182261640798226,0.4075005918366263,0.0351905362023049,0.9401330376940134,0.4086047245152702,0.0356321806074948
"Previous model, patient analysis",subcode,LAFB,2-lead,age_band,<40,284,266,4,4,0.0,1.0,0.0,1.0,0.0,,0,0,0,0,,,,,0.0,0.0,1.0,1.0,0.9160714285714286,0.0977648569055349,0.0152511084821105,0.9366071428571427,0.1304428341384863,0.0144809817163793
"Previous model, patient analysis",subcode,LAFB,2-lead,age_band,65-79,708,615,66,59,0.0,1.0,0.0,1.0,0.0,,0,0,0,0,,,,,0.0,0.0,1.0,1.0,0.8920041536863967,0.5991892186798371,0.0554956258835342,0.9221183800623054,0.5803825097431791,0.0551237675459485
"Previous model, patient analysis",subcode,LAFB,2-lead,age_band,80+,340,274,51,47,0.0,1.0,0.0,1.0,0.0,,0,0,0,0,,,,,0.0,0.0,1.0,1.0,0.7697265757514078,0.4639131901923503,0.1094800746873206,0.867358708189158,0.5589724422596609,0.0937373766612881
"Previous model, patient analysis",subcode,LAFB,2-lead,quality_flag,baseline_drift:present,236,231,11,11,0.0,1.0,0.0,1.0,0.0,,0,0,0,0,,,,,0.0,0.0,1.0,1.0,0.7983838383838383,0.3651676916744828,0.0424512540013333,0.858989898989899,0.2691380581891042,0.0540148407728815
"Previous model, patient analysis",subcode,LAFB,2-lead,quality_flag,baseline_drift:absent,1962,1727,151,142,0.0,1.0,0.0,1.0,0.0,,0,0,0,0,,,,,0.0,0.0,1.0,1.0,0.8888726363174273,0.4992190171551048,0.0516319835550622,0.9297742639718276,0.5443182117211499,0.0474622325578551
"Previous model, patient analysis",subcode,LAFB,2-lead,quality_flag,static_noise:present,316,292,23,22,0.0,1.0,0.0,1.0,0.0,,0,0,0,0,,,,,0.0,0.0,1.0,1.0,0.8492357916604838,0.421629918360735,0.055817520621102,0.9280308651135184,0.5899257309235701,0.0475748077901638
"Previous model, patient analysis",subcode,LAFB,2-lead,quality_flag,static_noise:absent,1882,1668,139,129,0.0,1.0,0.0,1.0,0.0,,0,0,0,0,,,,,0.0,0.0,1.0,1.0,0.8870012423795903,0.4962717878901923,0.0497779549219333,0.9244913879567602,0.5047132326288148,0.0482650177679171
"Previous model, patient analysis",subcode,LAFB,2-lead,quality_flag,burst_noise:present,40,40,3,3,0.0,1.0,0.0,1.0,0.0,,0,0,0,0,,,,,0.0,0.0,1.0,1.0,0.8468468468468467,0.5555555555555556,0.0536966805017208,0.9369369369369368,0.6095238095238096,0.0579019046859711
"Previous model, patient analysis",subcode,LAFB,2-lead,quality_flag,burst_noise:absent,2158,1872,159,148,0.0,1.0,0.0,1.0,0.0,,0,0,0,0,,,,,0.0,0.0,1.0,1.0,0.8827117961496472,0.4857216769471051,0.0505897036419267,0.9244496462067512,0.5123271445138342,0.0479853227587919
"Previous model, patient analysis",subcode,LAFB,2-lead,quality_flag,electrodes_problems:absent,2195,1901,162,150,0.0,1.0,0.0,1.0,0.0,,0,0,0,0,,,,,0.0,0.0,1.0,1.0,0.8821452211352195,0.4843402279660518,0.0507154629407137,0.9243318576815872,0.5107650652257173,0.0482311644843341
"Previous model, patient analysis",subcode,LAFB,2-lead,quality_flag,extra_beats:present,198,184,17,17,0.0,1.0,0.0,1.0,0.0,,0,0,0,0,,,,,0.0,0.0,1.0,1.0,0.7939551511212221,0.4390100333152998,0.0674368026218292,0.913227169320767,0.5043883968229927,0.0720533974733262
"Previous model, patient analysis",subcode,LAFB,2-lead,quality_flag,extra_beats:absent,2000,1757,145,136,0.0,1.0,0.0,1.0,0.0,,0,0,0,0,,,,,0.0,0.0,1.0,1.0,0.8913839576168789,0.4927514032884333,0.0489839803801122,0.9256287759085418,0.526149101373632,0.0458009150005966
"Previous model, patient analysis",subcode,LAFB,2-lead,quality_flag,pacemaker:present,29,26,0,0,0.0,1.0,0.0,1.0,0.0,,0,0,0,0,,,,,,0.0,,1.0,,,0.0356898953143226,,,0.0149160882551674
"Previous model, patient analysis",subcode,LAFB,2-lead,quality_flag,pacemaker:absent,2169,1883,162,150,0.0,1.0,0.0,1.0,0.0,,0,0,0,0,,,,,0.0,0.0,1.0,1.0,0.8822024150042753,0.491988616959477,0.0508462151753026,0.9240897599143736,0.5128680490032427,0.0486103440025412
"Previous model, patient analysis",subcode,LAFB,2-lead,quality,any_flag,679,618,49,47,0.0,1.0,0.0,1.0,0.0,,0,0,0,0,,,,,0.0,0.0,1.0,1.0,0.8320375769355361,0.4257106788646992,0.055044139998754,0.9177194687398768,0.5083549170330617,0.0530900014594442
"Previous model, patient analysis",subcode,LAFB,2-lead,quality,no_flags,1519,1382,113,108,0.0,1.0,0.0,1.0,0.0,,0,0,0,0,,,,,0.0,0.0,1.0,1.0,0.9029695741386472,0.5129410123562098,0.0486803664385732,0.9280643009101324,0.5337675352181017,0.0459646423370303
"Previous model, patient analysis",subcode,LAO/LAE,2-lead,overall,all,2198,1904,42,42,0.0,1.0,0.0,1.0,0.0,,0,0,0,0,,,,,0.0,0.0,1.0,1.0,0.8006780634331655,0.1016275546680258,0.0181745047154208,0.8188444208852372,0.1230541350712539,0.0179917853735636
"Previous model, patient analysis",subcode,LAO/LAE,2-lead,sex,0,1132,969,20,20,0.0,1.0,0.0,1.0,0.0,,0,0,0,0,,,,,0.0,0.0,1.0,1.0,0.860341726618705,0.1263606196343104,0.016758081937976,0.8804856115107913,0.1289028660379791,0.0165252823351441
"Previous model, patient analysis",subcode,LAO/LAE,2-lead,sex,1,1066,935,22,22,0.0,1.0,0.0,1.0,0.0,,0,0,0,0,,,,,0.0,0.0,1.0,1.0,0.7470828979449669,0.0894096394411041,0.0196786234622008,0.7580111459421804,0.188109292658622,0.019549085035375
"Previous model, patient analysis",subcode,LAO/LAE,2-lead,age_band,40-64,866,755,14,14,0.0,1.0,0.0,1.0,0.0,,0,0,0,0,,,,,0.0,0.0,1.0,1.0,0.8362676056338028,0.1848649796135066,0.0151725235027202,0.869466800804829,0.1995115505836819,0.0151918580109524
"Previous model, patient analysis",subcode,LAO/LAE,2-lead,age_band,<40,284,266,0,0,0.0,1.0,0.0,1.0,0.0,,0,0,0,0,,,,,,0.0,,1.0,,,0.0001186162286834,,,0.000241915257541
"Previous model, patient analysis",subcode,LAO/LAE,2-lead,age_band,65-79,708,615,17,17,0.0,1.0,0.0,1.0,0.0,,0,0,0,0,,,,,0.0,0.0,1.0,1.0,0.7538946113901421,0.0615150283312969,0.0231518860623396,0.751681280326892,0.0996087364365204,0.0228795263321303
"Previous model, patient analysis",subcode,LAO/LAE,2-lead,age_band,80+,340,274,11,11,0.0,1.0,0.0,1.0,0.0,,0,0,0,0,,,,,0.0,0.0,1.0,1.0,0.7093119646311136,0.1848451298758098,0.0305380402060491,0.7413650179607626,0.4512347828956117,0.029771725403877
"Previous model, patient analysis",subcode,LAO/LAE,2-lead,quality_flag,baseline_drift:present,236,231,5,5,0.0,1.0,0.0,1.0,0.0,,0,0,0,0,,,,,0.0,0.0,1.0,1.0,0.7515151515151516,0.1374136636636636,0.0203786482458819,0.7878787878787878,0.12220041862899,0.0202356970679592
"Previous model, patient analysis",subcode,LAO/LAE,2-lead,quality_flag,baseline_drift:absent,1962,1727,37,37,0.0,1.0,0.0,1.0,0.0,,0,0,0,0,,,,,0.0,0.0,1.0,1.0,0.8087750087750087,0.1061731401462395,0.0179093783784235,0.8222113022113023,0.1290298435389426,0.017721875506144
"Previous model, patient analysis",subcode,LAO/LAE,2-lead,quality_flag,static_noise:present,316,292,7,7,0.0,1.0,0.0,1.0,0.0,,0,0,0,0,,,,,0.0,0.0,1.0,1.0,0.7350901525658807,0.0598498510194083,0.0214994145772939,0.852057327785483,0.2974775747001574,0.0201875906650103
"Previous model, patient analysis",subcode,LAO/LAE,2-lead,quality_flag,static_noise:absent,1882,1668,35,35,0.0,1.0,0.0,1.0,0.0,,0,0,0,0,,,,,0.0,0.0,1.0,1.0,0.8135199938123598,0.114671075228944,0.017616230795999,0.8121587129708407,0.1048931160286517,0.0176230954308978
"Previous model, patient analysis",subcode,LAO/LAE,2-lead,quality_flag,burst_noise:present,40,40,1,1,0.0,1.0,0.0,1.0,0.0,,0,0,0,0,,,,,0.0,0.0,1.0,1.0,1.0,1.0,0.0205963122653456,1.0,1.0,0.0211361079290764
"Previous model, patient analysis",subcode,LAO/LAE,2-lead,quality_flag,burst_noise:absent,2158,1872,41,41,0.0,1.0,0.0,1.0,0.0,,0,0,0,0,,,,,0.0,0.0,1.0,1.0,0.7958224362593178,0.0940251035769662,0.0181296148627809,0.8148553521435072,0.1152107740646891,0.0179335032131278
"Previous model, patient analysis",subcode,LAO/LAE,2-lead,quality_flag,electrodes_problems:absent,2195,1901,42,42,0.0,1.0,0.0,1.0,0.0,,0,0,0,0,,,,,0.0,0.0,1.0,1.0,0.8006657377302988,0.1016495955003628,0.0181990466842119,0.818945878397806,0.1232116243696047,0.018014775334304
"Previous model, patient analysis",subcode,LAO/LAE,2-lead,quality_flag,extra_beats:present,198,184,6,6,0.0,1.0,0.0,1.0,0.0,,0,0,0,0,,,,,0.0,0.0,1.0,1.0,0.7578125,0.1053561511272954,0.0287620752071009,0.78125,0.2703282828282828,0.0280470275210903
"Previous model, patient analysis",subcode,LAO/LAE,2-lead,quality_flag,extra_beats:absent,2000,1757,36,36,0.0,1.0,0.0,1.0,0.0,,0,0,0,0,,,,,0.0,0.0,1.0,1.0,0.8010862186014935,0.1049838782207263,0.0171263352367445,0.8207880742249377,0.1137046501540884,0.0169963164009585
"Previous model, patient analysis",subcode,LAO/LAE,2-lead,quality_flag,pacemaker:present,29,26,0,0,0.0,1.0,0.0,1.0,0.0,,0,0,0,0,,,,,,0.0,,1.0,,,0.0003860893480293,,,0.000424678123801
"Previous model, patient analysis",subcode,LAO/LAE,2-lead,quality_flag,pacemaker:absent,2169,1883,42,42,0.0,1.0,0.0,1.0,0.0,,0,0,0,0,,,,,0.0,0.0,1.0,1.0,0.800490294848546,0.1021133226302433,0.0184123396834496,0.8189267244274296,0.1235051616040623,0.0182266614041045
"Previous model, patient analysis",subcode,LAO/LAE,2-lead,quality,any_flag,679,618,17,17,0.0,1.0,0.0,1.0,0.0,,0,0,0,0,,,,,0.0,0.0,1.0,1.0,0.7497778567620401,0.081527934991679,0.0239848747213534,0.8204194064332682,0.2549612702614219,0.0231228291702142
"Previous model, patient analysis",subcode,LAO/LAE,2-lead,quality,no_flags,1519,1382,25,25,0.0,1.0,0.0,1.0,0.0,,0,0,0,0,,,,,0.0,0.0,1.0,1.0,0.8249799196787149,0.1216704277584407,0.0155772425468703,0.8150200803212851,0.0856184048475853,0.0156981851510977
"Previous model, patient analysis",subcode,LVH,2-lead,overall,all,2198,1904,214,202,0.0,1.0,0.0,1.0,0.0,,0,0,0,0,,,,,0.0,0.0,1.0,1.0,0.8673241068736811,0.5080818595662295,0.06493267828145,0.9356087013867952,0.6930925033698673,0.0504979497663299
"Previous model, patient analysis",subcode,LVH,2-lead,sex,0,1132,969,109,105,0.0,1.0,0.0,1.0,0.0,,0,0,0,0,,,,,0.0,0.0,1.0,1.0,0.8570583012725658,0.4734945376504756,0.0663643108464092,0.9320401409776964,0.6896691949304241,0.0505391194838483
"Previous model, patient analysis",subcode,LVH,2-lead,sex,1,1066,935,105,97,0.0,1.0,0.0,1.0,0.0,,0,0,0,0,,,,,0.0,0.0,1.0,1.0,0.882087111639661,0.5498318170468613,0.0634124080529942,0.9391705069124424,0.7007701064931523,0.0504542310794341
"Previous model, patient analysis",subcode,LVH,2-lead,age_band,40-64,866,755,51,51,0.0,1.0,0.0,1.0,0.0,,0,0,0,0,,,,,0.0,0.0,1.0,1.0,0.8417418501142789,0.3902831502178011,0.04572836490087,0.9249609046072416,0.5948084380533195,0.0351849914167464
"Previous model, patient analysis",subcode,LVH,2-lead,age_band,<40,284,266,9,9,0.0,1.0,0.0,1.0,0.0,,0,0,0,0,,,,,0.0,0.0,1.0,1.0,0.922020202020202,0.4027510931031745,0.0277960305209596,0.9486868686868688,0.4747710532024257,0.0280358492392541
"Previous model, patient analysis",subcode,LVH,2-lead,age_band,65-79,708,615,106,99,0.0,1.0,0.0,1.0,0.0,,0,0,0,0,,,,,0.0,0.0,1.0,1.0,0.8664044380367331,0.5981473717620035,0.089609959183025,0.945527486993042,0.7622846220970644,0.0648360106735241
"Previous model, patient analysis",subcode,LVH,2-lead,age_band,80+,340,274,48,43,0.0,1.0,0.0,1.0,0.0,,0,0,0,0,,,,,0.0,0.0,1.0,1.0,0.8187785388127854,0.5194951774444844,0.0934804090851158,0.8865582191780822,0.7066832071406909,0.0784065125843749
"Previous model, patient analysis",subcode,LVH,2-lead,quality_flag,baseline_drift:present,236,231,22,22,0.0,1.0,0.0,1.0,0.0,,0,0,0,0,,,,,0.0,0.0,1.0,1.0,0.8511045029736619,0.4514253916299156,0.0672708479885027,0.9458368734069668,0.7226543393569254,0.0460049416877266
"Previous model, patient analysis",subcode,LVH,2-lead,quality_flag,baseline_drift:absent,1962,1727,192,182,0.0,1.0,0.0,1.0,0.0,,0,0,0,0,,,,,0.0,0.0,1.0,1.0,0.8687970809792843,0.5131773032252982,0.0646514305491031,0.9344897598870056,0.6905721239966679,0.0510383931437765
"Previous model, patient analysis",subcode,LVH,2-lead,quality_flag,static_noise:present,316,292,20,20,0.0,1.0,0.0,1.0,0.0,,0,0,0,0,,,,,0.0,0.0,1.0,1.0,0.9445945945945946,0.6889194288397615,0.0347440721196874,0.9577702702702704,0.7398074546679219,0.0269313378824112
"Previous model, patient analysis",subcode,LVH,2-lead,quality_flag,static_noise:absent,1882,1668,194,184,0.0,1.0,0.0,1.0,0.0,,0,0,0,0,,,,,0.0,0.0,1.0,1.0,0.8582962818195143,0.493412531206661,0.0700015409526067,0.932159085356916,0.6869316192039533,0.0544549366713874
"Previous model, patient analysis",subcode,LVH,2-lead,quality_flag,burst_noise:present,40,40,3,3,0.0,1.0,0.0,1.0,0.0,,0,0,0,0,,,,,0.0,0.0,1.0,1.0,0.8648648648648649,0.4513888888888888,0.0562170067099297,0.90990990990991,0.5535714285714286,0.0708104577371533
"Previous model, patient analysis",subcode,LVH,2-lead,quality_flag,burst_noise:absent,2158,1872,211,199,0.0,1.0,0.0,1.0,0.0,,0,0,0,0,,,,,0.0,0.0,1.0,1.0,0.867478707064216,0.5097645224831713,0.065094229191024,0.9360956338223588,0.6973144762871081,0.0501214435944889
"Previous model, patient analysis",subcode,LVH,2-lead,quality_flag,electrodes_problems:absent,2195,1901,214,202,0.0,1.0,0.0,1.0,0.0,,0,0,0,0,,,,,0.0,0.0,1.0,1.0,0.8674416300650574,0.5087952258963873,0.0649505979629884,0.9355795949369478,0.6931437976373543,0.0505640855614449
"Previous model, patient analysis",subcode,LVH,2-lead,quality_flag,extra_beats:present,198,184,24,23,0.0,1.0,0.0,1.0,0.0,,0,0,0,0,,,,,0.0,0.0,1.0,1.0,0.7974137931034483,0.3954962681109762,0.0915521374262588,0.9461206896551724,0.761165024383482,0.0574696935086987
"Previous model, patient analysis",subcode,LVH,2-lead,quality_flag,extra_beats:absent,2000,1757,190,180,0.0,1.0,0.0,1.0,0.0,,0,0,0,0,,,,,0.0,0.0,1.0,1.0,0.873785984297761,0.5249989334245251,0.0622973518261139,0.9352195405641176,0.6867175572154647,0.0498077471358354
"Previous model, patient analysis",subcode,LVH,2-lead,quality_flag,pacemaker:present,29,26,0,0,0.0,1.0,0.0,1.0,0.0,,0,0,0,0,,,,,,0.0,,1.0,,,0.0045590629372317,,,0.0006899707802366
"Previous model, patient analysis",subcode,LVH,2-lead,quality_flag,pacemaker:absent,2169,1883,214,202,0.0,1.0,0.0,1.0,0.0,,0,0,0,0,,,,,0.0,0.0,1.0,1.0,0.8663025551545284,0.5088008633912453,0.0657398866009439,0.9349905585964576,0.6933046298597375,0.0511638932382509
"Previous model, patient analysis",subcode,LVH,2-lead,quality,any_flag,679,618,58,56,0.0,1.0,0.0,1.0,0.0,,0,0,0,0,,,,,0.0,0.0,1.0,1.0,0.8627352990171581,0.4525863580384223,0.0610031607577661,0.9461102781942364,0.7062964724617486,0.0433988483794649
"Previous model, patient analysis",subcode,LVH,2-lead,quality,no_flags,1519,1382,156,149,0.0,1.0,0.0,1.0,0.0,,0,0,0,0,,,,,0.0,0.0,1.0,1.0,0.869448050115695,0.5316608307550327,0.0666891907229123,0.9324359914968868,0.690019970229409,0.0536712808010114
"Previous model, patient analysis",subcode,NDT,2-lead,overall,all,2198,1904,182,176,0.0,1.0,0.0,1.0,0.0,,0,0,0,0,,,,,0.0,0.0,1.0,1.0,0.8390267966160824,0.3031930139279992,0.0655424264827786,0.8877905328798187,0.4268186146923554,0.0586602574235936
"Previous model, patient analysis",subcode,NDT,2-lead,sex,0,1132,969,74,69,0.0,1.0,0.0,1.0,0.0,,0,0,0,0,,,,,0.0,0.0,1.0,1.0,0.8602794666121698,0.2735281953161927,0.0537512591907375,0.9006284166964696,0.3878665443780087,0.048369838708206
"Previous model, patient analysis",subcode,NDT,2-lead,sex,1,1066,935,108,107,0.0,1.0,0.0,1.0,0.0,,0,0,0,0,,,,,0.0,0.0,1.0,1.0,0.8204689553854481,0.3392705481909059,0.0780636285227321,0.8740238150467796,0.4585466857960271,0.0695877939956563
"Previous model, patient analysis",subcode,NDT,2-lead,age_band,40-64,866,755,74,73,0.0,1.0,0.0,1.0,0.0,,0,0,0,0,,,,,0.0,0.0,1.0,1.0,0.8594560469560469,0.3410986713462146,0.0654603431230375,0.9162742287742288,0.4901856758534437,0.0554077550528128
"Previous model, patient analysis",subcode,NDT,2-lead,age_band,<40,284,266,13,12,0.0,1.0,0.0,1.0,0.0,,0,0,0,0,,,,,0.0,0.0,1.0,1.0,0.8804995742265115,0.3167542958019101,0.0373657984122944,0.9134260573374964,0.3543541816173041,0.0363025135599157
"Previous model, patient analysis",subcode,NDT,2-lead,age_band,65-79,708,615,61,58,0.0,1.0,0.0,1.0,0.0,,0,0,0,0,,,,,0.0,0.0,1.0,1.0,0.8212177262016369,0.2930917589394526,0.0694417569131821,0.8674335520814858,0.4313536369125117,0.0632331203795188
"Previous model, patient analysis",subcode,NDT,2-lead,age_band,80+,340,274,34,33,0.0,1.0,0.0,1.0,0.0,,0,0,0,0,,,,,0.0,0.0,1.0,1.0,0.7846981930026913,0.2720622556432744,0.0811674871205068,0.8207420222991157,0.353551346680792,0.0760975495929634
"Previous model, patient analysis",subcode,NDT,2-lead,quality_flag,baseline_drift:present,236,231,15,15,0.0,1.0,0.0,1.0,0.0,,0,0,0,0,,,,,0.0,0.0,1.0,1.0,0.8428355957767724,0.3043626406993567,0.054695892742594,0.8627450980392156,0.3403838256385632,0.0532124066921063
"Previous model, patient analysis",subcode,NDT,2-lead,quality_flag,baseline_drift:absent,1962,1727,167,162,0.0,1.0,0.0,1.0,0.0,,0,0,0,0,,,,,0.0,0.0,1.0,1.0,0.8394008640101412,0.3104927865479102,0.0668471063822095,0.8909479091955366,0.4402299059673441,0.0593155544534769
"Previous model, patient analysis",subcode,NDT,2-lead,quality_flag,static_noise:present,316,292,26,25,0.0,1.0,0.0,1.0,0.0,,0,0,0,0,,,,,0.0,0.0,1.0,1.0,0.8019893899204245,0.2967813980019802,0.0667989853640668,0.8446949602122016,0.4003868749791677,0.065010380278894
"Previous model, patient analysis",subcode,NDT,2-lead,quality_flag,static_noise:absent,1882,1668,156,153,0.0,1.0,0.0,1.0,0.0,,0,0,0,0,,,,,0.0,0.0,1.0,1.0,0.8446942686513951,0.3071781006045018,0.0653314421010107,0.894940131324836,0.4371351752330538,0.0575940306317366
"Previous model, patient analysis",subcode,NDT,2-lead,quality_flag,burst_noise:present,40,40,5,5,0.0,1.0,0.0,1.0,0.0,,0,0,0,0,,,,,0.0,0.0,1.0,1.0,0.9028571428571428,0.5754901960784313,0.0857472545434475,0.8857142857142858,0.700952380952381,0.0794952065842874
"Previous model, patient analysis",subcode,NDT,2-lead,quality_flag,burst_noise:absent,2158,1872,177,171,0.0,1.0,0.0,1.0,0.0,,0,0,0,0,,,,,0.0,0.0,1.0,1.0,0.8378094724743823,0.3017386683149783,0.0651679162314223,0.8881920618759572,0.4261603086911275,0.0582740674484186
"Previous model, patient analysis",subcode,NDT,2-lead,quality_flag,electrodes_problems:absent,2195,1901,182,176,0.0,1.0,0.0,1.0,0.0,,0,0,0,0,,,,,0.0,0.0,1.0,1.0,0.8389342897539619,0.3032651741899435,0.0656255857599181,0.8876451417435025,0.4268240552399253,0.0587399844959362
"Previous model, patient analysis",subcode,NDT,2-lead,quality_flag,extra_beats:present,198,184,17,16,0.0,1.0,0.0,1.0,0.0,,0,0,0,0,,,,,0.0,0.0,1.0,1.0,0.7669808254793631,0.2371821343952827,0.0740387649345586,0.7315567110822229,0.2304322011173844,0.0781425612300494
"Previous model, patient analysis",subcode,NDT,2-lead,quality_flag,extra_beats:absent,2000,1757,165,162,0.0,1.0,0.0,1.0,0.0,,0,0,0,0,,,,,0.0,0.0,1.0,1.0,0.8468202460573032,0.3163682509424237,0.0647012889760524,0.900972669474032,0.4633398625361009,0.0567315093467545
"Previous model, patient analysis",subcode,NDT,2-lead,quality_flag,pacemaker:present,29,26,0,0,0.0,1.0,0.0,1.0,0.0,,0,0,0,0,,,,,,0.0,,1.0,,,0.0023934761312309,,,0.0060063004139504
"Previous model, patient analysis",subcode,NDT,2-lead,quality_flag,pacemaker:absent,2169,1883,182,176,0.0,1.0,0.0,1.0,0.0,,0,0,0,0,,,,,0.0,0.0,1.0,1.0,0.8373051206468418,0.3035082544910776,0.0663867416327071,0.8866920698828097,0.4276055741225992,0.0593642522383837
"Previous model, patient analysis",subcode,NDT,2-lead,quality,any_flag,679,618,50,48,0.0,1.0,0.0,1.0,0.0,,0,0,0,0,,,,,0.0,0.0,1.0,1.0,0.8175198728139904,0.2563051529103329,0.0614184709482006,0.8268362480127185,0.2778671970251439,0.061872747092541
"Previous model, patient analysis",subcode,NDT,2-lead,quality,no_flags,1519,1382,132,130,0.0,1.0,0.0,1.0,0.0,,0,0,0,0,,,,,0.0,0.0,1.0,1.0,0.8472176705774399,0.3292612676632742,0.0673858536111383,0.9099156671254724,0.5004225036187814,0.0572242597374743
"Previous model, patient analysis",subcode,NORM,2-lead,overall,all,2198,1904,963,882,0.0,1.0,0.0,1.0,0.0,,0,0,0,0,,,,,0.0,0.0,1.0,1.0,0.9088854414973452,0.8713603723597787,0.1207761227146383,0.93692786963815,0.9117848353995928,0.1004646737997626
"Previous model, patient analysis",subcode,NORM,2-lead,sex,0,1132,969,516,465,0.0,1.0,0.0,1.0,0.0,,0,0,0,0,,,,,0.0,0.0,1.0,1.0,0.9113057485150508,0.8783444045573088,0.1191130907074213,0.9434240662438338,0.9273732879918036,0.095318166477447
"Previous model, patient analysis",subcode,NORM,2-lead,sex,1,1066,935,447,417,0.0,1.0,0.0,1.0,0.0,,0,0,0,0,,,,,0.0,0.0,1.0,1.0,0.905859562764508,0.8626923205756906,0.1225421191800883,0.930211461800624,0.8959850286298254,0.1059298204122028
"Previous model, patient analysis",subcode,NORM,2-lead,age_band,40-64,866,755,488,440,0.0,1.0,0.0,1.0,0.0,,0,0,0,0,,,,,0.0,0.0,1.0,1.0,0.8654805273657733,0.87950548486031,0.1473816256213074,0.9047890103217971,0.9165802154330864,0.1232841159802875
"Previous model, patient analysis",subcode,NORM,2-lead,age_band,<40,284,266,236,224,0.0,1.0,0.0,1.0,0.0,,0,0,0,0,,,,,0.0,0.0,1.0,1.0,0.77295197740113,0.9382534961609514,0.122374628986483,0.8388947740112994,0.9603090904526592,0.1202086996517525
"Previous model, patient analysis",subcode,NORM,2-lead,age_band,65-79,708,615,218,201,0.0,1.0,0.0,1.0,0.0,,0,0,0,0,,,,,0.0,0.0,1.0,1.0,0.9140610372589404,0.7989823150878893,0.1101090415438844,0.951535293016289,0.8792038513872885,0.0820561185720254
"Previous model, patient analysis",subcode,NORM,2-lead,age_band,80+,340,274,21,19,0.0,1.0,0.0,1.0,0.0,,0,0,0,0,,,,,0.0,0.0,1.0,1.0,0.8808777429467085,0.3871383312003322,0.0738877467455635,0.8868487834005074,0.3553740986842298,0.0641832527142866
"Previous model, patient analysis",subcode,NORM,2-lead,quality_flag,baseline_drift:present,236,231,115,113,0.0,1.0,0.0,1.0,0.0,,0,0,0,0,,,,,0.0,0.0,1.0,1.0,0.897592526051024,0.8790824649404905,0.1287807884588382,0.9443047071505568,0.9387592821570244,0.0970730909746151
"Previous model, patient analysis",subcode,NORM,2-lead,quality_flag,baseline_drift:absent,1962,1727,848,789,0.0,1.0,0.0,1.0,0.0,,0,0,0,0,,,,,0.0,0.0,1.0,1.0,0.9101783476169508,0.8704370511006639,0.1198132781093218,0.9362868805257274,0.9087990794315692,0.1008726317746529
"Previous model, patient analysis",subcode,NORM,2-lead,quality_flag,static_noise:present,316,292,125,114,0.0,1.0,0.0,1.0,0.0,,0,0,0,0,,,,,0.0,0.0,1.0,1.0,0.8683979057591622,0.8124027078554462,0.1531206862559744,0.9122513089005236,0.8693514100029893,0.1224271145283917
"Previous model, patient analysis",subcode,NORM,2-lead,quality_flag,static_noise:absent,1882,1668,838,784,0.0,1.0,0.0,1.0,0.0,,0,0,0,0,,,,,0.0,0.0,1.0,1.0,0.916129445221701,0.8817933541984799,0.115345260823532,0.94117425177626,0.9190050605265916,0.0967770376306622
"Previous model, patient analysis",subcode,NORM,2-lead,quality_flag,burst_noise:present,40,40,17,17,0.0,1.0,0.0,1.0,0.0,,0,0,0,0,,,,,0.0,0.0,1.0,1.0,0.9616368286445012,0.9514596600509914,0.092246707274322,0.969309462915601,0.9670424836601308,0.0712578596733649
"Previous model, patient analysis",subcode,NORM,2-lead,quality_flag,burst_noise:absent,2158,1872,946,868,0.0,1.0,0.0,1.0,0.0,,0,0,0,0,,,,,0.0,0.0,1.0,1.0,0.9080861574529546,0.8704924926054873,0.1213049348636711,0.9363761957591108,0.9111733828211408,0.1010060419948765
"Previous model, patient analysis",subcode,NORM,2-lead,quality_flag,electrodes_problems:absent,2195,1901,963,882,0.0,1.0,0.0,1.0,0.0,,0,0,0,0,,,,,0.0,0.0,1.0,1.0,0.9086652573802106,0.8713610026457713,0.1209410524151261,0.9367776564038246,0.9117864433128402,0.1006005054970247
"Previous model, patient analysis",subcode,NORM,2-lead,quality_flag,extra_beats:present,198,184,45,43,0.0,1.0,0.0,1.0,0.0,,0,0,0,0,,,,,0.0,0.0,1.0,1.0,0.9376906318082788,0.7838760693840346,0.0834279420646352,0.9485838779956428,0.8240633827623882,0.079084753572828
"Previous model, patient analysis",subcode,NORM,2-lead,quality_flag,extra_beats:absent,2000,1757,918,848,0.0,1.0,0.0,1.0,0.0,,0,0,0,0,,,,,0.0,0.0,1.0,1.0,0.903816260535843,0.8748054267651142,0.1244735925989886,0.9344613179015704,0.9153196863014876,0.1025812859022291
"Previous model, patient analysis",subcode,NORM,2-lead,quality_flag,pacemaker:present,29,26,2,2,0.0,1.0,0.0,1.0,0.0,,0,0,0,0,,,,,0.0,0.0,1.0,1.0,0.925925925925926,0.6666666666666666,0.0374893313216848,0.9074074074074074,0.6428571428571428,0.0347280854091137
"Previous model, patient analysis",subcode,NORM,2-lead,quality_flag,pacemaker:absent,2169,1883,961,881,0.0,1.0,0.0,1.0,0.0,,0,0,0,0,,,,,0.0,0.0,1.0,1.0,0.9073812460805868,0.8716265001695158,0.1218896851629535,0.935992102597322,0.912030916288744,0.1013435862309884
"Previous model, patient analysis",subcode,NORM,2-lead,quality,any_flag,679,618,259,240,0.0,1.0,0.0,1.0,0.0,,0,0,0,0,,,,,0.0,0.0,1.0,1.0,0.910240853097996,0.8494987473936881,0.1190123116964118,0.9389225960654533,0.894636946829026,0.097664729705143
"Previous model, patient analysis",subcode,NORM,2-lead,quality,no_flags,1519,1382,704,673,0.0,1.0,0.0,1.0,0.0,,0,0,0,0,,,,,0.0,0.0,1.0,1.0,0.9077227412158392,0.8793872408434766,0.121564554367947,0.9356229085331846,0.9180961696047434,0.1017162617130257
"Previous model, patient analysis",subcode,NST_,2-lead,overall,all,2198,1904,77,75,0.0,1.0,0.0,1.0,0.0,,0,0,0,0,,,,,0.0,0.0,1.0,1.0,0.8303728332016875,0.138900794771314,0.0318777954308689,0.8377021375606948,0.1644669275605419,0.0315017637805586
"Previous model, patient analysis",subcode,NST_,2-lead,sex,0,1132,969,28,26,0.0,1.0,0.0,1.0,0.0,,0,0,0,0,,,,,0.0,0.0,1.0,1.0,0.8765527950310559,0.1261323522951327,0.0228049015540273,0.9023356625258798,0.1485583854361672,0.0223253392886883
"Previous model, patient analysis",subcode,NST_,2-lead,sex,1,1066,935,49,49,0.0,1.0,0.0,1.0,0.0,,0,0,0,0,,,,,0.0,0.0,1.0,1.0,0.7921056328135974,0.155220527973134,0.0415124257015863,0.7815102442156804,0.1965072180969755,0.0412463346293365
"Previous model, patient analysis",subcode,NST_,2-lead,age_band,40-64,866,755,8,8,0.0,1.0,0.0,1.0,0.0,,0,0,0,0,,,,,0.0,0.0,1.0,1.0,0.8393065268065268,0.0371291980497349,0.0099980668577382,0.8927738927738929,0.0522620574370391,0.0097402393759685
"Previous model, patient analysis",subcode,NST_,2-lead,age_band,<40,284,266,3,3,0.0,1.0,0.0,1.0,0.0,,0,0,0,0,,,,,0.0,0.0,1.0,1.0,0.98220640569395,0.2972582972582972,0.0093165698087472,0.9513641755634638,0.1230019493177387,0.0098885184892944
"Previous model, patient analysis",subcode,NST_,2-lead,age_band,65-79,708,615,36,34,0.0,1.0,0.0,1.0,0.0,,0,0,0,0,,,,,0.0,0.0,1.0,1.0,0.7791832010582009,0.1616296118208628,0.0459301120224247,0.8251488095238094,0.2320733407762053,0.0444246353816468
"Previous model, patient analysis",subcode,NST_,2-lead,age_band,80+,340,274,30,30,0.0,1.0,0.0,1.0,0.0,,0,0,0,0,,,,,0.0,0.0,1.0,1.0,0.7164516129032258,0.2312527688606701,0.0771901274137874,0.6749462365591398,0.2310385920918235,0.0780730834968044
"Previous model, patient analysis",subcode,NST_,2-lead,quality_flag,baseline_drift:present,236,231,6,6,0.0,1.0,0.0,1.0,0.0,,0,0,0,0,,,,,0.0,0.0,1.0,1.0,0.8065217391304349,0.1330797461867727,0.0240367983498638,0.8673913043478261,0.2107088699830634,0.023246723773254
"Previous model, patient analysis",subcode,NST_,2-lead,quality_flag,baseline_drift:absent,1962,1727,71,70,0.0,1.0,0.0,1.0,0.0,,0,0,0,0,,,,,0.0,0.0,1.0,1.0,0.8330490611570002,0.1466523219490333,0.0328209530817951,0.8366316353967271,0.1668813999444053,0.0324947247600305
"Previous model, patient analysis",subcode,NST_,2-lead,quality_flag,static_noise:present,316,292,10,10,0.0,1.0,0.0,1.0,0.0,,0,0,0,0,,,,,0.0,0.0,1.0,1.0,0.7977124183006536,0.0996586698648827,0.0298120655593369,0.8013071895424837,0.1307894921609749,0.0298119095706548
"Previous model, patient analysis",subcode,NST_,2-lead,quality_flag,static_noise:absent,1882,1668,67,65,0.0,1.0,0.0,1.0,0.0,,0,0,0,0,,,,,0.0,0.0,1.0,1.0,0.8348916574154024,0.1481640418933363,0.0322246448673217,0.8435179474528186,0.1784330927448501,0.031785501256823
"Previous model, patient analysis",subcode,NST_,2-lead,quality_flag,burst_noise:present,40,40,1,1,0.0,1.0,0.0,1.0,0.0,,0,0,0,0,,,,,0.0,0.0,1.0,1.0,0.5384615384615384,0.0526315789473684,0.0266646326142085,0.8717948717948718,0.1666666666666666,0.0238995905089836
"Previous model, patient analysis",subcode,NST_,2-lead,quality_flag,burst_noise:absent,2158,1872,76,74,0.0,1.0,0.0,1.0,0.0,,0,0,0,0,,,,,0.0,0.0,1.0,1.0,0.8344772233176602,0.1426478038810319,0.0319744249548107,0.8380352899539916,0.1659809008507365,0.0316426752406434
"Previous model, patient analysis",subcode,NST_,2-lead,quality_flag,electrodes_problems:absent,2195,1901,77,75,0.0,1.0,0.0,1.0,0.0,,0,0,0,0,,,,,0.0,0.0,1.0,1.0,0.8305740529536564,0.1400792072492498,0.0319072520045727,0.8377420502066394,0.1645875340009793,0.0315413784737936
"Previous model, patient analysis",subcode,NST_,2-lead,quality_flag,extra_beats:present,198,184,11,11,0.0,1.0,0.0,1.0,0.0,,0,0,0,0,,,,,0.0,0.0,1.0,1.0,0.8896451142440448,0.4658252227614379,0.045983157118649,0.8949927078269324,0.5830744298155146,0.0444975983533418
"Previous model, patient analysis",subcode,NST_,2-lead,quality_flag,extra_beats:absent,2000,1757,66,66,0.0,1.0,0.0,1.0,0.0,,0,0,0,0,,,,,0.0,0.0,1.0,1.0,0.8239086835260568,0.11595509023733,0.0304813646237787,0.8328476074081038,0.1287808985719976,0.0302151761578531
"Previous model, patient analysis",subcode,NST_,2-lead,quality_flag,pacemaker:present,29,26,0,0,0.0,1.0,0.0,1.0,0.0,,0,0,0,0,,,,,,0.0,,1.0,,,0.0009979318378324,,,0.0016330887036552
"Previous model, patient analysis",subcode,NST_,2-lead,quality_flag,pacemaker:absent,2169,1883,77,75,0.0,1.0,0.0,1.0,0.0,,0,0,0,0,,,,,0.0,0.0,1.0,1.0,0.8293188646917137,0.139499885819923,0.0322906658984568,0.836836681482953,0.1655126627080543,0.0319011144385716
"Previous model, patient analysis",subcode,NST_,2-lead,quality,any_flag,679,618,24,24,0.0,1.0,0.0,1.0,0.0,,0,0,0,0,,,,,0.0,0.0,1.0,1.0,0.8232824427480916,0.1696004163325349,0.0319752234423028,0.853117048346056,0.273875537629069,0.031175561227996
"Previous model, patient analysis",subcode,NST_,2-lead,quality,no_flags,1519,1382,53,53,0.0,1.0,0.0,1.0,0.0,,0,0,0,0,,,,,0.0,0.0,1.0,1.0,0.8351308914000359,0.1372628621249825,0.031834244660781,0.8328914515174135,0.1474896666143341,0.0316475778247917
"Previous model, patient analysis",rhythm,AFIB,2-lead,overall,all,2198,1904,152,130,0.0,1.0,0.0,1.0,0.0,,0,0,0,0,,,,,0.0,0.0,1.0,1.0,0.9572915058908268,0.6497685889136959,0.0382662353923647,0.9672081596954264,0.7461285884702294,0.0318869987733715
"Previous model, patient analysis",rhythm,AFIB,2-lead,sex,0,1132,969,81,66,0.0,1.0,0.0,1.0,0.0,,0,0,0,0,,,,,0.0,0.0,1.0,1.0,0.95853449389764,0.7005571793475877,0.0378252852501308,0.9688127709060156,0.7472018768320933,0.0329844834489491
"Previous model, patient analysis",rhythm,AFIB,2-lead,sex,1,1066,935,71,64,0.0,1.0,0.0,1.0,0.0,,0,0,0,0,,,,,0.0,0.0,1.0,1.0,0.9571094911175596,0.611248102180205,0.0387344863876824,0.9659848538466984,0.7438096510623039,0.0307215647651597
"Previous model, patient analysis",rhythm,AFIB,2-lead,age_band,40-64,866,755,28,25,0.0,1.0,0.0,1.0,0.0,,0,0,0,0,,,,,0.0,0.0,1.0,1.0,0.9606631435390384,0.6420864769990173,0.0170736153895774,0.9644988066825776,0.8381390495567395,0.0106647219981919
"Previous model, patient analysis",rhythm,AFIB,2-lead,age_band,<40,284,266,1,1,0.0,1.0,0.0,1.0,0.0,,0,0,0,0,,,,,0.0,0.0,1.0,1.0,0.9540636042402828,0.0714285714285714,0.0062507670862285,0.9646643109540636,0.0909090909090909,0.0045203059792432
"Previous model, patient analysis",rhythm,AFIB,2-lead,age_band,65-79,708,615,53,47,0.0,1.0,0.0,1.0,0.0,,0,0,0,0,,,,,0.0,0.0,1.0,1.0,0.9531038455998848,0.659379789096475,0.0376930663657423,0.957424744346824,0.6696332350145437,0.0385120704871044
"Previous model, patient analysis",rhythm,AFIB,2-lead,age_band,80+,340,274,70,57,0.0,1.0,0.0,1.0,0.0,,0,0,0,0,,,,,0.0,0.0,1.0,1.0,0.8817460317460317,0.6566215088397388,0.1201809577223797,0.9273015873015874,0.7705686128307487,0.0950048860307687
"Previous model, patient analysis",rhythm,AFIB,2-lead,quality_flag,baseline_drift:present,236,231,13,13,0.0,1.0,0.0,1.0,0.0,,0,0,0,0,,,,,0.0,0.0,1.0,1.0,0.9517074853397725,0.6899835857841974,0.0356837563189764,0.9517074853397725,0.6125874125874127,0.0410293973998721
"Previous model, patient analysis",rhythm,AFIB,2-lead,quality_flag,baseline_drift:absent,1962,1727,139,120,0.0,1.0,0.0,1.0,0.0,,0,0,0,0,,,,,0.0,0.0,1.0,1.0,0.9584762250539668,0.6524146167472219,0.0385768699801932,0.9690840854469468,0.7647521233014584,0.0307873014870034
"Previous model, patient analysis",rhythm,AFIB,2-lead,quality_flag,static_noise:present,316,292,28,26,0.0,1.0,0.0,1.0,0.0,,0,0,0,0,,,,,0.0,0.0,1.0,1.0,0.945436507936508,0.7043209211979741,0.0465758100746083,0.9484126984126984,0.7693114669753737,0.0437002811202472
"Previous model, patient analysis",rhythm,AFIB,2-lead,quality_flag,static_noise:absent,1882,1668,124,110,0.0,1.0,0.0,1.0,0.0,,0,0,0,0,,,,,0.0,0.0,1.0,1.0,0.9596728320305332,0.641099897603367,0.0368710039366851,0.9714806047928364,0.7432153347235232,0.0299034720881363
"Previous model, patient analysis",rhythm,AFIB,2-lead,quality_flag,burst_noise:present,40,40,4,4,0.0,1.0,0.0,1.0,0.0,,0,0,0,0,,,,,0.0,0.0,1.0,1.0,1.0,1.0,0.0172870917709143,1.0,1.0,0.0006122191801122
"Previous model, patient analysis",rhythm,AFIB,2-lead,quality_flag,burst_noise:absent,2158,1872,148,127,0.0,1.0,0.0,1.0,0.0,,0,0,0,0,,,,,0.0,0.0,1.0,1.0,0.956286136883152,0.6411685511012519,0.0386550981100931,0.9660951996772892,0.7359979124045911,0.0324666981170835
"Previous model, patient analysis",rhythm,AFIB,2-lead,quality_flag,electrodes_problems:absent,2195,1901,152,130,0.0,1.0,0.0,1.0,0.0,,0,0,0,0,,,,,0.0,0.0,1.0,1.0,0.9577891130174924,0.6560464998579919,0.0379183163349896,0.967453048921864,0.7479699244418767,0.0317027353351341
"Previous model, patient analysis",rhythm,AFIB,2-lead,quality_flag,extra_beats:present,198,184,34,31,0.0,1.0,0.0,1.0,0.0,,0,0,0,0,,,,,0.0,0.0,1.0,1.0,0.9268292682926828,0.6826314505603674,0.083892980991047,0.9024390243902438,0.676053043176243,0.1028284299736938
"Previous model, patient analysis",rhythm,AFIB,2-lead,quality_flag,extra_beats:absent,2000,1757,118,103,0.0,1.0,0.0,1.0,0.0,,0,0,0,0,,,,,0.0,0.0,1.0,1.0,0.9586763090113296,0.6425389671203551,0.0337491875780951,0.9719915704533584,0.7746675284461763,0.0248637970845396
"Previous model, patient analysis",rhythm,AFIB,2-lead,quality_flag,pacemaker:present,29,26,0,0,0.0,1.0,0.0,1.0,0.0,,0,0,0,0,,,,,,0.0,,1.0,,,0.0795313094016645,,,0.055072547901848
"Previous model, patient analysis",rhythm,AFIB,2-lead,quality_flag,pacemaker:absent,2169,1883,152,130,0.0,1.0,0.0,1.0,0.0,,0,0,0,0,,,,,0.0,0.0,1.0,1.0,0.9590487435743548,0.6611655318486895,0.0377145124111431,0.968060955561934,0.7531307904083008,0.0315770029574537
"Previous model, patient analysis",rhythm,AFIB,2-lead,quality,any_flag,679,618,65,59,0.0,1.0,0.0,1.0,0.0,,0,0,0,0,,,,,0.0,0.0,1.0,1.0,0.9425457278877474,0.6589970789031125,0.0512852182494202,0.9493360060135304,0.7266664831176446,0.0500129724628454
"Previous model, patient analysis",rhythm,AFIB,2-lead,quality,no_flags,1519,1382,87,80,0.0,1.0,0.0,1.0,0.0,,0,0,0,0,,,,,0.0,0.0,1.0,1.0,0.963719257689591,0.6471764143376952,0.0324466900599482,0.9764576510627369,0.7728716243385638,0.023784605004344
"Previous model, patient analysis",rhythm,PACE,2-lead,overall,all,2198,1904,28,25,0.9740673339399454,0.0259326660600545,0.0,0.0259326660600545,0.9740673339399454,0.004203643157403,0,0,2141,9,,0.004203643157403,0.0,1.0,0.0,0.9824884792626728,0.6785714285714286,0.0175115207373271,0.9434660961158656,0.6012349390956804,0.0072602545324438,0.9509710335747202,0.7207602842724891,0.0059786216959597
"Previous model, patient analysis",rhythm,PACE,2-lead,sex,0,1132,969,17,17,0.969964664310954,0.0300353356890459,0.0,0.0300353356890459,0.969964664310954,0.0045537340619307,0,0,1098,5,,0.0045537340619307,0.0,1.0,0.0,0.980269058295964,0.7058823529411765,0.0197309417040358,0.9178053284093906,0.542633003670545,0.0099911839949676,0.9290952255341598,0.6659570502440424,0.007926586267303
"Previous model, patient analysis",rhythm,PACE,2-lead,sex,1,1066,935,11,8,0.9784240150093808,0.0215759849906191,0.0,0.0215759849906191,0.9784240150093808,0.0038350910834132,0,0,1043,4,,0.0038350910834132,0.0,1.0,0.0,0.9848341232227488,0.6363636363636364,0.0151658767772511,0.9837139164153382,0.7227733506803274,0.0043602431332159,0.99138302455838,0.8040486556021654,0.0039100514382105
"Previous model, patient analysis",rhythm,PACE,2-lead,age_band,40-64,866,755,3,3,0.9942263279445728,0.0057736720554272,0.0,0.0057736720554272,0.9942263279445728,0.0011614401858304,0,0,861,1,,0.0011614401858304,0.0,1.0,0.0,0.996523754345307,0.6666666666666666,0.0034762456546929,0.716492854383932,0.279142034257996,0.0032213238469812,0.8354577056778678,0.5578920041536864,0.0020559448353929
"Previous model, patient analysis",rhythm,PACE,2-lead,age_band,<40,284,266,0,0,1.0,0.0,0.0,0.0,1.0,0.0,0,0,284,0,,0.0,,1.0,,1.0,,0.0,,,3.375285273419497e-05,,,0.0001642483933986
"Previous model, patient analysis",rhythm,PACE,2-lead,age_band,65-79,708,615,10,8,0.9731638418079096,0.0268361581920903,0.0,0.0268361581920903,0.9731638418079096,0.0043541364296081,0,0,689,3,,0.0043541364296081,0.0,1.0,0.0,0.982808022922636,0.7,0.0171919770773638,0.9908309455587392,0.7434603174603174,0.0058887028095226,0.9948424068767908,0.8223304473304472,0.0052147631843739
"Previous model, patient analysis",rhythm,PACE,2-lead,age_band,80+,340,274,15,14,0.9029411764705882,0.0970588235294117,0.0,0.0970588235294117,0.9029411764705882,0.01628664495114,0,0,307,5,,0.01628664495114,0.0,1.0,0.0,0.9292307692307692,0.6666666666666666,0.0707692307692307,0.9011282051282052,0.5588322272283611,0.0264399576809037,0.9142564102564102,0.7136670887479304,0.022417245241198
"Previous model, patient analysis",rhythm,PACE,2-lead,quality_flag,baseline_drift:present,236,231,6,6,0.9745762711864406,0.0254237288135593,0.0,0.0254237288135593,0.9745762711864406,0.0130434782608695,0,0,230,3,,0.0130434782608695,0.0,1.0,0.0,0.9869565217391304,0.5,0.0130434782608695,0.9405797101449276,0.5552824903546324,0.0193081886140888,0.9057971014492754,0.6064814814814814,0.0155346673469529
"Previous model, patient analysis",rhythm,PACE,2-lead,quality_flag,baseline_drift:absent,1962,1727,22,21,0.9740061162079512,0.0259938837920489,0.0,0.0259938837920489,0.9740061162079512,0.0031397174254317,0,0,1911,6,,0.0031397174254317,0.0,1.0,0.0,0.981958762886598,0.7272727272727273,0.018041237113402,0.947539831302718,0.6403865772480216,0.0058110636847026,0.966776007497657,0.7630437263736506,0.0048291687022623
"Previous model, patient analysis",rhythm,PACE,2-lead,quality_flag,static_noise:present,316,292,4,4,0.9746835443037974,0.0253164556962025,0.0,0.0253164556962025,0.9746835443037974,0.0064935064935064,0,0,308,2,,0.0064935064935064,0.0,1.0,0.0,0.9807692307692308,0.5,0.0192307692307692,0.9431089743589745,0.5776515151515151,0.0066117707642975,0.8629807692307692,0.5637529137529138,0.0074124350260039
"Previous model, patient analysis",rhythm,PACE,2-lead,quality_flag,static_noise:absent,1882,1668,24,21,0.9739638682252922,0.0260361317747077,0.0,0.0260361317747077,0.9739638682252922,0.0038188761593016,0,0,1833,7,,0.0038188761593016,0.0,1.0,0.0,0.9827771797631862,0.7083333333333334,0.0172228202368137,0.9422990670972372,0.6140239462269622,0.0073691391608892,0.9650609974883388,0.7458257821898028,0.0057378751431999
"Previous model, patient analysis",rhythm,PACE,2-lead,quality_flag,burst_noise:present,40,40,2,2,0.975,0.025,0.0,0.025,0.975,0.0256410256410256,0,0,39,1,,0.0256410256410256,0.0,1.0,0.0,1.0,0.5,0.0,1.0,1.0,0.0421162577108708,1.0,1.0,0.0237781819209476
"Previous model, patient analysis",rhythm,PACE,2-lead,quality_flag,burst_noise:absent,2158,1872,26,24,0.974050046339203,0.025949953660797,0.0,0.025949953660797,0.974050046339203,0.0038058991436726,0,0,2102,8,,0.0038058991436726,0.0,1.0,0.0,0.9821763602251408,0.6923076923076923,0.0178236397748592,0.9410088035791602,0.6211358460713677,0.0066141747701004,0.9475754077067398,0.7216279559387189,0.0056486947223733
"Previous model, patient analysis",rhythm,PACE,2-lead,quality_flag,electrodes_problems:absent,2195,1901,27,24,0.9749430523917996,0.0250569476082004,0.0,0.0250569476082004,0.9749430523917996,0.0042056074766355,0,0,2140,9,,0.0042056074766355,0.0,1.0,0.0,0.9829335793357934,0.6666666666666666,0.0170664206642066,0.941608582752494,0.5794380023628236,0.0072515764287609,0.9493986606532732,0.7133330566603517,0.0059146443893847
"Previous model, patient analysis",rhythm,PACE,2-lead,quality_flag,extra_beats:present,198,184,6,6,0.898989898989899,0.101010101010101,0.0,0.101010101010101,0.898989898989899,0.0112359550561797,0,0,178,2,,0.0112359550561797,0.0,1.0,0.0,0.9166666666666666,0.6666666666666666,0.0833333333333333,0.7178819444444444,0.3548793859649123,0.0284194226593374,0.7890625,0.5050543024227234,0.0234876909496086
"Previous model, patient analysis",rhythm,PACE,2-lead,quality_flag,extra_beats:absent,2000,1757,22,19,0.9815,0.0185,0.0,0.0185,0.9815,0.0035659704533876,0,0,1963,7,,0.0035659704533876,0.0,1.0,0.0,0.9888776541961576,0.6818181818181818,0.0111223458038422,0.986188987958452,0.7104126930998874,0.0051654968878814,0.9739635995955512,0.7861097179166552,0.0042452238398485
"Previous model, patient analysis",rhythm,PACE,2-lead,quality_flag,pacemaker:present,29,26,28,25,0.3448275862068966,0.6551724137931034,0.0,0.6551724137931034,0.3448275862068966,0.9,0,0,10,9,,0.9,0.0,1.0,0.0,1.0,0.6785714285714286,0.0,0.9642857142857144,0.998768472906404,0.4228712340712059,0.9285714285714286,0.9974929627023222,0.3176968437344076
"Previous model, patient analysis",rhythm,PACE,2-lead,quality_flag,pacemaker:absent,2169,1883,0,0,0.9824804057169202,0.0175195942830797,0.0,0.0175195942830797,0.9824804057169202,0.0,0,0,2131,0,,0.0,,1.0,,0.9824804057169202,,0.0175195942830797,,,0.0017034456773843,,,0.0018108815211718
"Previous model, patient analysis",rhythm,PACE,2-lead,quality,any_flag,679,618,28,25,0.9381443298969072,0.0618556701030927,0.0,0.0618556701030927,0.9381443298969072,0.0141287284144427,0,0,637,9,,0.0141287284144427,0.0,1.0,0.0,0.9646697388632872,0.6785714285714286,0.0353302611367127,0.9266513056835636,0.6455696363399072,0.022169372086436,0.9406956330919464,0.7825059257768981,0.0169518720728335
"Previous model, patient analysis",rhythm,PACE,2-lead,quality,no_flags,1519,1382,0,0,0.990125082290981,0.009874917709019,0.0,0.009874917709019,0.990125082290981,0.0,0,0,1504,0,,0.0,,1.0,,0.990125082290981,,0.009874917709019,,,0.0005958102801985,,,0.0010735282095231
"Previous model, patient analysis",rhythm,SARRH,2-lead,overall,all,2198,1904,77,77,0.0,1.0,0.0,1.0,0.0,,0,0,0,0,,,,,0.0,0.0,1.0,1.0,0.6788515586252504,0.0734420463248058,0.0334238635277548,0.6867503076838296,0.0900675880009054,0.0332801236930085
"Previous model, patient analysis",rhythm,SARRH,2-lead,sex,0,1132,969,29,29,0.0,1.0,0.0,1.0,0.0,,0,0,0,0,,,,,0.0,0.0,1.0,1.0,0.6345702941820114,0.0414349070002888,0.0249564894735083,0.6205958670709977,0.0482977638398169,0.0249300120743529
"Previous model, patient analysis",rhythm,SARRH,2-lead,sex,1,1066,935,48,48,0.0,1.0,0.0,1.0,0.0,,0,0,0,0,,,,,0.0,0.0,1.0,1.0,0.7031761624099542,0.1020812293968154,0.0424154840056224,0.7312950229207597,0.1330139844997945,0.0421472215844889
"Previous model, patient analysis",rhythm,SARRH,2-lead,age_band,40-64,866,755,21,21,0.0,1.0,0.0,1.0,0.0,,0,0,0,0,,,,,0.0,0.0,1.0,1.0,0.6495350803043111,0.0404544337820347,0.0237211260652734,0.630712876866723,0.0491806636388964,0.023640656525075
"Previous model, patient analysis",rhythm,SARRH,2-lead,age_band,<40,284,266,31,31,0.0,1.0,0.0,1.0,0.0,,0,0,0,0,,,,,0.0,0.0,1.0,1.0,0.6525564197373455,0.2054070098303698,0.1011367775620121,0.6544689532066812,0.2259173724835062,0.100013826223296
"Previous model, patient analysis",rhythm,SARRH,2-lead,age_band,65-79,708,615,16,16,0.0,1.0,0.0,1.0,0.0,,0,0,0,0,,,,,0.0,0.0,1.0,1.0,0.7150469653179191,0.0461940606600085,0.0220211716744918,0.6751264450867052,0.0385242249293232,0.0221158554018683
"Previous model, patient analysis",rhythm,SARRH,2-lead,age_band,80+,340,274,9,9,0.0,1.0,0.0,1.0,0.0,,0,0,0,0,,,,,0.0,0.0,1.0,1.0,0.6807653575025177,0.149435602627272,0.0253215367303723,0.6535750251762336,0.1477554525667369,0.0253380913369966
"Previous model, patient analysis",rhythm,SARRH,2-lead,quality_flag,baseline_drift:present,236,231,10,10,0.0,1.0,0.0,1.0,0.0,,0,0,0,0,,,,,0.0,0.0,1.0,1.0,0.6632743362831859,0.0904168235977091,0.0401887995291273,0.7530973451327434,0.0870830155941207,0.0400379912064536
"Previous model, patient analysis",rhythm,SARRH,2-lead,quality_flag,baseline_drift:absent,1962,1727,67,67,0.0,1.0,0.0,1.0,0.0,,0,0,0,0,,,,,0.0,0.0,1.0,1.0,0.6819280904186193,0.0741792971873355,0.0326101403390066,0.676375379041468,0.0927548718066412,0.0324672507403209
"Previous model, patient analysis",rhythm,SARRH,2-lead,quality_flag,static_noise:present,316,292,14,14,0.0,1.0,0.0,1.0,0.0,,0,0,0,0,,,,,0.0,0.0,1.0,1.0,0.6196783349101229,0.0666021687017975,0.0422122665703157,0.7008041627246926,0.1310711768038806,0.0416706992941161
"Previous model, patient analysis",rhythm,SARRH,2-lead,quality_flag,static_noise:absent,1882,1668,63,63,0.0,1.0,0.0,1.0,0.0,,0,0,0,0,,,,,0.0,0.0,1.0,1.0,0.6899395272127542,0.0768519526063788,0.0319482336863896,0.6826531235547179,0.0886402985779823,0.031871291657966
"Previous model, patient analysis",rhythm,SARRH,2-lead,quality_flag,burst_noise:present,40,40,1,1,0.0,1.0,0.0,1.0,0.0,,0,0,0,0,,,,,0.0,0.0,1.0,1.0,0.0512820512820513,0.0263157894736842,0.0254097318987988,0.2051282051282051,0.03125,0.0250875730070961
"Previous model, patient analysis",rhythm,SARRH,2-lead,quality_flag,burst_noise:absent,2158,1872,76,76,0.0,1.0,0.0,1.0,0.0,,0,0,0,0,,,,,0.0,0.0,1.0,1.0,0.686542545123616,0.0748020127252676,0.033572410916614,0.6920408008493856,0.0915889757675689,0.033431978200625
"Previous model, patient analysis",rhythm,SARRH,2-lead,quality_flag,electrodes_problems:absent,2195,1901,77,77,0.0,1.0,0.0,1.0,0.0,,0,0,0,0,,,,,0.0,0.0,1.0,1.0,0.6784150693499136,0.0734427992633582,0.0334691464965076,0.6865886710079344,0.0900878606091381,0.0333244639918364
"Previous model, patient analysis",rhythm,SARRH,2-lead,quality_flag,extra_beats:present,198,184,11,11,0.0,1.0,0.0,1.0,0.0,,0,0,0,0,,,,,0.0,0.0,1.0,1.0,0.7053962080700048,0.1809102557981978,0.0513660377189496,0.6665046183762762,0.1909807733351469,0.0513842778167074
"Previous model, patient analysis",rhythm,SARRH,2-lead,quality_flag,extra_beats:absent,2000,1757,66,66,0.0,1.0,0.0,1.0,0.0,,0,0,0,0,,,,,0.0,0.0,1.0,1.0,0.665468020431826,0.0559114945749618,0.0316475882828265,0.6832596910156372,0.0765212679243216,0.0314878124347623
"Previous model, patient analysis",rhythm,SARRH,2-lead,quality_flag,pacemaker:present,29,26,0,0,0.0,1.0,0.0,1.0,0.0,,0,0,0,0,,,,,,0.0,,1.0,,,0.0014765127319963,,,0.0014660722989646
"Previous model, patient analysis",rhythm,SARRH,2-lead,quality_flag,pacemaker:absent,2169,1883,77,77,0.0,1.0,0.0,1.0,0.0,,0,0,0,0,,,,,0.0,0.0,1.0,1.0,0.6780685853343597,0.0743488544816871,0.0338510065305565,0.686890069777259,0.0911579766425747,0.0337054844539247
"Previous model, patient analysis",rhythm,SARRH,2-lead,quality,any_flag,679,618,33,33,0.0,1.0,0.0,1.0,0.0,,0,0,0,0,,,,,0.0,0.0,1.0,1.0,0.6510929730743972,0.1049526797935578,0.0458195658070162,0.6969696969696969,0.1273348814145745,0.0455061455212357
"Previous model, patient analysis",rhythm,SARRH,2-lead,quality,no_flags,1519,1382,44,44,0.0,1.0,0.0,1.0,0.0,,0,0,0,0,,,,,0.0,0.0,1.0,1.0,0.6901386748844376,0.0536252884519755,0.0278829274858729,0.6705084745762712,0.0699256716508183,0.0278150355946765
"Previous model, patient analysis",rhythm,SBRAD,2-lead,overall,all,2198,1904,64,61,0.0,1.0,0.0,1.0,0.0,,0,0,0,0,,,,,0.0,0.0,1.0,1.0,0.9339342197750704,0.4191743463593148,0.0211322927877401,0.9369801429240864,0.4007761460376203,0.0215853046842036
"Previous model, patient analysis",rhythm,SBRAD,2-lead,sex,0,1132,969,37,34,0.0,1.0,0.0,1.0,0.0,,0,0,0,0,,,,,0.0,0.0,1.0,1.0,0.9245217820560286,0.3876383056011386,0.0245125679136057,0.9210169073182772,0.3544120955169592,0.0255056097276498
"Previous model, patient analysis",rhythm,SBRAD,2-lead,sex,1,1066,935,27,27,0.0,1.0,0.0,1.0,0.0,,0,0,0,0,,,,,0.0,0.0,1.0,1.0,0.9423591059779702,0.4713731953037243,0.0175427323351324,0.9538373792464264,0.4809098803064665,0.0174222790658349
"Previous model, patient analysis",rhythm,SBRAD,2-lead,age_band,40-64,866,755,31,30,0.0,1.0,0.0,1.0,0.0,,0,0,0,0,,,,,0.0,0.0,1.0,1.0,0.915781340544717,0.4729877590813726,0.0252415534538498,0.9255167085184468,0.4621822421867218,0.0253881192802738
"Previous model, patient analysis",rhythm,SBRAD,2-lead,age_band,<40,284,266,11,10,0.0,1.0,0.0,1.0,0.0,,0,0,0,0,,,,,0.0,0.0,1.0,1.0,0.9756909756909756,0.5689341102653795,0.0250140719684495,0.972027972027972,0.5723214176810865,0.0244678227633162
"Previous model, patient analysis",rhythm,SBRAD,2-lead,age_band,65-79,708,615,16,16,0.0,1.0,0.0,1.0,0.0,,0,0,0,0,,,,,0.0,0.0,1.0,1.0,0.923771676300578,0.4041167408500219,0.0167327361782002,0.9185332369942196,0.3099193917302673,0.0188658130081389
"Previous model, patient analysis",rhythm,SBRAD,2-lead,age_band,80+,340,274,6,6,0.0,1.0,0.0,1.0,0.0,,0,0,0,0,,,,,0.0,0.0,1.0,1.0,0.9500998003992016,0.3015873015873015,0.0165847664800395,0.9620758483033932,0.264412551050482,0.0151545033077012
"Previous model, patient analysis",rhythm,SBRAD,2-lead,quality_flag,baseline_drift:present,236,231,5,5,0.0,1.0,0.0,1.0,0.0,,0,0,0,0,,,,,0.0,0.0,1.0,1.0,0.922943722943723,0.1357172083814552,0.0232423619186243,0.923809523809524,0.1715502854633289,0.0205125051658549
"Previous model, patient analysis",rhythm,SBRAD,2-lead,quality_flag,baseline_drift:absent,1962,1727,59,56,0.0,1.0,0.0,1.0,0.0,,0,0,0,0,,,,,0.0,0.0,1.0,1.0,0.936514156951112,0.4560536603330828,0.0208784822296929,0.9389189237332668,0.4265973813079866,0.0217143468281029
"Previous model, patient analysis",rhythm,SBRAD,2-lead,quality_flag,static_noise:present,316,292,8,8,0.0,1.0,0.0,1.0,0.0,,0,0,0,0,,,,,0.0,0.0,1.0,1.0,0.916801948051948,0.5191430994064541,0.0174207653023749,0.911525974025974,0.5275786080197844,0.0171083092848449
"Previous model, patient analysis",rhythm,SBRAD,2-lead,quality_flag,static_noise:absent,1882,1668,56,53,0.0,1.0,0.0,1.0,0.0,,0,0,0,0,,,,,0.0,0.0,1.0,1.0,0.936238460334846,0.4134948697436716,0.0217554823123817,0.940052417462056,0.3928707240355065,0.022337021233724
"Previous model, patient analysis",rhythm,SBRAD,2-lead,quality_flag,burst_noise:present,40,40,3,3,0.0,1.0,0.0,1.0,0.0,,0,0,0,0,,,,,0.0,0.0,1.0,1.0,1.0,1.0,0.0366077820094798,1.0,1.0,0.046722735541177
"Previous model, patient analysis",rhythm,SBRAD,2-lead,quality_flag,burst_noise:absent,2158,1872,61,58,0.0,1.0,0.0,1.0,0.0,,0,0,0,0,,,,,0.0,0.0,1.0,1.0,0.931267931549364,0.4057127018262368,0.0208454440533242,0.9343949592313766,0.3930640248858879,0.0211193652799965
"Previous model, patient analysis",rhythm,SBRAD,2-lead,quality_flag,electrodes_problems:absent,2195,1901,64,61,0.0,1.0,0.0,1.0,0.0,,0,0,0,0,,,,,0.0,0.0,1.0,1.0,0.9338412130455184,0.4191743463593146,0.0211611751920069,0.936891424213984,0.4007761460376203,0.0216148055876543
"Previous model, patient analysis",rhythm,SBRAD,2-lead,quality_flag,extra_beats:present,198,184,4,4,0.0,1.0,0.0,1.0,0.0,,0,0,0,0,,,,,0.0,0.0,1.0,1.0,0.9536082474226804,0.397885101010101,0.01866301590147,0.9793814432989691,0.4154761904761904,0.0160491777753332
"Previous model, patient analysis",rhythm,SBRAD,2-lead,quality_flag,extra_beats:absent,2000,1757,60,57,0.0,1.0,0.0,1.0,0.0,,0,0,0,0,,,,,0.0,0.0,1.0,1.0,0.9325687285223369,0.4347487386527077,0.0213767511994809,0.933659793814433,0.4065050008127881,0.0221333812481818
"Previous model, patient analysis",rhythm,SBRAD,2-lead,quality_flag,pacemaker:present,29,26,1,1,0.0,1.0,0.0,1.0,0.0,,0,0,0,0,,,,,0.0,0.0,1.0,1.0,0.9642857142857144,0.5,0.0268240037017055,1.0,1.0,0.0202664060265445
"Previous model, patient analysis",rhythm,SBRAD,2-lead,quality_flag,pacemaker:absent,2169,1883,63,60,0.0,1.0,0.0,1.0,0.0,,0,0,0,0,,,,,0.0,0.0,1.0,1.0,0.9328826180678031,0.4197076045676665,0.0210561933794852,0.9355658059361764,0.3973522077540294,0.0216029386450483
"Previous model, patient analysis",rhythm,SBRAD,2-lead,quality,any_flag,679,618,19,19,0.0,1.0,0.0,1.0,0.0,,0,0,0,0,,,,,0.0,0.0,1.0,1.0,0.9328548644338116,0.3532462367203196,0.0224050580814728,0.9346889952153108,0.4044863111652156,0.0211664691298156
"Previous model, patient analysis",rhythm,SBRAD,2-lead,quality,no_flags,1519,1382,45,42,0.0,1.0,0.0,1.0,0.0,,0,0,0,0,,,,,0.0,0.0,1.0,1.0,0.9348107945122872,0.454067809806417,0.0205633608361638,0.9371928237599878,0.4147923809268788,0.0217725261071329
"Previous model, patient analysis",rhythm,SR,2-lead,overall,all,2198,1904,1674,1506,0.0,1.0,0.0,1.0,0.0,,0,0,0,0,,,,,0.0,0.0,1.0,1.0,0.834767481098434,0.9202975309179418,0.1180545401808778,0.8464230667505724,0.928864633786146,0.1130797710672919
"Previous model, patient analysis",rhythm,SR,2-lead,sex,0,1132,969,878,778,0.0,1.0,0.0,1.0,0.0,,0,0,0,0,,,,,0.0,0.0,1.0,1.0,0.8319731673631912,0.9341553678631832,0.1172284125718684,0.8445823543127724,0.9361750407827696,0.1100766600863678
"Previous model, patient analysis",rhythm,SR,2-lead,sex,1,1066,935,796,728,0.0,1.0,0.0,1.0,0.0,,0,0,0,0,,,,,0.0,0.0,1.0,1.0,0.8377024008933556,0.9074170652745556,0.1189318164035781,0.8483575283826541,0.921961910329804,0.1162688157487236
"Previous model, patient analysis",rhythm,SR,2-lead,age_band,40-64,866,755,716,633,0.0,1.0,0.0,1.0,0.0,,0,0,0,0,,,,,0.0,0.0,1.0,1.0,0.8189944134078211,0.940528586433332,0.0980510060433102,0.8285102420856612,0.9459905424108812,0.0959671955209109
"Previous model, patient analysis",rhythm,SR,2-lead,age_band,<40,284,266,229,219,0.0,1.0,0.0,1.0,0.0,,0,0,0,0,,,,,0.0,0.0,1.0,1.0,0.7152044462088131,0.8969824805134923,0.1397851413326138,0.731401349741961,0.8944871630271274,0.1389206721453293
"Previous model, patient analysis",rhythm,SR,2-lead,age_band,65-79,708,615,541,495,0.0,1.0,0.0,1.0,0.0,,0,0,0,0,,,,,0.0,0.0,1.0,1.0,0.8522363775222199,0.9243830304362816,0.1090716174997142,0.8631719924291896,0.9349861401914744,0.104334884043723
"Previous model, patient analysis",rhythm,SR,2-lead,age_band,80+,340,274,188,163,0.0,1.0,0.0,1.0,0.0,,0,0,0,0,,,,,0.0,0.0,1.0,1.0,0.8231732922732362,0.8289566414006259,0.1695588904582433,0.8514487681970885,0.8570175112848449,0.1532916961546158
"Previous model, patient analysis",rhythm,SR,2-lead,quality_flag,baseline_drift:present,236,231,179,176,0.0,1.0,0.0,1.0,0.0,,0,0,0,0,,,,,0.0,0.0,1.0,1.0,0.8138782710967363,0.9028928319014132,0.124094464869504,0.8450455748309322,0.9296748252176454,0.1158019013570514
"Previous model, patient analysis",rhythm,SR,2-lead,quality_flag,baseline_drift:absent,1962,1727,1495,1367,0.0,1.0,0.0,1.0,0.0,,0,0,0,0,,,,,0.0,0.0,1.0,1.0,0.8373550664957425,0.9222082282819832,0.1173280252845904,0.8465921379616567,0.9288971692745502,0.1127523384738244
"Previous model, patient analysis",rhythm,SR,2-lead,quality_flag,static_noise:present,316,292,231,218,0.0,1.0,0.0,1.0,0.0,,0,0,0,0,,,,,0.0,0.0,1.0,1.0,0.8376368729309905,0.912036869433402,0.1286800496494936,0.841405653170359,0.920715737998419,0.1304714641888491
"Previous model, patient analysis",rhythm,SR,2-lead,quality_flag,static_noise:absent,1882,1668,1443,1315,0.0,1.0,0.0,1.0,0.0,,0,0,0,0,,,,,0.0,0.0,1.0,1.0,0.8338408497861801,0.9216472285484272,0.116270448261599,0.847129414327592,0.930323616964409,0.1101595930511325
"Previous model, patient analysis",rhythm,SR,2-lead,quality_flag,burst_noise:present,40,40,28,28,0.0,1.0,0.0,1.0,0.0,,0,0,0,0,,,,,0.0,0.0,1.0,1.0,0.8601190476190477,0.877090830240997,0.1373250120991256,0.8869047619047619,0.9240629450286908,0.1213586767063166
"Previous model, patient analysis",rhythm,SR,2-lead,quality_flag,burst_noise:absent,2158,1872,1646,1483,0.0,1.0,0.0,1.0,0.0,,0,0,0,0,,,,,0.0,0.0,1.0,1.0,0.8341908414337789,0.9209089275992102,0.1176973488570919,0.8458906060145808,0.9290835376050256,0.1129263159117956
"Previous model, patient analysis",rhythm,SR,2-lead,quality_flag,electrodes_problems:absent,2195,1901,1673,1505,0.0,1.0,0.0,1.0,0.0,,0,0,0,0,,,,,0.0,0.0,1.0,1.0,0.8344406198972639,0.9203538527176124,0.117996025513327,0.8459405981408579,0.9288752166046496,0.1131807665297245
"Previous model, patient analysis",rhythm,SR,2-lead,quality_flag,extra_beats:present,198,184,111,109,0.0,1.0,0.0,1.0,0.0,,0,0,0,0,,,,,0.0,0.0,1.0,1.0,0.7887542715128922,0.8170342166124643,0.1872962528599579,0.8066687377032206,0.8345256675373359,0.1783605216109794
"Previous model, patient analysis",rhythm,SR,2-lead,quality_flag,extra_beats:absent,2000,1757,1563,1414,0.0,1.0,0.0,1.0,0.0,,0,0,0,0,,,,,0.0,0.0,1.0,1.0,0.8298964468669796,0.9240219339544326,0.1111996106256488,0.8413644475872983,0.9324450310274875,0.1066169767634669
"Previous model, patient analysis",rhythm,SR,2-lead,quality_flag,pacemaker:present,29,26,1,1,0.0,1.0,0.0,1.0,0.0,,0,0,0,0,,,,,0.0,0.0,1.0,1.0,0.9642857142857144,0.5,0.1161080200717755,1.0,1.0,0.1116784021774042
"Previous model, patient analysis",rhythm,SR,2-lead,quality_flag,pacemaker:absent,2169,1883,1673,1506,0.0,1.0,0.0,1.0,0.0,,0,0,0,0,,,,,0.0,0.0,1.0,1.0,0.8273130651909839,0.9207175287884992,0.1180805655765273,0.839438761737655,0.9292316767078448,0.1130985076730119
"Previous model, patient analysis",rhythm,SR,2-lead,quality,any_flag,679,618,465,439,0.0,1.0,0.0,1.0,0.0,,0,0,0,0,,,,,0.0,0.0,1.0,1.0,0.8257361069239273,0.8848545021455452,0.145589152304166,0.8454627675610491,0.9054021802465364,0.1379894630081473
"Previous model, patient analysis",rhythm,SR,2-lead,quality,no_flags,1519,1382,1209,1123,0.0,1.0,0.0,1.0,0.0,,0,0,0,0,,,,,0.0,0.0,1.0,1.0,0.8320472798100268,0.931380399789683,0.1057464416741544,0.8398729955441713,0.936535035985482,0.1019450239785225
"Previous model, patient analysis",rhythm,STACH,2-lead,overall,all,2198,1904,82,79,0.9126478616924476,0.0873521383075523,0.0,0.0873521383075523,0.9126478616924476,0.0034895314057826,0,0,2006,7,,0.0034895314057826,0.0,1.0,0.0,0.9447069943289224,0.9146341463414634,0.0552930056710775,0.977730646871686,0.5713313167825281,0.021701189668292,0.9874994236709852,0.7927509290473456,0.0164310610059943
"Previous model, patient analysis",rhythm,STACH,2-lead,sex,0,1132,969,33,31,0.9275618374558304,0.0724381625441696,0.0,0.0724381625441696,0.9275618374558304,0.0028571428571428,0,0,1050,3,,0.0028571428571428,0.0,1.0,0.0,0.9526842584167424,0.9090909090909092,0.0473157415832575,0.9775277800755507,0.5391476909096135,0.0189464465287349,0.9866545344252352,0.6873976644833968,0.0160199888631041
"Previous model, patient analysis",rhythm,STACH,2-lead,sex,1,1066,935,49,48,0.8968105065666041,0.1031894934333958,0.0,0.1031894934333958,0.8968105065666041,0.00418410041841,0,0,956,4,,0.00418410041841,0.0,1.0,0.0,0.9360865290068828,0.9183673469387756,0.063913470993117,0.9770834587522326,0.5957060078653752,0.0246264891373151,0.9884413942568178,0.859606406750676,0.0168675841445982
"Previous model, patient analysis",rhythm,STACH,2-lead,age_band,40-64,866,755,27,27,0.9515011547344112,0.0484988452655889,0.0,0.0484988452655889,0.9515011547344112,0.0024271844660194,0,0,824,2,,0.0024271844660194,0.0,1.0,0.0,0.9797377830750894,0.925925925925926,0.0202622169249106,0.9916567342073896,0.7717974262183736,0.0118027256117556,0.9955855736547036,0.9203303480503442,0.0079129727084771
"Previous model, patient analysis",rhythm,STACH,2-lead,age_band,<40,284,266,7,7,0.9612676056338028,0.0387323943661971,0.0,0.0387323943661971,0.9612676056338028,0.0,0,0,273,0,,0.0,,1.0,0.0,0.9855595667870036,1.0,0.0144404332129963,0.99484270242393,0.8385281385281385,0.0099531233470743,0.997421351211965,0.927643784786642,0.0070615789928692
"Previous model, patient analysis",rhythm,STACH,2-lead,age_band,65-79,708,615,23,21,0.8898305084745762,0.1101694915254237,0.0,0.1101694915254237,0.8898305084745762,0.0,0,0,630,0,,0.0,,1.0,0.0,0.9197080291970804,1.0,0.0802919708029197,0.976896223421136,0.472598348163743,0.0230913161751301,0.983306886702634,0.7064402773472436,0.0204412028599477
"Previous model, patient analysis",rhythm,STACH,2-lead,age_band,80+,340,274,25,24,0.8205882352941176,0.1794117647058823,0.0,0.1794117647058823,0.8205882352941176,0.017921146953405,0,0,279,5,,0.017921146953405,0.0,1.0,0.0,0.8698412698412699,0.8,0.1301587301587301,0.928126984126984,0.4606115384911328,0.0538315165546009,0.9685079365079364,0.7236557177433757,0.0376028754906368
"Previous model, patient analysis",rhythm,STACH,2-lead,quality_flag,baseline_drift:present,236,231,10,10,0.8898305084745762,0.1101694915254237,0.0,0.1101694915254237,0.8898305084745762,0.0095238095238095,0,0,210,2,,0.0095238095238095,0.0,1.0,0.0,0.9203539823008848,0.8,0.079646017699115,0.9553097345132744,0.4640871409292461,0.0303549050900171,0.986283185840708,0.8197527706734867,0.0226652210908658
"Previous model, patient analysis",rhythm,STACH,2-lead,quality_flag,baseline_drift:absent,1962,1727,72,70,0.9153924566768604,0.0846075433231396,0.0,0.0846075433231396,0.9153924566768604,0.0027839643652561,0,0,1796,5,,0.0027839643652561,0.0,1.0,0.0,0.9476190476190476,0.9305555555555556,0.0523809523809523,0.980107289829512,0.5907943783872858,0.0206602738479418,0.9880364491475602,0.8008648072470128,0.0156811824229007
"Previous model, patient analysis",rhythm,STACH,2-lead,quality_flag,static_noise:present,316,292,12,12,0.8860759493670886,0.1139240506329113,0.0,0.1139240506329113,0.8860759493670886,0.0,0,0,280,0,,0.0,,1.0,0.0,0.9210526315789472,1.0,0.0789473684210526,0.974780701754386,0.5251410651546522,0.0244018807434522,0.9854714912280702,0.7474190526822106,0.0193773741495114
"Previous model, patient analysis",rhythm,STACH,2-lead,quality_flag,static_noise:absent,1882,1668,70,67,0.9171094580233794,0.0828905419766206,0.0,0.0828905419766206,0.9171094580233794,0.004055619930475,0,0,1726,7,,0.004055619930475,0.0,1.0,0.0,0.9486754966887416,0.9,0.0513245033112582,0.9784137496058026,0.5858209452799089,0.021247726129636,0.9877562283191422,0.7995962258814235,0.0159363559298246
"Previous model, patient analysis",rhythm,STACH,2-lead,quality_flag,burst_noise:present,40,40,1,1,0.925,0.075,0.0,0.075,0.925,0.0,0,0,37,0,,0.0,,1.0,0.0,0.9487179487179488,1.0,0.0512820512820512,1.0,1.0,0.0130159289601731,0.9743589743589745,0.5,0.0159608782554521
"Previous model, patient analysis",rhythm,STACH,2-lead,quality_flag,burst_noise:absent,2158,1872,81,78,0.91241890639481,0.08758109360519,0.0,0.08758109360519,0.91241890639481,0.0035551041137633,0,0,1969,7,,0.0035551041137633,0.0,1.0,0.0,0.9446316803081368,0.9135802469135802,0.0553683196918632,0.9775495283439434,0.571149798256569,0.0218621768917974,0.9875651610525628,0.7958550465058867,0.0164397761635577
"Previous model, patient analysis",rhythm,STACH,2-lead,quality_flag,electrodes_problems:absent,2195,1901,82,79,0.912984054669704,0.0870159453302961,0.0,0.0870159453302961,0.912984054669704,0.0034930139720558,0,0,2004,7,,0.0034930139720558,0.0,1.0,0.0,0.9451017510648368,0.9146341463414634,0.0548982489351632,0.9778664019484492,0.5723134393974619,0.0216693842683675,0.9874932185195018,0.7927682302350721,0.0164531864569863
"Previous model, patient analysis",rhythm,STACH,2-lead,quality_flag,extra_beats:present,198,184,10,10,0.8434343434343434,0.1565656565656565,0.0,0.1565656565656565,0.8434343434343434,0.0059880239520958,0,0,167,1,,0.0059880239520958,0.0,1.0,0.0,0.8829787234042553,0.9,0.1170212765957446,0.9095744680851064,0.241100229106226,0.0509577049497529,0.9420212765957447,0.3187111801242236,0.0486913911008979
"Previous model, patient analysis",rhythm,STACH,2-lead,quality_flag,extra_beats:absent,2000,1757,72,70,0.9195,0.0805,0.0,0.0805,0.9195,0.0032626427406199,0,0,1839,6,,0.0032626427406199,0.0,1.0,0.0,0.950726141078838,0.9166666666666666,0.0492738589211618,0.9822210696173352,0.6217478005899301,0.0188047946554274,0.9906062701705854,0.8548870646118277,0.0132372883265989
"Previous model, patient analysis",rhythm,STACH,2-lead,quality_flag,pacemaker:present,29,26,0,0,0.9655172413793104,0.0344827586206896,0.0,0.0344827586206896,0.9655172413793104,0.0,0,0,28,0,,0.0,,1.0,,0.9655172413793104,,0.0344827586206896,,,0.0077287306498099,,,0.0011754541823226
"Previous model, patient analysis",rhythm,STACH,2-lead,quality_flag,pacemaker:absent,2169,1883,82,79,0.9119409866297832,0.0880590133702167,0.0,0.0880590133702167,0.9119409866297832,0.0035389282103134,0,0,1978,7,,0.0035389282103134,0.0,1.0,0.0,0.9444178246286536,0.9146341463414634,0.0555821753713464,0.977719214183038,0.573050958317094,0.0218880044730573,0.9874250587259106,0.7930800971358383,0.01663503177496
"Previous model, patient analysis",rhythm,STACH,2-lead,quality,any_flag,679,618,25,25,0.8910162002945509,0.1089837997054491,0.0,0.1089837997054491,0.8910162002945509,0.0033057851239669,0,0,605,2,,0.0033057851239669,0.0,1.0,0.0,0.9220183486238532,0.92,0.0779816513761468,0.9625076452599388,0.4345368772595934,0.0277978810783245,0.982446483180428,0.7009868195496343,0.0222244558177461
"Previous model, patient analysis",rhythm,STACH,2-lead,quality,no_flags,1519,1382,57,56,0.9223173140223832,0.0776826859776168,0.0,0.0776826859776168,0.9223173140223832,0.0035688793718772,0,0,1401,5,,0.0035688793718772,0.0,1.0,0.0,0.9548563611491108,0.912280701754386,0.0451436388508891,0.9831641346869224,0.6409716257803377,0.0189759405126553,0.9900400796793626,0.8496991991162709,0.0138413868274694
"Previous model, patient analysis",rhythm,AFIB-or-AFLT,2-lead,overall,all,2198,1904,157,134,0.0,1.0,0.0,1.0,0.0,,0,0,0,0,,,,,0.0,0.0,1.0,1.0,0.9582320393712336,0.6689528618433161,0.0380569776459879,0.9698099782484544,0.7619101084435139,0.0312818746848304
"Previous model, patient analysis",rhythm,AFIB-or-AFLT,2-lead,sex,0,1132,969,85,69,0.0,1.0,0.0,1.0,0.0,,0,0,0,0,,,,,0.0,0.0,1.0,1.0,0.9599190965784594,0.7198881224037668,0.0380832975772503,0.972245631777066,0.7700492850148704,0.0323349166419462
"Previous model, patient analysis",rhythm,AFIB-or-AFLT,2-lead,sex,1,1066,935,72,65,0.0,1.0,0.0,1.0,0.0,,0,0,0,0,,,,,0.0,0.0,1.0,1.0,0.9577185334227588,0.6266461382052133,0.0380290281505009,0.9677788955957972,0.7510413204661867,0.0301636350080434
"Previous model, patient analysis",rhythm,AFIB-or-AFLT,2-lead,age_band,40-64,866,755,29,26,0.0,1.0,0.0,1.0,0.0,,0,0,0,0,,,,,0.0,0.0,1.0,1.0,0.9624273884563096,0.6841445206514687,0.0163941432219541,0.9654348453013636,0.8424422268597004,0.0106905043970652
"Previous model, patient analysis",rhythm,AFIB-or-AFLT,2-lead,age_band,<40,284,266,1,1,0.0,1.0,0.0,1.0,0.0,,0,0,0,0,,,,,0.0,0.0,1.0,1.0,0.9469964664310954,0.0625,0.0063085808642371,0.96113074204947,0.0833333333333333,0.0044877659752469
"Previous model, patient analysis",rhythm,AFIB-or-AFLT,2-lead,age_band,65-79,708,615,56,49,0.0,1.0,0.0,1.0,0.0,,0,0,0,0,,,,,0.0,0.0,1.0,1.0,0.9542342243645924,0.6794181775010035,0.0379499079491942,0.964751314636284,0.7072068160571974,0.0370088666557343
"Previous model, patient analysis",rhythm,AFIB-or-AFLT,2-lead,age_band,80+,340,274,71,58,0.0,1.0,0.0,1.0,0.0,,0,0,0,0,,,,,0.0,0.0,1.0,1.0,0.8824022200115189,0.666378761171925,0.1199756971829302,0.9295774647887324,0.7776389566089107,0.0941846488828495
"Previous model, patient analysis",rhythm,AFIB-or-AFLT,2-lead,quality_flag,baseline_drift:present,236,231,14,14,0.0,1.0,0.0,1.0,0.0,,0,0,0,0,,,,,0.0,0.0,1.0,1.0,0.958172458172458,0.7414290516844696,0.0334397154131096,0.9691119691119692,0.7154803763610706,0.0341720518558736
"Previous model, patient analysis",rhythm,AFIB-or-AFLT,2-lead,quality_flag,baseline_drift:absent,1962,1727,143,124,0.0,1.0,0.0,1.0,0.0,,0,0,0,0,,,,,0.0,0.0,1.0,1.0,0.9590453526682226,0.6676779519980649,0.0386123669869457,0.9701057601002626,0.7713918736909974,0.0309342285011576
"Previous model, patient analysis",rhythm,AFIB-or-AFLT,2-lead,quality_flag,static_noise:present,316,292,28,26,0.0,1.0,0.0,1.0,0.0,,0,0,0,0,,,,,0.0,0.0,1.0,1.0,0.9456845238095238,0.7176766281799911,0.0461063131814431,0.9508928571428572,0.7848853989442262,0.0400736295763374
"Previous model, patient analysis",rhythm,AFIB-or-AFLT,2-lead,quality_flag,static_noise:absent,1882,1668,129,114,0.0,1.0,0.0,1.0,0.0,,0,0,0,0,,,,,0.0,0.0,1.0,1.0,0.9607583013836746,0.6628320794024106,0.0367054420300453,0.974002485219137,0.758309177421864,0.029805682046299
"Previous model, patient analysis",rhythm,AFIB-or-AFLT,2-lead,quality_flag,burst_noise:present,40,40,4,4,0.0,1.0,0.0,1.0,0.0,,0,0,0,0,,,,,0.0,0.0,1.0,1.0,1.0,1.0,0.0175667514034161,1.0,1.0,0.0005784342786265
"Previous model, patient analysis",rhythm,AFIB-or-AFLT,2-lead,quality_flag,burst_noise:absent,2158,1872,153,131,0.0,1.0,0.0,1.0,0.0,,0,0,0,0,,,,,0.0,0.0,1.0,1.0,0.9572832624321548,0.6612201123733291,0.038436777947055,0.968800221668052,0.752499861381145,0.0318509838675219
"Previous model, patient analysis",rhythm,AFIB-or-AFLT,2-lead,quality_flag,electrodes_problems:absent,2195,1901,157,134,0.0,1.0,0.0,1.0,0.0,,0,0,0,0,,,,,0.0,0.0,1.0,1.0,0.958723739397311,0.6750492981749961,0.0377121132181824,0.9700499428064232,0.7638118495979553,0.0311012288641526
"Previous model, patient analysis",rhythm,AFIB-or-AFLT,2-lead,quality_flag,extra_beats:present,198,184,35,32,0.0,1.0,0.0,1.0,0.0,,0,0,0,0,,,,,0.0,0.0,1.0,1.0,0.9319894829097284,0.701673286584114,0.0810033434610836,0.9190184049079754,0.7129942844043856,0.0961196586712898
"Previous model, patient analysis",rhythm,AFIB-or-AFLT,2-lead,quality_flag,extra_beats:absent,2000,1757,122,107,0.0,1.0,0.0,1.0,0.0,,0,0,0,0,,,,,0.0,0.0,1.0,1.0,0.9592433527121632,0.6621424315600511,0.0338052874302934,0.9729263779046422,0.7824766244914662,0.024862934070171
"Previous model, patient analysis",rhythm,AFIB-or-AFLT,2-lead,quality_flag,pacemaker:present,29,26,0,0,0.0,1.0,0.0,1.0,0.0,,0,0,0,0,,,,,,0.0,,1.0,,,0.0766981639718277,,,0.0540254586845876
"Previous model, patient analysis",rhythm,AFIB-or-AFLT,2-lead,quality_flag,pacemaker:absent,2169,1883,157,134,0.0,1.0,0.0,1.0,0.0,,0,0,0,0,,,,,0.0,0.0,1.0,1.0,0.9599441567157564,0.6799881079681315,0.0375403366116636,0.9706252928290132,0.7689859903642225,0.0309777880384529
"Previous model, patient analysis",rhythm,AFIB-or-AFLT,2-lead,quality,any_flag,679,618,66,60,0.0,1.0,0.0,1.0,0.0,,0,0,0,0,,,,,0.0,0.0,1.0,1.0,0.9438924316575216,0.6719629924532231,0.050441346693516,0.9561767759157644,0.7556090514279643,0.0463813254997478
"Previous model, patient analysis",rhythm,AFIB-or-AFLT,2-lead,quality,no_flags,1519,1382,91,84,0.0,1.0,0.0,1.0,0.0,,0,0,0,0,,,,,0.0,0.0,1.0,1.0,0.9646012251054268,0.6712647519148645,0.0325211076109177,0.9770600547911472,0.7775350347237561,0.0245323505878397
Fixed I+II,superclass,NORM,2-lead,overall,all,2198,1904,963,882,0.0,1.0,0.0,1.0,0.0,,0,0,0,0,,,,,0.0,0.0,1.0,1.0,0.9112246227838948,0.870473363190746,0.1190403068864892,0.923176981514414,0.8861760785557906,0.1122967455429008
Fixed I+II,superclass,NORM,2-lead,sex,0,1132,969,516,465,0.0,1.0,0.0,1.0,0.0,,0,0,0,0,,,,,0.0,0.0,1.0,1.0,0.9153107067351252,0.879547762841119,0.1154404062992675,0.9295655894493104,0.8986649261353657,0.1058672147027537
Fixed I+II,superclass,NORM,2-lead,sex,1,1066,935,447,417,0.0,1.0,0.0,1.0,0.0,,0,0,0,0,,,,,0.0,0.0,1.0,1.0,0.9068642864112936,0.8603095930687819,0.1228630906245144,0.915975467395272,0.8727659980787889,0.1191243524012934
Fixed I+II,superclass,NORM,2-lead,age_band,40-64,866,755,488,440,0.0,1.0,0.0,1.0,0.0,,0,0,0,0,,,,,0.0,0.0,1.0,1.0,0.870267369242779,0.879448184363518,0.1432449509935317,0.8917349726775956,0.9059570613045632,0.1343452656174828
Fixed I+II,superclass,NORM,2-lead,age_band,<40,284,266,236,224,0.0,1.0,0.0,1.0,0.0,,0,0,0,0,,,,,0.0,0.0,1.0,1.0,0.7944915254237289,0.9395788821615352,0.1235558590575016,0.796433615819209,0.9468567167274224,0.13083913131406
Fixed I+II,superclass,NORM,2-lead,age_band,65-79,708,615,218,201,0.0,1.0,0.0,1.0,0.0,,0,0,0,0,,,,,0.0,0.0,1.0,1.0,0.9216064407414342,0.8209314512742605,0.1057094766895797,0.9333270923048118,0.8142630686641743,0.0977887577316869
Fixed I+II,superclass,NORM,2-lead,age_band,80+,340,274,21,19,0.0,1.0,0.0,1.0,0.0,,0,0,0,0,,,,,0.0,0.0,1.0,1.0,0.8672936259143156,0.3574329263114416,0.0813773338457408,0.883266159128228,0.3221301233716741,0.0708602732686134
Fixed I+II,superclass,NORM,2-lead,quality_flag,baseline_drift:present,236,231,115,113,0.0,1.0,0.0,1.0,0.0,,0,0,0,0,,,,,0.0,0.0,1.0,1.0,0.8993891484010061,0.8878438663847549,0.1349365481231652,0.9119655048508803,0.9069241033604954,0.1240485171853906
Fixed I+II,superclass,NORM,2-lead,quality_flag,baseline_drift:absent,1962,1727,848,789,0.0,1.0,0.0,1.0,0.0,,0,0,0,0,,,,,0.0,0.0,1.0,1.0,0.9129200399715456,0.8685656607102561,0.117128220784626,0.9244880762846788,0.8839153141161532,0.1108831787194413
Fixed I+II,superclass,NORM,2-lead,quality_flag,static_noise:present,316,292,125,114,0.0,1.0,0.0,1.0,0.0,,0,0,0,0,,,,,0.0,0.0,1.0,1.0,0.8837696335078534,0.8374812751975176,0.1435667164445458,0.9000209424083769,0.8322830727048126,0.133804489742087
Fixed I+II,superclass,NORM,2-lead,quality_flag,static_noise:absent,1882,1668,838,784,0.0,1.0,0.0,1.0,0.0,,0,0,0,0,,,,,0.0,0.0,1.0,1.0,0.916098583564224,0.8759832141310071,0.1149221637300886,0.9278671622820251,0.8962769278305661,0.1086854558686485
Fixed I+II,superclass,NORM,2-lead,quality_flag,burst_noise:present,40,40,17,17,0.0,1.0,0.0,1.0,0.0,,0,0,0,0,,,,,0.0,0.0,1.0,1.0,0.948849104859335,0.938055197397758,0.0946708745528893,0.946291560102302,0.9261818343133222,0.1056330765335237
Fixed I+II,superclass,NORM,2-lead,quality_flag,burst_noise:absent,2158,1872,946,868,0.0,1.0,0.0,1.0,0.0,,0,0,0,0,,,,,0.0,0.0,1.0,1.0,0.910526517768056,0.8693756990327577,0.1194920109149155,0.9228198982688968,0.8857129469250409,0.1124202611871896
Fixed I+II,superclass,NORM,2-lead,quality_flag,electrodes_problems:absent,2195,1901,963,882,0.0,1.0,0.0,1.0,0.0,,0,0,0,0,,,,,0.0,0.0,1.0,1.0,0.9110092918504136,0.8704737177101592,0.1192025810559131,0.9229924410999176,0.8861772442448176,0.1124486469996104
Fixed I+II,superclass,NORM,2-lead,quality_flag,extra_beats:present,198,184,45,43,0.0,1.0,0.0,1.0,0.0,,0,0,0,0,,,,,0.0,0.0,1.0,1.0,0.934640522875817,0.7865211485326868,0.0882442268509052,0.9374001452432824,0.7872161805267454,0.08474724793933
Fixed I+II,superclass,NORM,2-lead,quality_flag,extra_beats:absent,2000,1757,918,848,0.0,1.0,0.0,1.0,0.0,,0,0,0,0,,,,,0.0,0.0,1.0,1.0,0.9070892682396434,0.8743306742548813,0.122089118810012,0.919809801102614,0.8896577464737372,0.1150241458056543
Fixed I+II,superclass,NORM,2-lead,quality_flag,pacemaker:present,29,26,2,2,0.0,1.0,0.0,1.0,0.0,,0,0,0,0,,,,,0.0,0.0,1.0,1.0,0.962962962962963,0.75,0.0309655175507408,0.962962962962963,0.75,0.0302138479313084
Fixed I+II,superclass,NORM,2-lead,quality_flag,pacemaker:absent,2169,1883,961,881,0.0,1.0,0.0,1.0,0.0,,0,0,0,0,,,,,0.0,0.0,1.0,1.0,0.909569226316406,0.87058418518019,0.1202178859048094,0.9217753995217456,0.886260642688826,0.1133942116704878
Fixed I+II,superclass,NORM,2-lead,quality,any_flag,679,618,259,240,0.0,1.0,0.0,1.0,0.0,,0,0,0,0,,,,,0.0,0.0,1.0,1.0,0.9131182202610776,0.8564385649777033,0.1188681611415731,0.9200680272108844,0.8562205689497717,0.1143504336773082
Fixed I+II,superclass,NORM,2-lead,quality,no_flags,1519,1382,704,673,0.0,1.0,0.0,1.0,0.0,,0,0,0,0,,,,,0.0,0.0,1.0,1.0,0.910042526491913,0.8751186255112411,0.119117256827765,0.92408149749024,0.8968993103597085,0.1113787374828201
Fixed I+II,superclass,MI,2-lead,overall,all,2198,1904,550,476,0.0,1.0,0.0,1.0,0.0,,0,0,0,0,,,,,0.0,0.0,1.0,1.0,0.8408539276257723,0.6695129831407619,0.1293431469062005,0.8837047661076789,0.7473407620919253,0.1120696061830364
Fixed I+II,superclass,MI,2-lead,sex,0,1132,969,297,250,0.0,1.0,0.0,1.0,0.0,,0,0,0,0,,,,,0.0,0.0,1.0,1.0,0.8528518720135486,0.7008809591018086,0.1283614236020366,0.8987681203250065,0.784174825432963,0.107261587004337
Fixed I+II,superclass,MI,2-lead,sex,1,1066,935,253,226,0.0,1.0,0.0,1.0,0.0,,0,0,0,0,,,,,0.0,0.0,1.0,1.0,0.8272002878131549,0.6323468419714551,0.1303856523286334,0.8663273193996762,0.7060615126630594,0.1171753075998165
Fixed I+II,superclass,MI,2-lead,age_band,40-64,866,755,164,142,0.0,1.0,0.0,1.0,0.0,,0,0,0,0,,,,,0.0,0.0,1.0,1.0,0.8307188520603155,0.6046758979297614,0.1084969558578891,0.8661055520811618,0.671449747664431,0.1013516672577206
Fixed I+II,superclass,MI,2-lead,age_band,<40,284,266,7,7,0.0,1.0,0.0,1.0,0.0,,0,0,0,0,,,,,0.0,0.0,1.0,1.0,0.7142857142857143,0.1495149450588607,0.0298514133662038,0.9195461578133058,0.2124655189397732,0.0247955163884857
Fixed I+II,superclass,MI,2-lead,age_band,65-79,708,615,228,201,0.0,1.0,0.0,1.0,0.0,,0,0,0,0,,,,,0.0,0.0,1.0,1.0,0.8198373538011696,0.7184139527511078,0.1548642877361637,0.8650402046783625,0.7687054941513075,0.1356449552307738
Fixed I+II,superclass,MI,2-lead,age_band,80+,340,274,151,126,0.0,1.0,0.0,1.0,0.0,,0,0,0,0,,,,,0.0,0.0,1.0,1.0,0.7289323382038614,0.7073310894776949,0.2124004588637968,0.8362591541399489,0.8125499563777933,0.1631761634923826
Fixed I+II,superclass,MI,2-lead,quality_flag,baseline_drift:present,236,231,59,57,0.0,1.0,0.0,1.0,0.0,,0,0,0,0,,,,,0.0,0.0,1.0,1.0,0.8150914488173896,0.6513984058233422,0.137127884644975,0.865364358900699,0.7214847942057484,0.1234283145273525
Fixed I+II,superclass,MI,2-lead,quality_flag,baseline_drift:absent,1962,1727,491,433,0.0,1.0,0.0,1.0,0.0,,0,0,0,0,,,,,0.0,0.0,1.0,1.0,0.8438099246671217,0.670850507865966,0.1284067564340543,0.8860093511902207,0.7508354946920088,0.1107033191446782
Fixed I+II,superclass,MI,2-lead,quality_flag,static_noise:present,316,292,88,85,0.0,1.0,0.0,1.0,0.0,,0,0,0,0,,,,,0.0,0.0,1.0,1.0,0.786084529505582,0.6140306618552963,0.1592276553877246,0.8407097288676237,0.6936753110098309,0.1410374722871158
Fixed I+II,superclass,MI,2-lead,quality_flag,static_noise:absent,1882,1668,462,407,0.0,1.0,0.0,1.0,0.0,,0,0,0,0,,,,,0.0,0.0,1.0,1.0,0.8510395707578806,0.6806804544683497,0.1243253442068585,0.8915310042070606,0.7579740788063721,0.1072057136809699
Fixed I+II,superclass,MI,2-lead,quality_flag,burst_noise:present,40,40,10,10,0.0,1.0,0.0,1.0,0.0,,0,0,0,0,,,,,0.0,0.0,1.0,1.0,0.8433333333333333,0.6267983224504964,0.1304070945170991,0.8266666666666667,0.5376690466396349,0.1635300867654778
Fixed I+II,superclass,MI,2-lead,quality_flag,burst_noise:absent,2158,1872,540,467,0.0,1.0,0.0,1.0,0.0,,0,0,0,0,,,,,0.0,0.0,1.0,1.0,0.8407052602664469,0.6711576048572259,0.129323425912486,0.8847079155793619,0.7546870371588585,0.1111157511212673
Fixed I+II,superclass,MI,2-lead,quality_flag,electrodes_problems:absent,2195,1901,550,476,0.0,1.0,0.0,1.0,0.0,,0,0,0,0,,,,,0.0,0.0,1.0,1.0,0.8406587455098095,0.6695447726315769,0.1295131205107199,0.8837015750207239,0.7474616309237689,0.1121972935051671
Fixed I+II,superclass,MI,2-lead,quality_flag,extra_beats:present,198,184,72,67,0.0,1.0,0.0,1.0,0.0,,0,0,0,0,,,,,0.0,0.0,1.0,1.0,0.7841710758377425,0.7170413502740217,0.1753027247495282,0.8529541446208113,0.7738138761158401,0.1489762279274553
Fixed I+II,superclass,MI,2-lead,quality_flag,extra_beats:absent,2000,1757,478,419,0.0,1.0,0.0,1.0,0.0,,0,0,0,0,,,,,0.0,0.0,1.0,1.0,0.8453394839426212,0.6626129215628517,0.124793148699711,0.8851681612500618,0.7431738897126529,0.1084158506303389
Fixed I+II,superclass,MI,2-lead,quality_flag,pacemaker:present,29,26,0,0,0.0,1.0,0.0,1.0,0.0,,0,0,0,0,,,,,,0.0,,1.0,,,0.1195579955254873,,,0.1431541449290312
Fixed I+II,superclass,MI,2-lead,quality_flag,pacemaker:absent,2169,1883,550,476,0.0,1.0,0.0,1.0,0.0,,0,0,0,0,,,,,0.0,0.0,1.0,1.0,0.8428648436183953,0.6776511046085185,0.1294739765005023,0.8862058509742265,0.7564498819283041,0.1116539991643024
Fixed I+II,superclass,MI,2-lead,quality,any_flag,679,618,193,177,0.0,1.0,0.0,1.0,0.0,,0,0,0,0,,,,,0.0,0.0,1.0,1.0,0.8050811317938549,0.6566343311058138,0.1514664337271702,0.8607432994306915,0.7190011247078605,0.1325846744042202
Fixed I+II,superclass,MI,2-lead,quality,no_flags,1519,1382,357,321,0.0,1.0,0.0,1.0,0.0,,0,0,0,0,,,,,0.0,0.0,1.0,1.0,0.8572730296938053,0.6775917032751541,0.1194539357465965,0.8932657400309523,0.7627197443462029,0.1028992761486823
Fixed I+II,superclass,STTC,2-lead,overall,all,2198,1904,521,475,0.0,1.0,0.0,1.0,0.0,,0,0,0,0,,,,,0.0,0.0,1.0,1.0,0.8991481223325173,0.733598315746694,0.1062012038885334,0.9143658644618338,0.7722954755311621,0.0951047847519449
Fixed I+II,superclass,STTC,2-lead,sex,0,1132,969,229,206,0.0,1.0,0.0,1.0,0.0,,0,0,0,0,,,,,0.0,0.0,1.0,1.0,0.9162036298219908,0.7271312941734827,0.0898421849391557,0.9252467514882464,0.7626192523756322,0.0805432449619962
Fixed I+II,superclass,STTC,2-lead,sex,1,1066,935,292,269,0.0,1.0,0.0,1.0,0.0,,0,0,0,0,,,,,0.0,0.0,1.0,1.0,0.8811856217479028,0.7410052309203258,0.1235730701649832,0.9009504088350856,0.7810267553576106,0.1105678832906147
Fixed I+II,superclass,STTC,2-lead,age_band,40-64,866,755,151,139,0.0,1.0,0.0,1.0,0.0,,0,0,0,0,,,,,0.0,0.0,1.0,1.0,0.9173991571342563,0.7144836666837056,0.0810880519474405,0.9309683693789654,0.7525299607414985,0.073415253975755
Fixed I+II,superclass,STTC,2-lead,age_band,<40,284,266,20,19,0.0,1.0,0.0,1.0,0.0,,0,0,0,0,,,,,0.0,0.0,1.0,1.0,0.900189393939394,0.645047184952749,0.0402489619684326,0.8918560606060606,0.5124751829094198,0.0525997575732739
Fixed I+II,superclass,STTC,2-lead,age_band,65-79,708,615,207,192,0.0,1.0,0.0,1.0,0.0,,0,0,0,0,,,,,0.0,0.0,1.0,1.0,0.8751868244187951,0.735150024047844,0.1299023834213567,0.9023691746940902,0.7953285736788318,0.1093163293276301
Fixed I+II,superclass,STTC,2-lead,age_band,80+,340,274,143,125,0.0,1.0,0.0,1.0,0.0,,0,0,0,0,,,,,0.0,0.0,1.0,1.0,0.8163714458130702,0.7744854171683795,0.1759011779386987,0.8513364807781051,0.8053415363897062,0.1562600430205859
Fixed I+II,superclass,STTC,2-lead,quality_flag,baseline_drift:present,236,231,48,48,0.0,1.0,0.0,1.0,0.0,,0,0,0,0,,,,,0.0,0.0,1.0,1.0,0.8812056737588652,0.6664646107383367,0.1078574178661043,0.8956117021276596,0.7355329996819774,0.1005698460505066
Fixed I+II,superclass,STTC,2-lead,quality_flag,baseline_drift:absent,1962,1727,473,432,0.0,1.0,0.0,1.0,0.0,,0,0,0,0,,,,,0.0,0.0,1.0,1.0,0.901471964242358,0.7417251237917198,0.1060019854896003,0.9168930153046227,0.7785505160441895,0.0944474175417204
Fixed I+II,superclass,STTC,2-lead,quality_flag,static_noise:present,316,292,68,65,0.0,1.0,0.0,1.0,0.0,,0,0,0,0,,,,,0.0,0.0,1.0,1.0,0.8764824478178368,0.6927878687666321,0.1106071585892024,0.8898244781783681,0.7309558645456669,0.0998485995795147
Fixed I+II,superclass,STTC,2-lead,quality_flag,static_noise:absent,1882,1668,453,420,0.0,1.0,0.0,1.0,0.0,,0,0,0,0,,,,,0.0,0.0,1.0,1.0,0.9024557533402232,0.7397400839363589,0.1054614155328419,0.91752518394592,0.7782876965075115,0.0943082674907802
Fixed I+II,superclass,STTC,2-lead,quality_flag,burst_noise:present,40,40,11,11,0.0,1.0,0.0,1.0,0.0,,0,0,0,0,,,,,0.0,0.0,1.0,1.0,0.8557993730407524,0.5926318185676475,0.1416081040756804,0.8620689655172414,0.6651815575728619,0.1478425234073551
Fixed I+II,superclass,STTC,2-lead,quality_flag,burst_noise:absent,2158,1872,510,464,0.0,1.0,0.0,1.0,0.0,,0,0,0,0,,,,,0.0,0.0,1.0,1.0,0.8996799447934514,0.7377964332281749,0.1055449128748699,0.9152305825242716,0.7753053199401444,0.0941272548417427
Fixed I+II,superclass,STTC,2-lead,quality_flag,electrodes_problems:absent,2195,1901,520,474,0.0,1.0,0.0,1.0,0.0,,0,0,0,0,,,,,0.0,0.0,1.0,1.0,0.8988886337543054,0.7329831734533047,0.1063256286837886,0.9142055109070036,0.7719106334671428,0.0952065827528069
Fixed I+II,superclass,STTC,2-lead,quality_flag,extra_beats:present,198,184,64,60,0.0,1.0,0.0,1.0,0.0,,0,0,0,0,,,,,0.0,0.0,1.0,1.0,0.829990671641791,0.6722505021171696,0.157990319109207,0.8671875,0.7342829257114432,0.1389041059397029
Fixed I+II,superclass,STTC,2-lead,quality_flag,extra_beats:absent,2000,1757,457,422,0.0,1.0,0.0,1.0,0.0,,0,0,0,0,,,,,0.0,0.0,1.0,1.0,0.9053082247632068,0.7442663888558725,0.1010740814816867,0.9186911739471404,0.7808956387779596,0.0907686519543569
Fixed I+II,superclass,STTC,2-lead,quality_flag,pacemaker:present,29,26,0,0,0.0,1.0,0.0,1.0,0.0,,0,0,0,0,,,,,,0.0,,1.0,,,0.0314117704452876,,,0.042473705110085
Fixed I+II,superclass,STTC,2-lead,quality_flag,pacemaker:absent,2169,1883,521,475,0.0,1.0,0.0,1.0,0.0,,0,0,0,0,,,,,0.0,0.0,1.0,1.0,0.898611473454708,0.734737127073908,0.1072011548197709,0.9142099770791794,0.7740911038806917,0.0958084736913705
Fixed I+II,superclass,STTC,2-lead,quality,any_flag,679,618,155,147,0.0,1.0,0.0,1.0,0.0,,0,0,0,0,,,,,0.0,0.0,1.0,1.0,0.8799187392267914,0.6711646368939651,0.1152065490513174,0.8949766067471067,0.7211193163376265,0.1050139385766182
Fixed I+II,superclass,STTC,2-lead,quality,no_flags,1519,1382,366,344,0.0,1.0,0.0,1.0,0.0,,0,0,0,0,,,,,0.0,0.0,1.0,1.0,0.9081014601964938,0.7627659347747954,0.1021757731014825,0.9229238053260914,0.7962927430921514,0.0906753473280126
Fixed I+II,superclass,CD,2-lead,overall,all,2198,1904,496,439,0.0,1.0,0.0,1.0,0.0,,0,0,0,0,,,,,0.0,0.0,1.0,1.0,0.8496135950115614,0.7192208894661738,0.1068224387446789,0.8812888537204806,0.7590563963707647,0.1010909126515119
Fixed I+II,superclass,CD,2-lead,sex,0,1132,969,266,235,0.0,1.0,0.0,1.0,0.0,,0,0,0,0,,,,,0.0,0.0,1.0,1.0,0.8644011877268228,0.7425423392796058,0.1059371711213276,0.8853209814374272,0.7752016186099289,0.1018303237788227
Fixed I+II,superclass,CD,2-lead,sex,1,1066,935,230,204,0.0,1.0,0.0,1.0,0.0,,0,0,0,0,,,,,0.0,0.0,1.0,1.0,0.8331963802787601,0.6936157558115426,0.1077625165585942,0.8770438943207821,0.7408006372125476,0.1003057218484013
Fixed I+II,superclass,CD,2-lead,age_band,40-64,866,755,140,128,0.0,1.0,0.0,1.0,0.0,,0,0,0,0,,,,,0.0,0.0,1.0,1.0,0.8132428177882723,0.6169611584428178,0.0938497497981146,0.8637937819756002,0.6670043707736991,0.088986800141718
Fixed I+II,superclass,CD,2-lead,age_band,<40,284,266,37,35,0.0,1.0,0.0,1.0,0.0,,0,0,0,0,,,,,0.0,0.0,1.0,1.0,0.8131086552139184,0.5202241049444898,0.0865470343565053,0.8114673377831274,0.4419114205391531,0.0930414796279532
Fixed I+II,superclass,CD,2-lead,age_band,65-79,708,615,184,164,0.0,1.0,0.0,1.0,0.0,,0,0,0,0,,,,,0.0,0.0,1.0,1.0,0.8518295718552936,0.7500795963852125,0.1132745819197557,0.8961998008629273,0.8217840180052363,0.0979363050039258
Fixed I+II,superclass,CD,2-lead,age_band,80+,340,274,135,114,0.0,1.0,0.0,1.0,0.0,,0,0,0,0,,,,,0.0,0.0,1.0,1.0,0.8595483288166214,0.8134379935064363,0.1433649272917719,0.8644986449864498,0.8230970940463257,0.1452134497887563
Fixed I+II,superclass,CD,2-lead,quality_flag,baseline_drift:present,236,231,48,48,0.0,1.0,0.0,1.0,0.0,,0,0,0,0,,,,,0.0,0.0,1.0,1.0,0.8270168439716312,0.5957787177550063,0.1196658575828995,0.8457446808510638,0.6687424627078874,0.1120280005691034
Fixed I+II,superclass,CD,2-lead,quality_flag,baseline_drift:absent,1962,1727,448,399,0.0,1.0,0.0,1.0,0.0,,0,0,0,0,,,,,0.0,0.0,1.0,1.0,0.8516450627476883,0.7314084458033286,0.105277562676473,0.8850387455180223,0.769064826824509,0.0997753404045437
Fixed I+II,superclass,CD,2-lead,quality_flag,static_noise:present,316,292,75,72,0.0,1.0,0.0,1.0,0.0,,0,0,0,0,,,,,0.0,0.0,1.0,1.0,0.8507330567081605,0.7168066359031794,0.115115212986152,0.8585892116182573,0.7549813028690574,0.1070470646799342
Fixed I+II,superclass,CD,2-lead,quality_flag,static_noise:absent,1882,1668,421,376,0.0,1.0,0.0,1.0,0.0,,0,0,0,0,,,,,0.0,0.0,1.0,1.0,0.8495889159313977,0.7209799100621842,0.105430028191913,0.8852671436770116,0.7607256960984943,0.1000908361153899
Fixed I+II,superclass,CD,2-lead,quality_flag,burst_noise:present,40,40,9,9,0.0,1.0,0.0,1.0,0.0,,0,0,0,0,,,,,0.0,0.0,1.0,1.0,0.7311827956989246,0.4048096964763631,0.1774805461074194,0.7921146953405018,0.6262369060980172,0.1397135521235105
Fixed I+II,superclass,CD,2-lead,quality_flag,burst_noise:absent,2158,1872,487,431,0.0,1.0,0.0,1.0,0.0,,0,0,0,0,,,,,0.0,0.0,1.0,1.0,0.8516276572083015,0.7257964734728319,0.105512742593377,0.8830957375300603,0.7620330744855939,0.1003750157196861
Fixed I+II,superclass,CD,2-lead,quality_flag,electrodes_problems:absent,2195,1901,495,438,0.0,1.0,0.0,1.0,0.0,,0,0,0,0,,,,,0.0,0.0,1.0,1.0,0.84949376114082,0.7185765991839936,0.1068016765886679,0.8813749257278669,0.7594812850692154,0.1008962937501514
Fixed I+II,superclass,CD,2-lead,quality_flag,extra_beats:present,198,184,69,64,0.0,1.0,0.0,1.0,0.0,,0,0,0,0,,,,,0.0,0.0,1.0,1.0,0.8526008313672621,0.7842893599760086,0.1437068225985144,0.8364228738344006,0.7795534744764362,0.1508827329778926
Fixed I+II,superclass,CD,2-lead,quality_flag,extra_beats:absent,2000,1757,427,386,0.0,1.0,0.0,1.0,0.0,,0,0,0,0,,,,,0.0,0.0,1.0,1.0,0.846079404946767,0.7087719264790405,0.1031708847431492,0.883451868548739,0.7555913849460644,0.0961615224392002
Fixed I+II,superclass,CD,2-lead,quality_flag,pacemaker:present,29,26,0,0,0.0,1.0,0.0,1.0,0.0,,0,0,0,0,,,,,,0.0,,1.0,,,0.3869753960528564,,,0.3439441764591136
Fixed I+II,superclass,CD,2-lead,quality_flag,pacemaker:absent,2169,1883,496,439,0.0,1.0,0.0,1.0,0.0,,0,0,0,0,,,,,0.0,0.0,1.0,1.0,0.8559389641941269,0.7506396136259145,0.1030767329992031,0.8864062530127451,0.7778110316824178,0.0978439118905988
Fixed I+II,superclass,CD,2-lead,quality,any_flag,679,618,164,152,0.0,1.0,0.0,1.0,0.0,,0,0,0,0,,,,,0.0,0.0,1.0,1.0,0.8288894151077434,0.6531147616154356,0.130063512454717,0.8423869287236561,0.7096815643713843,0.1236542745653803
Fixed I+II,superclass,CD,2-lead,quality,no_flags,1519,1382,332,304,0.0,1.0,0.0,1.0,0.0,,0,0,0,0,,,,,0.0,0.0,1.0,1.0,0.8578983160950457,0.7612652678556145,0.0964335716945697,0.8988439013002305,0.7888773583449228,0.0910049858973863
Fixed I+II,superclass,HYP,2-lead,overall,all,2198,1904,262,249,0.0,1.0,0.0,1.0,0.0,,0,0,0,0,,,,,0.0,0.0,1.0,1.0,0.8355762254747334,0.4911300038294202,0.0811879462336765,0.874516986310012,0.5859710686197047,0.0722346894812561
Fixed I+II,superclass,HYP,2-lead,sex,0,1132,969,135,130,0.0,1.0,0.0,1.0,0.0,,0,0,0,0,,,,,0.0,0.0,1.0,1.0,0.82792822913184,0.4434239329934005,0.0844335455730378,0.8827668189754448,0.590018516427795,0.0714847982362659
Fixed I+II,superclass,HYP,2-lead,sex,1,1066,935,127,119,0.0,1.0,0.0,1.0,0.0,,0,0,0,0,,,,,0.0,0.0,1.0,1.0,0.8469556321434262,0.5450459345072377,0.0777413998432855,0.8654038053550015,0.5868377900015076,0.0730310092648667
Fixed I+II,superclass,HYP,2-lead,age_band,40-64,866,755,68,67,0.0,1.0,0.0,1.0,0.0,,0,0,0,0,,,,,0.0,0.0,1.0,1.0,0.8153840483561846,0.3568197126220397,0.0622516350883731,0.8622843874391861,0.4317846939531263,0.0576967161249492
Fixed I+II,superclass,HYP,2-lead,age_band,<40,284,266,10,10,0.0,1.0,0.0,1.0,0.0,,0,0,0,0,,,,,0.0,0.0,1.0,1.0,0.9014598540145984,0.4225329139321436,0.0285058620186287,0.9302919708029196,0.5867769812345086,0.0282432541780992
Fixed I+II,superclass,HYP,2-lead,age_band,65-79,708,615,124,117,0.0,1.0,0.0,1.0,0.0,,0,0,0,0,,,,,0.0,0.0,1.0,1.0,0.8373701944321698,0.5665847728207232,0.1075160282687332,0.8881186478126382,0.7011557936865034,0.0877925566005625
Fixed I+II,superclass,HYP,2-lead,age_band,80+,340,274,60,55,0.0,1.0,0.0,1.0,0.0,,0,0,0,0,,,,,0.0,0.0,1.0,1.0,0.7488690476190476,0.5223499830522376,0.1186005206104009,0.7796428571428571,0.550268611054376,0.1136125795759305
Fixed I+II,superclass,HYP,2-lead,quality_flag,baseline_drift:present,236,231,27,27,0.0,1.0,0.0,1.0,0.0,,0,0,0,0,,,,,0.0,0.0,1.0,1.0,0.8149920255183414,0.394768536228317,0.0885444098891517,0.9011164274322168,0.6135604626753863,0.0654991508254786
Fixed I+II,superclass,HYP,2-lead,quality_flag,baseline_drift:absent,1962,1727,235,224,0.0,1.0,0.0,1.0,0.0,,0,0,0,0,,,,,0.0,0.0,1.0,1.0,0.8384506400226688,0.5060209206869571,0.0803030708908161,0.8717392107824415,0.5833258887833441,0.0730448765978531
Fixed I+II,superclass,HYP,2-lead,quality_flag,static_noise:present,316,292,30,30,0.0,1.0,0.0,1.0,0.0,,0,0,0,0,,,,,0.0,0.0,1.0,1.0,0.8709790209790209,0.5590650699226699,0.0618172926769221,0.8934731934731935,0.5755276748174847,0.0593152384514872
Fixed I+II,superclass,HYP,2-lead,quality_flag,static_noise:absent,1882,1668,232,222,0.0,1.0,0.0,1.0,0.0,,0,0,0,0,,,,,0.0,0.0,1.0,1.0,0.8300287356321839,0.4834720461351925,0.0844404045354483,0.8713401253918496,0.5892783303494618,0.0744039490590494
Fixed I+II,superclass,HYP,2-lead,quality_flag,burst_noise:present,40,40,3,3,0.0,1.0,0.0,1.0,0.0,,0,0,0,0,,,,,0.0,0.0,1.0,1.0,0.8288288288288288,0.2791666666666667,0.0735067863333594,0.882882882882883,0.3035714285714285,0.0748980195352211
Fixed I+II,superclass,HYP,2-lead,quality_flag,burst_noise:absent,2158,1872,259,246,0.0,1.0,0.0,1.0,0.0,,0,0,0,0,,,,,0.0,0.0,1.0,1.0,0.8356725039189494,0.4957927412518753,0.0813303217647297,0.8746891780067136,0.5901827649865345,0.0721853228444819
Fixed I+II,superclass,HYP,2-lead,quality_flag,electrodes_problems:absent,2195,1901,262,249,0.0,1.0,0.0,1.0,0.0,,0,0,0,0,,,,,0.0,0.0,1.0,1.0,0.8358818116837728,0.4917620970496048,0.0812269235885537,0.8748000774021317,0.5864452333902396,0.0722745131971557
Fixed I+II,superclass,HYP,2-lead,quality_flag,extra_beats:present,198,184,31,30,0.0,1.0,0.0,1.0,0.0,,0,0,0,0,,,,,0.0,0.0,1.0,1.0,0.7989182924473633,0.407225128182857,0.1141778629171985,0.8557079389607881,0.6415192105811888,0.090545056093446
Fixed I+II,superclass,HYP,2-lead,quality_flag,extra_beats:absent,2000,1757,231,220,0.0,1.0,0.0,1.0,0.0,,0,0,0,0,,,,,0.0,0.0,1.0,1.0,0.8387354119406126,0.5064187918707868,0.0779219444820079,0.8762844466631917,0.5803829990553582,0.0704219631866493
Fixed I+II,superclass,HYP,2-lead,quality_flag,pacemaker:present,29,26,0,0,0.0,1.0,0.0,1.0,0.0,,0,0,0,0,,,,,,0.0,,1.0,,,0.017581072055697,,,0.0180823806823227
Fixed I+II,superclass,HYP,2-lead,quality_flag,pacemaker:absent,2169,1883,262,249,0.0,1.0,0.0,1.0,0.0,,0,0,0,0,,,,,0.0,0.0,1.0,1.0,0.835559629648903,0.4928243557312377,0.0820383839243918,0.8752666952209017,0.5879581612846624,0.0729587175841464
Fixed I+II,superclass,HYP,2-lead,quality,any_flag,679,618,77,75,0.0,1.0,0.0,1.0,0.0,,0,0,0,0,,,,,0.0,0.0,1.0,1.0,0.8290978124865168,0.4134467243212336,0.0835184121493832,0.8813478879924063,0.5661339045115412,0.0701507408250839
Fixed I+II,superclass,HYP,2-lead,quality,no_flags,1519,1382,185,178,0.0,1.0,0.0,1.0,0.0,,0,0,0,0,,,,,0.0,0.0,1.0,1.0,0.8391344868106487,0.5268193468372148,0.0801462172298814,0.8731310020665344,0.5925128847057076,0.0731662241340151
Fixed I+II,subcode,1AVB,2-lead,overall,all,2198,1904,79,69,0.0,1.0,0.0,1.0,0.0,,0,0,0,0,,,,,0.0,0.0,1.0,1.0,0.8192483915866691,0.146339905686387,0.0326294995280293,0.8025877981613013,0.1237488977008827,0.0330610200548485
Fixed I+II,subcode,1AVB,2-lead,sex,0,1132,969,39,35,0.0,1.0,0.0,1.0,0.0,,0,0,0,0,,,,,0.0,0.0,1.0,1.0,0.8250873859291059,0.1664976537623566,0.0310825265163721,0.7876932460647007,0.1498516348728424,0.0317104393486227
Fixed I+II,subcode,1AVB,2-lead,sex,1,1066,935,40,34,0.0,1.0,0.0,1.0,0.0,,0,0,0,0,,,,,0.0,0.0,1.0,1.0,0.8148635477582846,0.1519163974785049,0.0342722513565434,0.8200536062378168,0.1147346263911557,0.0344952202044242
Fixed I+II,subcode,1AVB,2-lead,age_band,40-64,866,755,9,8,0.0,1.0,0.0,1.0,0.0,,0,0,0,0,,,,,0.0,0.0,1.0,1.0,0.7614417217684428,0.0388015808564998,0.0108359907931513,0.7916504602618955,0.0357578516310664,0.0107132792431688
Fixed I+II,subcode,1AVB,2-lead,age_band,<40,284,266,0,0,0.0,1.0,0.0,1.0,0.0,,0,0,0,0,,,,,,0.0,,1.0,,,0.0006416226993114,,,0.0004678023379446
Fixed I+II,subcode,1AVB,2-lead,age_band,65-79,708,615,36,33,0.0,1.0,0.0,1.0,0.0,,0,0,0,0,,,,,0.0,0.0,1.0,1.0,0.7696759259259259,0.2090685289112217,0.045328963309347,0.7664930555555556,0.2231219363573056,0.04575557792841
Fixed I+II,subcode,1AVB,2-lead,age_band,80+,340,274,34,28,0.0,1.0,0.0,1.0,0.0,,0,0,0,0,,,,,0.0,0.0,1.0,1.0,0.6694540561322568,0.1894017631559275,0.0884133678415217,0.6060169165705498,0.130278776883886,0.0907724035843597
Fixed I+II,subcode,1AVB,2-lead,quality_flag,baseline_drift:present,236,231,10,10,0.0,1.0,0.0,1.0,0.0,,0,0,0,0,,,,,0.0,0.0,1.0,1.0,0.8513274336283185,0.3079274625532148,0.0368636165732383,0.7991150442477876,0.1642207209198572,0.0385861935041639
Fixed I+II,subcode,1AVB,2-lead,quality_flag,baseline_drift:absent,1962,1727,69,63,0.0,1.0,0.0,1.0,0.0,,0,0,0,0,,,,,0.0,0.0,1.0,1.0,0.8146489354371943,0.1352709481838591,0.0321201969680552,0.8032874740653972,0.1239087787543747,0.0323964222291409
Fixed I+II,subcode,1AVB,2-lead,quality_flag,static_noise:present,316,292,10,9,0.0,1.0,0.0,1.0,0.0,,0,0,0,0,,,,,0.0,0.0,1.0,1.0,0.8486928104575164,0.2387343147014449,0.0282941602788951,0.8258169934640524,0.2313582494698501,0.0286939376136617
Fixed I+II,subcode,1AVB,2-lead,quality_flag,static_noise:absent,1882,1668,69,60,0.0,1.0,0.0,1.0,0.0,,0,0,0,0,,,,,0.0,0.0,1.0,1.0,0.8160387539269527,0.1437767652473423,0.0333574310916459,0.7999232595505887,0.1148062582997569,0.0337942815061849
Fixed I+II,subcode,1AVB,2-lead,quality_flag,burst_noise:present,40,40,1,1,0.0,1.0,0.0,1.0,0.0,,0,0,0,0,,,,,0.0,0.0,1.0,1.0,1.0,1.0,0.0210856255745042,0.7948717948717949,0.1111111111111111,0.0242365700958405
Fixed I+II,subcode,1AVB,2-lead,quality_flag,burst_noise:absent,2158,1872,78,68,0.0,1.0,0.0,1.0,0.0,,0,0,0,0,,,,,0.0,0.0,1.0,1.0,0.8180966469428008,0.1447726065618005,0.0328434730952865,0.8026257396449704,0.1250733469552966,0.033224587245933
Fixed I+II,subcode,1AVB,2-lead,quality_flag,electrodes_problems:absent,2195,1901,79,69,0.0,1.0,0.0,1.0,0.0,,0,0,0,0,,,,,0.0,0.0,1.0,1.0,0.819590342418224,0.1466219219498777,0.0326646381918288,0.803133449785839,0.1240767997077876,0.0330974867048993
Fixed I+II,subcode,1AVB,2-lead,quality_flag,extra_beats:present,198,184,18,18,0.0,1.0,0.0,1.0,0.0,,0,0,0,0,,,,,0.0,0.0,1.0,1.0,0.7114197530864197,0.1942928935184818,0.0799819370654248,0.6895061728395062,0.2793840436773055,0.0808218365334128
Fixed I+II,subcode,1AVB,2-lead,quality_flag,extra_beats:absent,2000,1757,61,56,0.0,1.0,0.0,1.0,0.0,,0,0,0,0,,,,,0.0,0.0,1.0,1.0,0.8215405946955926,0.1386401035240309,0.0279416082118272,0.8086727145139881,0.1073906305514143,0.0283326992234707
Fixed I+II,subcode,1AVB,2-lead,quality_flag,pacemaker:present,29,26,0,0,0.0,1.0,0.0,1.0,0.0,,0,0,0,0,,,,,,0.0,,1.0,,,0.0069972386030061,,,0.0060073044653777
Fixed I+II,subcode,1AVB,2-lead,quality_flag,pacemaker:absent,2169,1883,79,69,0.0,1.0,0.0,1.0,0.0,,0,0,0,0,,,,,0.0,0.0,1.0,1.0,0.822488038277512,0.1503995387046356,0.0329722084108443,0.806789413118527,0.1276753186019495,0.0334227340945418
Fixed I+II,subcode,1AVB,2-lead,quality,any_flag,679,618,33,30,0.0,1.0,0.0,1.0,0.0,,0,0,0,0,,,,,0.0,0.0,1.0,1.0,0.8134909466178817,0.2112712348122587,0.0431107671022406,0.7710385589642555,0.1777418463555156,0.0440678090434988
Fixed I+II,subcode,1AVB,2-lead,quality,no_flags,1519,1382,46,44,0.0,1.0,0.0,1.0,0.0,,0,0,0,0,,,,,0.0,0.0,1.0,1.0,0.8139407892794946,0.1263255473873264,0.0279443246215847,0.8160069659671183,0.1042701510480643,0.028140934654392
Fixed I+II,subcode,AMI,2-lead,overall,all,2198,1904,35,34,0.0,1.0,0.0,1.0,0.0,,0,0,0,0,,,,,0.0,0.0,1.0,1.0,0.6656627699623539,0.0687702092922281,0.0155597744225795,0.7279968297998811,0.0309551778071329,0.0155599449779361
Fixed I+II,subcode,AMI,2-lead,sex,0,1132,969,21,21,0.0,1.0,0.0,1.0,0.0,,0,0,0,0,,,,,0.0,0.0,1.0,1.0,0.7125712571257126,0.0877619941301877,0.0180004167546295,0.7631477433457632,0.0386695824571679,0.0180150783231088
Fixed I+II,subcode,AMI,2-lead,sex,1,1066,935,14,13,0.0,1.0,0.0,1.0,0.0,,0,0,0,0,,,,,0.0,0.0,1.0,1.0,0.6019826181423139,0.0431948957978038,0.0129680229029917,0.6738864747419879,0.0287588090709779,0.0129528052530436
Fixed I+II,subcode,AMI,2-lead,age_band,40-64,866,755,11,11,0.0,1.0,0.0,1.0,0.0,,0,0,0,0,,,,,0.0,0.0,1.0,1.0,0.6054226475279108,0.0247137022625702,0.012554423864525,0.6882509303561934,0.0234757188466552,0.0125377194404951
Fixed I+II,subcode,AMI,2-lead,age_band,<40,284,266,2,2,0.0,1.0,0.0,1.0,0.0,,0,0,0,0,,,,,0.0,0.0,1.0,1.0,0.8882978723404256,0.5153846153846153,0.0066132101688217,0.9609929078014184,0.2121212121212121,0.0067637024111651
Fixed I+II,subcode,AMI,2-lead,age_band,65-79,708,615,14,13,0.0,1.0,0.0,1.0,0.0,,0,0,0,0,,,,,0.0,0.0,1.0,1.0,0.644709757101688,0.0551862908595188,0.0192862967043001,0.7597776862906546,0.0444738332569482,0.0191323220626432
Fixed I+II,subcode,AMI,2-lead,age_band,80+,340,274,8,8,0.0,1.0,0.0,1.0,0.0,,0,0,0,0,,,,,0.0,0.0,1.0,1.0,0.5809487951807228,0.0628018574308166,0.0229276569398861,0.53125,0.0291710642036428,0.0231662309438607
Fixed I+II,subcode,AMI,2-lead,quality_flag,baseline_drift:present,236,231,6,6,0.0,1.0,0.0,1.0,0.0,,0,0,0,0,,,,,0.0,0.0,1.0,1.0,0.5753623188405796,0.0371882702846418,0.0249317468033001,0.6855072463768116,0.0506565241910069,0.0247435028226109
Fixed I+II,subcode,AMI,2-lead,quality_flag,baseline_drift:absent,1962,1727,29,28,0.0,1.0,0.0,1.0,0.0,,0,0,0,0,,,,,0.0,0.0,1.0,1.0,0.6846067395686534,0.0823496122531004,0.0144324627600668,0.7363933139483027,0.0301201603652879,0.0144552968375981
Fixed I+II,subcode,AMI,2-lead,quality_flag,static_noise:present,316,292,9,9,0.0,1.0,0.0,1.0,0.0,,0,0,0,0,,,,,0.0,0.0,1.0,1.0,0.672819399203764,0.1104147881121238,0.027455811982867,0.8099891422366993,0.1236049350102975,0.0271385610982942
Fixed I+II,subcode,AMI,2-lead,quality_flag,static_noise:absent,1882,1668,26,25,0.0,1.0,0.0,1.0,0.0,,0,0,0,0,,,,,0.0,0.0,1.0,1.0,0.6629849137931034,0.0729456234165374,0.0135623526005546,0.7013635610079576,0.0240388051678666,0.0136158202733489
Fixed I+II,subcode,AMI,2-lead,quality_flag,burst_noise:present,40,40,0,0,0.0,1.0,0.0,1.0,0.0,,0,0,0,0,,,,,,0.0,,1.0,,,0.0005794010058753,,,0.0007113286857711
Fixed I+II,subcode,AMI,2-lead,quality_flag,burst_noise:absent,2158,1872,35,34,0.0,1.0,0.0,1.0,0.0,,0,0,0,0,,,,,0.0,0.0,1.0,1.0,0.6674382612206446,0.0704469351119953,0.015837445848283,0.7299105040037683,0.0318539912729197,0.0158351741955852
Fixed I+II,subcode,AMI,2-lead,quality_flag,electrodes_problems:absent,2195,1901,35,34,0.0,1.0,0.0,1.0,0.0,,0,0,0,0,,,,,0.0,0.0,1.0,1.0,0.6654100529100528,0.068777357154997,0.0155808854748541,0.7278042328042328,0.0309652804197863,0.0155810158353943
Fixed I+II,subcode,AMI,2-lead,quality_flag,extra_beats:present,198,184,6,5,0.0,1.0,0.0,1.0,0.0,,0,0,0,0,,,,,0.0,0.0,1.0,1.0,0.5642361111111112,0.1178790409944791,0.029393465644143,0.65625,0.0483436794778033,0.0293539622483499
Fixed I+II,subcode,AMI,2-lead,quality_flag,extra_beats:absent,2000,1757,29,29,0.0,1.0,0.0,1.0,0.0,,0,0,0,0,,,,,0.0,0.0,1.0,1.0,0.6747318882415717,0.0696279331942937,0.0141902389916447,0.729194002694239,0.0299382254092643,0.0141943372681652
Fixed I+II,subcode,AMI,2-lead,quality_flag,pacemaker:present,29,26,0,0,0.0,1.0,0.0,1.0,0.0,,0,0,0,0,,,,,,0.0,,1.0,,,0.0003428853308037,,,0.0003300458628474
Fixed I+II,subcode,AMI,2-lead,quality_flag,pacemaker:absent,2169,1883,35,34,0.0,1.0,0.0,1.0,0.0,,0,0,0,0,,,,,0.0,0.0,1.0,1.0,0.6644530727004954,0.0692296545185287,0.01576322752708,0.7270317311554425,0.0312415858183721,0.0157635720292674
Fixed I+II,subcode,AMI,2-lead,quality,any_flag,679,618,15,14,0.0,1.0,0.0,1.0,0.0,,0,0,0,0,,,,,0.0,0.0,1.0,1.0,0.6399598393574297,0.0615758858681755,0.021468224849222,0.744277108433735,0.0504566602596868,0.0213487225090155
Fixed I+II,subcode,AMI,2-lead,quality,no_flags,1519,1382,20,20,0.0,1.0,0.0,1.0,0.0,,0,0,0,0,,,,,0.0,0.0,1.0,1.0,0.6782521681120747,0.0809532303665497,0.0129186698539882,0.709339559706471,0.0238231959876056,0.0129723347451495
Fixed I+II,subcode,ASMI,2-lead,overall,all,2198,1904,234,199,0.0,1.0,0.0,1.0,0.0,,0,0,0,0,,,,,0.0,0.0,1.0,1.0,0.8168442216303724,0.3627585334122581,0.0799518787102399,0.892766375963932,0.5333846349725755,0.0676005112245322
Fixed I+II,subcode,ASMI,2-lead,sex,0,1132,969,119,100,0.0,1.0,0.0,1.0,0.0,,0,0,0,0,,,,,0.0,0.0,1.0,1.0,0.8327125519506913,0.3773339681748644,0.0783838046869885,0.9058707392137506,0.5522439706341972,0.0651080791161802
Fixed I+II,subcode,ASMI,2-lead,sex,1,1066,935,115,99,0.0,1.0,0.0,1.0,0.0,,0,0,0,0,,,,,0.0,0.0,1.0,1.0,0.7994056599460523,0.3598807652870475,0.0816170379919665,0.8778402596808852,0.515293738048737,0.070247259016891
Fixed I+II,subcode,ASMI,2-lead,age_band,40-64,866,755,50,43,0.0,1.0,0.0,1.0,0.0,,0,0,0,0,,,,,0.0,0.0,1.0,1.0,0.8165441176470588,0.2104985193598378,0.0502836908579613,0.8928186274509804,0.4178199713362373,0.0430982566589517
Fixed I+II,subcode,ASMI,2-lead,age_band,<40,284,266,2,2,0.0,1.0,0.0,1.0,0.0,,0,0,0,0,,,,,0.0,0.0,1.0,1.0,0.3226950354609929,0.0075736673656329,0.010209293287041,0.874113475177305,0.0404081632653061,0.007896376089806
Fixed I+II,subcode,ASMI,2-lead,age_band,65-79,708,615,90,79,0.0,1.0,0.0,1.0,0.0,,0,0,0,0,,,,,0.0,0.0,1.0,1.0,0.7805285868392665,0.393173654268467,0.0944907854849418,0.8652642934196332,0.5408593234121516,0.0809117673428557
Fixed I+II,subcode,ASMI,2-lead,age_band,80+,340,274,92,75,0.0,1.0,0.0,1.0,0.0,,0,0,0,0,,,,,0.0,0.0,1.0,1.0,0.6912254558204769,0.4633231653897864,0.1834989344272185,0.8118425666199158,0.6240741106926309,0.1521609744606553
Fixed I+II,subcode,ASMI,2-lead,quality_flag,baseline_drift:present,236,231,26,25,0.0,1.0,0.0,1.0,0.0,,0,0,0,0,,,,,0.0,0.0,1.0,1.0,0.7970695970695971,0.3946006209628438,0.0840420590357541,0.8831501831501831,0.5789652598114813,0.0678475378917858
Fixed I+II,subcode,ASMI,2-lead,quality_flag,baseline_drift:absent,1962,1727,208,179,0.0,1.0,0.0,1.0,0.0,,0,0,0,0,,,,,0.0,0.0,1.0,1.0,0.8191660819226383,0.361779426196114,0.0794598896394848,0.8939840803438295,0.5299028371755575,0.06757079751736
Fixed I+II,subcode,ASMI,2-lead,quality_flag,static_noise:present,316,292,31,31,0.0,1.0,0.0,1.0,0.0,,0,0,0,0,,,,,0.0,0.0,1.0,1.0,0.7525749858517261,0.3122706771947174,0.0817353023073063,0.8448217317487267,0.3905083667830378,0.072104232629987
Fixed I+II,subcode,ASMI,2-lead,quality_flag,static_noise:absent,1882,1668,203,173,0.0,1.0,0.0,1.0,0.0,,0,0,0,0,,,,,0.0,0.0,1.0,1.0,0.8273485566414446,0.3791098281203346,0.0796524303273105,0.8998084128190308,0.5552513036707301,0.0668443072053379
Fixed I+II,subcode,ASMI,2-lead,quality_flag,burst_noise:present,40,40,4,4,0.0,1.0,0.0,1.0,0.0,,0,0,0,0,,,,,0.0,0.0,1.0,1.0,0.8055555555555556,0.3201659451659451,0.0818674062418948,0.875,0.3471590909090909,0.0849973339813516
Fixed I+II,subcode,ASMI,2-lead,quality_flag,burst_noise:absent,2158,1872,230,196,0.0,1.0,0.0,1.0,0.0,,0,0,0,0,,,,,0.0,0.0,1.0,1.0,0.8170034277467075,0.3641950406918865,0.0799163731026096,0.8930881291719286,0.5393753490203199,0.0672780492642575
Fixed I+II,subcode,ASMI,2-lead,quality_flag,electrodes_problems:absent,2195,1901,234,199,0.0,1.0,0.0,1.0,0.0,,0,0,0,0,,,,,0.0,0.0,1.0,1.0,0.8167209299284771,0.3627966363827551,0.080057300856324,0.892767949371723,0.5334573094240179,0.0676860825906831
Fixed I+II,subcode,ASMI,2-lead,quality_flag,extra_beats:present,198,184,38,35,0.0,1.0,0.0,1.0,0.0,,0,0,0,0,,,,,0.0,0.0,1.0,1.0,0.7554276315789474,0.3980322724263471,0.1361686214083312,0.8411184210526316,0.5473248984397421,0.1193003275489473
Fixed I+II,subcode,ASMI,2-lead,quality_flag,extra_beats:absent,2000,1757,196,168,0.0,1.0,0.0,1.0,0.0,,0,0,0,0,,,,,0.0,0.0,1.0,1.0,0.8186258427983166,0.3568621528666827,0.0743864211831288,0.8963810579664239,0.5387785002911002,0.0624822294084151
Fixed I+II,subcode,ASMI,2-lead,quality_flag,pacemaker:present,29,26,0,0,0.0,1.0,0.0,1.0,0.0,,0,0,0,0,,,,,,0.0,,1.0,,,0.0328728682070955,,,0.0694424362844871
Fixed I+II,subcode,ASMI,2-lead,quality_flag,pacemaker:absent,2169,1883,234,199,0.0,1.0,0.0,1.0,0.0,,0,0,0,0,,,,,0.0,0.0,1.0,1.0,0.8179023388325716,0.3696706244607165,0.0805813352822045,0.8948364584023499,0.5460537123687396,0.0675758842873544
Fixed I+II,subcode,ASMI,2-lead,quality,any_flag,679,618,84,79,0.0,1.0,0.0,1.0,0.0,,0,0,0,0,,,,,0.0,0.0,1.0,1.0,0.7795318127250899,0.3556942972128276,0.0944746071120415,0.8647458983593437,0.4863090028018991,0.0822311886199421
Fixed I+II,subcode,ASMI,2-lead,quality,no_flags,1519,1382,150,131,0.0,1.0,0.0,1.0,0.0,,0,0,0,0,,,,,0.0,0.0,1.0,1.0,0.8342975407840274,0.3722644795333816,0.0734601521896189,0.905390796201607,0.5684866153737055,0.0610605310063075
Fixed I+II,subcode,CLBBB,2-lead,overall,all,2198,1904,54,42,0.0,1.0,0.0,1.0,0.0,,0,0,0,0,,,,,0.0,0.0,1.0,1.0,0.9909134881149806,0.7390655640279237,0.0105900836415298,0.9880199695964622,0.6445739025615728,0.0127450651776186
Fixed I+II,subcode,CLBBB,2-lead,sex,0,1132,969,23,16,0.0,1.0,0.0,1.0,0.0,,0,0,0,0,,,,,0.0,0.0,1.0,1.0,0.9955306386482142,0.7862590941163871,0.0074397607518496,0.9938840318343984,0.6972069496505543,0.0091029700114848
Fixed I+II,subcode,CLBBB,2-lead,sex,1,1066,935,31,26,0.0,1.0,0.0,1.0,0.0,,0,0,0,0,,,,,0.0,0.0,1.0,1.0,0.988218793828892,0.7034479215379349,0.0139354546650926,0.9852267414679756,0.6450405630066185,0.0166126559168902
Fixed I+II,subcode,CLBBB,2-lead,age_band,40-64,866,755,9,6,0.0,1.0,0.0,1.0,0.0,,0,0,0,0,,,,,0.0,0.0,1.0,1.0,0.9918319719953326,0.6934719043986779,0.0057589360343404,0.9954622066640736,0.7592594986712633,0.0050333858968592
Fixed I+II,subcode,CLBBB,2-lead,age_band,<40,284,266,0,0,0.0,1.0,0.0,1.0,0.0,,0,0,0,0,,,,,,0.0,,1.0,,,0.0018748144016653,,,5.561910978816682e-05
Fixed I+II,subcode,CLBBB,2-lead,age_band,65-79,708,615,23,21,0.0,1.0,0.0,1.0,0.0,,0,0,0,0,,,,,0.0,0.0,1.0,1.0,0.9914947635671216,0.7386996724353704,0.0138388001198249,0.9801967629324024,0.5578900027894325,0.0202143632768567
Fixed I+II,subcode,CLBBB,2-lead,age_band,80+,340,274,22,17,0.0,1.0,0.0,1.0,0.0,,0,0,0,0,,,,,0.0,0.0,1.0,1.0,0.9801315037164092,0.7864316075961928,0.0234101395983376,0.9735563178959404,0.6936020447550507,0.027432870725092
Fixed I+II,subcode,CLBBB,2-lead,quality_flag,baseline_drift:present,236,231,2,2,0.0,1.0,0.0,1.0,0.0,,0,0,0,0,,,,,0.0,0.0,1.0,1.0,0.997863247863248,0.8333333333333333,0.0047518270340645,0.9914529914529916,0.4166666666666666,0.0078282914123167
Fixed I+II,subcode,CLBBB,2-lead,quality_flag,baseline_drift:absent,1962,1727,52,41,0.0,1.0,0.0,1.0,0.0,,0,0,0,0,,,,,0.0,0.0,1.0,1.0,0.9906363270237616,0.74429755320386,0.0112923408073615,0.9878775674587192,0.6640688856847521,0.0133364813899587
Fixed I+II,subcode,CLBBB,2-lead,quality_flag,static_noise:present,316,292,5,5,0.0,1.0,0.0,1.0,0.0,,0,0,0,0,,,,,0.0,0.0,1.0,1.0,0.9954983922829582,0.7416666666666667,0.0076852592198866,0.990353697749196,0.5768253968253969,0.0086532620991664
Fixed I+II,subcode,CLBBB,2-lead,quality_flag,static_noise:absent,1882,1668,49,39,0.0,1.0,0.0,1.0,0.0,,0,0,0,0,,,,,0.0,0.0,1.0,1.0,0.9906142489729116,0.7440475913245778,0.0110778224923477,0.9877194740416624,0.64967749312438,0.0134321054394629
Fixed I+II,subcode,CLBBB,2-lead,quality_flag,burst_noise:present,40,40,0,0,0.0,1.0,0.0,1.0,0.0,,0,0,0,0,,,,,,0.0,,1.0,,,0.0079191229468321,,,0.0002771072389459
Fixed I+II,subcode,CLBBB,2-lead,quality_flag,burst_noise:absent,2158,1872,54,42,0.0,1.0,0.0,1.0,0.0,,0,0,0,0,,,,,0.0,0.0,1.0,1.0,0.9910663990987184,0.746085575535522,0.0106395917174278,0.98790663286861,0.6449626314111753,0.0129761672710138
Fixed I+II,subcode,CLBBB,2-lead,quality_flag,electrodes_problems:absent,2195,1901,53,41,0.0,1.0,0.0,1.0,0.0,,0,0,0,0,,,,,0.0,0.0,1.0,1.0,0.9909007628208516,0.733396795138613,0.0105008023673493,0.9881436851470148,0.6423905989115926,0.0124987521332249
Fixed I+II,subcode,CLBBB,2-lead,quality_flag,extra_beats:present,198,184,13,9,0.0,1.0,0.0,1.0,0.0,,0,0,0,0,,,,,0.0,0.0,1.0,1.0,0.9883575883575884,0.8835952059636267,0.0250136710241708,0.9862785862785864,0.7962129975287868,0.0263633829580814
Fixed I+II,subcode,CLBBB,2-lead,quality_flag,extra_beats:absent,2000,1757,41,34,0.0,1.0,0.0,1.0,0.0,,0,0,0,0,,,,,0.0,0.0,1.0,1.0,0.9909236917790312,0.7155758702790393,0.0091621484906483,0.9876741493295484,0.615769248389909,0.0113968517173528
Fixed I+II,subcode,CLBBB,2-lead,quality_flag,pacemaker:present,29,26,0,0,0.0,1.0,0.0,1.0,0.0,,0,0,0,0,,,,,,0.0,,1.0,,,0.085283369244422,,,0.1268042834736536
Fixed I+II,subcode,CLBBB,2-lead,quality_flag,pacemaker:absent,2169,1883,54,42,0.0,1.0,0.0,1.0,0.0,,0,0,0,0,,,,,0.0,0.0,1.0,1.0,0.9932667892478768,0.8278449416945456,0.0095914182277521,0.9915506523071534,0.7652482644620819,0.0112200687135407
Fixed I+II,subcode,CLBBB,2-lead,quality,any_flag,679,618,16,12,0.0,1.0,0.0,1.0,0.0,,0,0,0,0,,,,,0.0,0.0,1.0,1.0,0.9910444947209652,0.6477891355216673,0.0118530994013239,0.9875565610859728,0.5368022898384254,0.0143221502472173
Fixed I+II,subcode,CLBBB,2-lead,quality,no_flags,1519,1382,38,32,0.0,1.0,0.0,1.0,0.0,,0,0,0,0,,,,,0.0,0.0,1.0,1.0,0.9925725860904796,0.80913689230086,0.0100255097765527,0.9911333025338498,0.7584759316866619,0.0120401008838349
Fixed I+II,subcode,CRBBB,2-lead,overall,all,2198,1904,54,45,0.0,1.0,0.0,1.0,0.0,,0,0,0,0,,,,,0.0,0.0,1.0,1.0,0.9615637092316196,0.5213429451663051,0.017677467704321,0.9769295881702598,0.5345087668115032,0.0165169812794429
Fixed I+II,subcode,CRBBB,2-lead,sex,0,1132,969,36,30,0.0,1.0,0.0,1.0,0.0,,0,0,0,0,,,,,0.0,0.0,1.0,1.0,0.969028791565288,0.6548876158888524,0.0205017583963876,0.9839061232765612,0.7179512759058182,0.0186901030460331
Fixed I+II,subcode,CRBBB,2-lead,sex,1,1066,935,18,15,0.0,1.0,0.0,1.0,0.0,,0,0,0,0,,,,,0.0,0.0,1.0,1.0,0.9469889737065308,0.211795338759043,0.0146783147367606,0.9643765903307888,0.2395668274591839,0.0142093135122947
Fixed I+II,subcode,CRBBB,2-lead,age_band,40-64,866,755,8,6,0.0,1.0,0.0,1.0,0.0,,0,0,0,0,,,,,0.0,0.0,1.0,1.0,0.9712995337995338,0.5014628896430366,0.0068886175819861,0.9951923076923076,0.7662037037037037,0.0048705560950938
Fixed I+II,subcode,CRBBB,2-lead,age_band,<40,284,266,0,0,0.0,1.0,0.0,1.0,0.0,,0,0,0,0,,,,,,0.0,,1.0,,,0.0003707726274138,,,8.722367923624942e-06
Fixed I+II,subcode,CRBBB,2-lead,age_band,65-79,708,615,30,25,0.0,1.0,0.0,1.0,0.0,,0,0,0,0,,,,,0.0,0.0,1.0,1.0,0.96086529006883,0.5937417284384825,0.0295430167619509,0.976204523107178,0.5996954969284082,0.027617682658194
Fixed I+II,subcode,CRBBB,2-lead,age_band,80+,340,274,16,14,0.0,1.0,0.0,1.0,0.0,,0,0,0,0,,,,,0.0,0.0,1.0,1.0,0.9035493827160496,0.5088088347533171,0.0349052232189731,0.9068287037037036,0.3758943541155415,0.0368547847040372
Fixed I+II,subcode,CRBBB,2-lead,quality_flag,baseline_drift:present,236,231,6,6,0.0,1.0,0.0,1.0,0.0,,0,0,0,0,,,,,0.0,0.0,1.0,1.0,0.9202898550724636,0.1693895443895444,0.0244494340875389,0.9710144927536232,0.5157647907647908,0.0194385188173548
Fixed I+II,subcode,CRBBB,2-lead,quality_flag,baseline_drift:absent,1962,1727,48,40,0.0,1.0,0.0,1.0,0.0,,0,0,0,0,,,,,0.0,0.0,1.0,1.0,0.967073754789272,0.5696368503106699,0.0168628988631184,0.9780564263322884,0.5478515478689413,0.0161655629007746
Fixed I+II,subcode,CRBBB,2-lead,quality_flag,static_noise:present,316,292,13,12,0.0,1.0,0.0,1.0,0.0,,0,0,0,0,,,,,0.0,0.0,1.0,1.0,0.9791825336379792,0.7395539932807011,0.028751607788814,0.978167047473978,0.760912829395276,0.0234115686939227
Fixed I+II,subcode,CRBBB,2-lead,quality_flag,static_noise:absent,1882,1668,41,35,0.0,1.0,0.0,1.0,0.0,,0,0,0,0,,,,,0.0,0.0,1.0,1.0,0.958267643512937,0.5131136460945588,0.015818047796404,0.9765768868986896,0.4649382914919777,0.015359335358627
Fixed I+II,subcode,CRBBB,2-lead,quality_flag,burst_noise:present,40,40,0,0,0.0,1.0,0.0,1.0,0.0,,0,0,0,0,,,,,,0.0,,1.0,,,0.0006358354430503,,,0.0005471608535634
Fixed I+II,subcode,CRBBB,2-lead,quality_flag,burst_noise:absent,2158,1872,54,45,0.0,1.0,0.0,1.0,0.0,,0,0,0,0,,,,,0.0,0.0,1.0,1.0,0.9616691311082946,0.5226871810287362,0.0179933459668098,0.9767814392339108,0.535317623145096,0.0168129927794592
Fixed I+II,subcode,CRBBB,2-lead,quality_flag,electrodes_problems:absent,2195,1901,54,45,0.0,1.0,0.0,1.0,0.0,,0,0,0,0,,,,,0.0,0.0,1.0,1.0,0.9617347380075078,0.5221383895512635,0.0176932207578751,0.9770010552355252,0.5347312331011346,0.0165350178202452
Fixed I+II,subcode,CRBBB,2-lead,quality_flag,extra_beats:present,198,184,10,10,0.0,1.0,0.0,1.0,0.0,,0,0,0,0,,,,,0.0,0.0,1.0,1.0,0.9180851063829788,0.6774680983504513,0.0319053700683309,0.9329787234042554,0.6529151699364465,0.0320378965883971
Fixed I+II,subcode,CRBBB,2-lead,quality_flag,extra_beats:absent,2000,1757,44,39,0.0,1.0,0.0,1.0,0.0,,0,0,0,0,,,,,0.0,0.0,1.0,1.0,0.966315765012084,0.4831801534162679,0.016268905370284,0.9806306934374418,0.5071851844745722,0.0149804106638565
Fixed I+II,subcode,CRBBB,2-lead,quality_flag,pacemaker:present,29,26,0,0,0.0,1.0,0.0,1.0,0.0,,0,0,0,0,,,,,,0.0,,1.0,,,0.0071102924835149,,,0.007078121498857
Fixed I+II,subcode,CRBBB,2-lead,quality_flag,pacemaker:absent,2169,1883,54,45,0.0,1.0,0.0,1.0,0.0,,0,0,0,0,,,,,0.0,0.0,1.0,1.0,0.9629892303651169,0.5302635850579014,0.0178187531268214,0.978022940197881,0.5420550642877197,0.0166431808800132
Fixed I+II,subcode,CRBBB,2-lead,quality,any_flag,679,618,26,24,0.0,1.0,0.0,1.0,0.0,,0,0,0,0,,,,,0.0,0.0,1.0,1.0,0.9461067263517494,0.5373128327374656,0.0276957574386594,0.9674873365531864,0.6711795230959766,0.0238825413417484
Fixed I+II,subcode,CRBBB,2-lead,quality,no_flags,1519,1382,28,25,0.0,1.0,0.0,1.0,0.0,,0,0,0,0,,,,,0.0,0.0,1.0,1.0,0.9690284564530038,0.5179705162397784,0.0131992460258379,0.9807894988981508,0.4289452294955823,0.0132245419889193
Fixed I+II,subcode,ILMI,2-lead,overall,all,2198,1904,48,43,0.0,1.0,0.0,1.0,0.0,,0,0,0,0,,,,,0.0,0.0,1.0,1.0,0.8972286821705425,0.1852882447678261,0.0192745269824976,0.8994476744186046,0.294882138810822,0.0181433647844466
Fixed I+II,subcode,ILMI,2-lead,sex,0,1132,969,25,23,0.0,1.0,0.0,1.0,0.0,,0,0,0,0,,,,,0.0,0.0,1.0,1.0,0.8910930442637759,0.1825212971165026,0.0196571814524038,0.9019692863595304,0.3008644198096689,0.0185972862557902
Fixed I+II,subcode,ILMI,2-lead,sex,1,1066,935,23,20,0.0,1.0,0.0,1.0,0.0,,0,0,0,0,,,,,0.0,0.0,1.0,1.0,0.9065821835007712,0.2216725404929488,0.0188681809600457,0.8959523114760932,0.3473001900482459,0.0176613393570911
Fixed I+II,subcode,ILMI,2-lead,age_band,40-64,866,755,12,11,0.0,1.0,0.0,1.0,0.0,,0,0,0,0,,,,,0.0,0.0,1.0,1.0,0.9050546448087432,0.1097837744132832,0.0131630817329405,0.8719750195160032,0.1246758363686718,0.0130686930439935
Fixed I+II,subcode,ILMI,2-lead,age_band,<40,284,266,0,0,0.0,1.0,0.0,1.0,0.0,,0,0,0,0,,,,,,0.0,,1.0,,,0.0002736534468533,,,6.507379056007092e-05
Fixed I+II,subcode,ILMI,2-lead,age_band,65-79,708,615,20,19,0.0,1.0,0.0,1.0,0.0,,0,0,0,0,,,,,0.0,0.0,1.0,1.0,0.8527616279069767,0.3419083705855389,0.0240097811500423,0.8802325581395349,0.3086741288302752,0.0235224135719218
Fixed I+II,subcode,ILMI,2-lead,age_band,80+,340,274,16,13,0.0,1.0,0.0,1.0,0.0,,0,0,0,0,,,,,0.0,0.0,1.0,1.0,0.8703703703703705,0.2452186157750295,0.0408515849813735,0.8794367283950617,0.483857505940103,0.0349684642784573
Fixed I+II,subcode,ILMI,2-lead,quality_flag,baseline_drift:present,236,231,3,3,0.0,1.0,0.0,1.0,0.0,,0,0,0,0,,,,,0.0,0.0,1.0,1.0,0.8512160228898425,0.1250384024577573,0.0122524594701702,0.988555078683834,0.5873015873015872,0.0098873335776492
Fixed I+II,subcode,ILMI,2-lead,quality_flag,baseline_drift:absent,1962,1727,45,41,0.0,1.0,0.0,1.0,0.0,,0,0,0,0,,,,,0.0,0.0,1.0,1.0,0.9004810757549411,0.2003075726675559,0.0201191793438173,0.8926099808728917,0.2891456081878368,0.0191364449907688
Fixed I+II,subcode,ILMI,2-lead,quality_flag,static_noise:present,316,292,6,6,0.0,1.0,0.0,1.0,0.0,,0,0,0,0,,,,,0.0,0.0,1.0,1.0,0.9080645161290324,0.4789352209352209,0.0156958448937026,0.8698924731182796,0.2818122542127677,0.0164464489026198
Fixed I+II,subcode,ILMI,2-lead,quality_flag,static_noise:absent,1882,1668,42,37,0.0,1.0,0.0,1.0,0.0,,0,0,0,0,,,,,0.0,0.0,1.0,1.0,0.8965062111801241,0.1613601744087732,0.0198754109038893,0.9038172877846792,0.3030410693898917,0.0184282879612039
Fixed I+II,subcode,ILMI,2-lead,quality_flag,burst_noise:present,40,40,1,1,0.0,1.0,0.0,1.0,0.0,,0,0,0,0,,,,,0.0,0.0,1.0,1.0,0.9487179487179488,0.3333333333333333,0.0237204127194703,0.8717948717948718,0.1666666666666666,0.0238392900728522
Fixed I+II,subcode,ILMI,2-lead,quality_flag,burst_noise:absent,2158,1872,47,42,0.0,1.0,0.0,1.0,0.0,,0,0,0,0,,,,,0.0,0.0,1.0,1.0,0.8971748793049578,0.1878651160355577,0.0191921194618865,0.8989386899422478,0.299944820382528,0.0180377869292398
Fixed I+II,subcode,ILMI,2-lead,quality_flag,electrodes_problems:absent,2195,1901,48,43,0.0,1.0,0.0,1.0,0.0,,0,0,0,0,,,,,0.0,0.0,1.0,1.0,0.897104486880919,0.1852896618577894,0.019300843085473,0.8994333178077939,0.2948946566658112,0.0181680051653932
Fixed I+II,subcode,ILMI,2-lead,quality_flag,extra_beats:present,198,184,6,6,0.0,1.0,0.0,1.0,0.0,,0,0,0,0,,,,,0.0,0.0,1.0,1.0,0.8359375,0.2572685532815637,0.0277549551648008,0.8446180555555556,0.2462750106428267,0.0260573484486302
Fixed I+II,subcode,ILMI,2-lead,quality_flag,extra_beats:absent,2000,1757,42,38,0.0,1.0,0.0,1.0,0.0,,0,0,0,0,,,,,0.0,0.0,1.0,1.0,0.9027311639671188,0.1856649494026226,0.0184349645924496,0.9036188530570554,0.3089992681898503,0.0173598804016924
Fixed I+II,subcode,ILMI,2-lead,quality_flag,pacemaker:present,29,26,0,0,0.0,1.0,0.0,1.0,0.0,,0,0,0,0,,,,,,0.0,,1.0,,,0.0033538220844715,,,0.0053132458656157
Fixed I+II,subcode,ILMI,2-lead,quality_flag,pacemaker:absent,2169,1883,48,43,0.0,1.0,0.0,1.0,0.0,,0,0,0,0,,,,,0.0,0.0,1.0,1.0,0.8984264497878359,0.1885818820972775,0.0194873902568373,0.9012651265126512,0.3002436123045036,0.0183149062545462
Fixed I+II,subcode,ILMI,2-lead,quality,any_flag,679,618,15,14,0.0,1.0,0.0,1.0,0.0,,0,0,0,0,,,,,0.0,0.0,1.0,1.0,0.870983935742972,0.2231694777985871,0.0199856263794144,0.8927710843373494,0.2373820387280861,0.0190672964495803
Fixed I+II,subcode,ILMI,2-lead,quality,no_flags,1519,1382,33,30,0.0,1.0,0.0,1.0,0.0,,0,0,0,0,,,,,0.0,0.0,1.0,1.0,0.9084179615808148,0.1998797897631134,0.0189566622751201,0.9038704678004812,0.3282487432308656,0.0177303630723822
Fixed I+II,subcode,IMI,2-lead,overall,all,2198,1904,267,240,0.0,1.0,0.0,1.0,0.0,,0,0,0,0,,,,,0.0,0.0,1.0,1.0,0.819464405898634,0.3924478965516876,0.087853131146974,0.8212895454995082,0.3535659649381316,0.0899011202826871
Fixed I+II,subcode,IMI,2-lead,sex,0,1132,969,160,140,0.0,1.0,0.0,1.0,0.0,,0,0,0,0,,,,,0.0,0.0,1.0,1.0,0.8347415123456791,0.4519437280355705,0.0956095995031624,0.8258551954732509,0.3956435115007828,0.1007810496513096
Fixed I+II,subcode,IMI,2-lead,sex,1,1066,935,107,100,0.0,1.0,0.0,1.0,0.0,,0,0,0,0,,,,,0.0,0.0,1.0,1.0,0.797111477103291,0.3143252859376219,0.0796164311664812,0.8189020884293413,0.3077867056582239,0.078347574273981
Fixed I+II,subcode,IMI,2-lead,age_band,40-64,866,755,92,78,0.0,1.0,0.0,1.0,0.0,,0,0,0,0,,,,,0.0,0.0,1.0,1.0,0.8086029659588811,0.4019742924691695,0.0778657101694074,0.8136866644197281,0.344249050232521,0.0810723859552054
Fixed I+II,subcode,IMI,2-lead,age_band,<40,284,266,3,3,0.0,1.0,0.0,1.0,0.0,,0,0,0,0,,,,,0.0,0.0,1.0,1.0,0.9347568208778172,0.1343669250645994,0.0124300755223085,0.896797153024911,0.0641666666666666,0.0121037909126851
Fixed I+II,subcode,IMI,2-lead,age_band,65-79,708,615,116,107,0.0,1.0,0.0,1.0,0.0,,0,0,0,0,,,,,0.0,0.0,1.0,1.0,0.8153250232991611,0.4407705396342068,0.1112897961381968,0.7978943383038211,0.4023393303287671,0.1159110720749855
Fixed I+II,subcode,IMI,2-lead,age_band,80+,340,274,56,52,0.0,1.0,0.0,1.0,0.0,,0,0,0,0,,,,,0.0,0.0,1.0,1.0,0.7120850100603621,0.3424700505860801,0.127488706294597,0.7708752515090543,0.3409451332953802,0.1232101779289591
Fixed I+II,subcode,IMI,2-lead,quality_flag,baseline_drift:present,236,231,24,24,0.0,1.0,0.0,1.0,0.0,,0,0,0,0,,,,,0.0,0.0,1.0,1.0,0.7733883647798742,0.264268694769305,0.0880761019658993,0.7670990566037736,0.2277397538840274,0.0909330988896342
Fixed I+II,subcode,IMI,2-lead,quality_flag,baseline_drift:absent,1962,1727,243,220,0.0,1.0,0.0,1.0,0.0,,0,0,0,0,,,,,0.0,0.0,1.0,1.0,0.8243404027128416,0.4103895121265601,0.0878263110076945,0.827009674013746,0.3739595629297039,0.0897769882993846
Fixed I+II,subcode,IMI,2-lead,quality_flag,static_noise:present,316,292,46,43,0.0,1.0,0.0,1.0,0.0,,0,0,0,0,,,,,0.0,0.0,1.0,1.0,0.7727053140096618,0.3638288720147588,0.1106237922112586,0.7717391304347826,0.3836458798471294,0.1093013736228767
Fixed I+II,subcode,IMI,2-lead,quality_flag,static_noise:absent,1882,1668,221,206,0.0,1.0,0.0,1.0,0.0,,0,0,0,0,,,,,0.0,0.0,1.0,1.0,0.8284493068287381,0.404676926461244,0.0840297895442567,0.8305932478117909,0.3526277720516013,0.086643691985397
Fixed I+II,subcode,IMI,2-lead,quality_flag,burst_noise:present,40,40,5,5,0.0,1.0,0.0,1.0,0.0,,0,0,0,0,,,,,0.0,0.0,1.0,1.0,0.8342857142857143,0.4101449275362319,0.088645473802991,0.6342857142857143,0.200076726342711,0.1287510328995376
Fixed I+II,subcode,IMI,2-lead,quality_flag,burst_noise:absent,2158,1872,262,235,0.0,1.0,0.0,1.0,0.0,,0,0,0,0,,,,,0.0,0.0,1.0,1.0,0.8191411408509679,0.3933580064521548,0.0878384445361117,0.8244093632234999,0.3612521789410141,0.0891810106883062
Fixed I+II,subcode,IMI,2-lead,quality_flag,electrodes_problems:absent,2195,1901,267,240,0.0,1.0,0.0,1.0,0.0,,0,0,0,0,,,,,0.0,0.0,1.0,1.0,0.8192106858128584,0.3924526899120978,0.0879726908044682,0.8210988857289385,0.3535893359313758,0.090020941676955
Fixed I+II,subcode,IMI,2-lead,quality_flag,extra_beats:present,198,184,36,35,0.0,1.0,0.0,1.0,0.0,,0,0,0,0,,,,,0.0,0.0,1.0,1.0,0.7688614540466392,0.3909314913757634,0.1297257246836621,0.8353909465020577,0.4475260099198747,0.1212238505938047
Fixed I+II,subcode,IMI,2-lead,quality_flag,extra_beats:absent,2000,1757,231,208,0.0,1.0,0.0,1.0,0.0,,0,0,0,0,,,,,0.0,0.0,1.0,1.0,0.8229929106130349,0.3988502195650223,0.0837077443868418,0.8180276478750194,0.3429766302864018,0.0868001699818864
Fixed I+II,subcode,IMI,2-lead,quality_flag,pacemaker:present,29,26,0,0,0.0,1.0,0.0,1.0,0.0,,0,0,0,0,,,,,,0.0,,1.0,,,0.0256768834080894,,,0.0153709582622529
Fixed I+II,subcode,IMI,2-lead,quality_flag,pacemaker:absent,2169,1883,267,240,0.0,1.0,0.0,1.0,0.0,,0,0,0,0,,,,,0.0,0.0,1.0,1.0,0.8195256717746349,0.3957549881561857,0.0886844410521965,0.8205378135374946,0.355890536663016,0.0908976046988201
Fixed I+II,subcode,IMI,2-lead,quality,any_flag,679,618,95,87,0.0,1.0,0.0,1.0,0.0,,0,0,0,0,,,,,0.0,0.0,1.0,1.0,0.7848233597692863,0.3479706734298649,0.1059942722080417,0.7957642393655371,0.3399997768836537,0.1062418114904013
Fixed I+II,subcode,IMI,2-lead,quality,no_flags,1519,1382,172,158,0.0,1.0,0.0,1.0,0.0,,0,0,0,0,,,,,0.0,0.0,1.0,1.0,0.8353058476200342,0.4320521013891565,0.0797439574929483,0.8330139327704977,0.3701737147109691,0.0825967560101144
Fixed I+II,subcode,IRBBB,2-lead,overall,all,2198,1904,112,106,0.0,1.0,0.0,1.0,0.0,,0,0,0,0,,,,,0.0,0.0,1.0,1.0,0.6697798246815505,0.1509952427430402,0.0466162436112717,0.8074792836597726,0.2396596893525557,0.044396577200864
Fixed I+II,subcode,IRBBB,2-lead,sex,0,1132,969,68,62,0.0,1.0,0.0,1.0,0.0,,0,0,0,0,,,,,0.0,0.0,1.0,1.0,0.7085498673153472,0.1888244007237564,0.0530957877740834,0.8060730871295887,0.2808568880469171,0.0505578125165009
Fixed I+II,subcode,IRBBB,2-lead,sex,1,1066,935,44,44,0.0,1.0,0.0,1.0,0.0,,0,0,0,0,,,,,0.0,0.0,1.0,1.0,0.6083881871553104,0.1175556747416595,0.0397355269205562,0.8073963707525351,0.1831705778399364,0.0378538770345403
Fixed I+II,subcode,IRBBB,2-lead,age_band,40-64,866,755,46,43,0.0,1.0,0.0,1.0,0.0,,0,0,0,0,,,,,0.0,0.0,1.0,1.0,0.7010339342523859,0.1695211797754946,0.0477018544887049,0.8396076352067869,0.3102555845602231,0.0445823086443191
Fixed I+II,subcode,IRBBB,2-lead,age_band,<40,284,266,19,19,0.0,1.0,0.0,1.0,0.0,,0,0,0,0,,,,,0.0,0.0,1.0,1.0,0.7213505461767626,0.3831313288273367,0.056461472911685,0.8663356504468719,0.3478536741695628,0.0547264355495469
Fixed I+II,subcode,IRBBB,2-lead,age_band,65-79,708,615,33,31,0.0,1.0,0.0,1.0,0.0,,0,0,0,0,,,,,0.0,0.0,1.0,1.0,0.6237934904601571,0.1197041784327963,0.0443309006340297,0.778226711560045,0.1916359995209685,0.0437405258764077
Fixed I+II,subcode,IRBBB,2-lead,age_band,80+,340,274,14,13,0.0,1.0,0.0,1.0,0.0,,0,0,0,0,,,,,0.0,0.0,1.0,1.0,0.6520595968448729,0.1542298801084168,0.0403863573957212,0.7925065731814198,0.4055090574554241,0.0366611687792666
Fixed I+II,subcode,IRBBB,2-lead,quality_flag,baseline_drift:present,236,231,14,14,0.0,1.0,0.0,1.0,0.0,,0,0,0,0,,,,,0.0,0.0,1.0,1.0,0.6354568854568855,0.1710757111792837,0.0552839765919063,0.8194980694980696,0.2460674041023565,0.0512561934455301
Fixed I+II,subcode,IRBBB,2-lead,quality_flag,baseline_drift:absent,1962,1727,98,92,0.0,1.0,0.0,1.0,0.0,,0,0,0,0,,,,,0.0,0.0,1.0,1.0,0.6748927038626609,0.1545671821609175,0.0455736416829181,0.8067903126916002,0.2441436664966862,0.0435714653589979
Fixed I+II,subcode,IRBBB,2-lead,quality_flag,static_noise:present,316,292,19,18,0.0,1.0,0.0,1.0,0.0,,0,0,0,0,,,,,0.0,0.0,1.0,1.0,0.6553251816409711,0.1392106135415696,0.0560582227314024,0.782562466772993,0.3479065742377322,0.0496548640775415
Fixed I+II,subcode,IRBBB,2-lead,quality_flag,static_noise:absent,1882,1668,93,89,0.0,1.0,0.0,1.0,0.0,,0,0,0,0,,,,,0.0,0.0,1.0,1.0,0.6722623920373609,0.1659872896773376,0.0450308741096983,0.8116085757045746,0.2248151547832661,0.0435136767476067
Fixed I+II,subcode,IRBBB,2-lead,quality_flag,burst_noise:present,40,40,1,1,0.0,1.0,0.0,1.0,0.0,,0,0,0,0,,,,,0.0,0.0,1.0,1.0,0.5897435897435898,0.0588235294117647,0.0290564580112766,0.9230769230769232,0.25,0.026738516017912
Fixed I+II,subcode,IRBBB,2-lead,quality_flag,burst_noise:absent,2158,1872,111,105,0.0,1.0,0.0,1.0,0.0,,0,0,0,0,,,,,0.0,0.0,1.0,1.0,0.670451594731028,0.1534142310552638,0.0469417261988527,0.8069246579261234,0.2412330517817874,0.044723881393319
Fixed I+II,subcode,IRBBB,2-lead,quality_flag,electrodes_problems:absent,2195,1901,112,106,0.0,1.0,0.0,1.0,0.0,,0,0,0,0,,,,,0.0,0.0,1.0,1.0,0.6697071531445031,0.151083559557095,0.0466722692513876,0.8075406350730403,0.2397344492084357,0.0444540487130945
Fixed I+II,subcode,IRBBB,2-lead,quality_flag,extra_beats:present,198,184,15,15,0.0,1.0,0.0,1.0,0.0,,0,0,0,0,,,,,0.0,0.0,1.0,1.0,0.6091074681238615,0.1316354677796616,0.0702211359142203,0.8306010928961748,0.4540612681812629,0.05440916481939
Fixed I+II,subcode,IRBBB,2-lead,quality_flag,extra_beats:absent,2000,1757,97,91,0.0,1.0,0.0,1.0,0.0,,0,0,0,0,,,,,0.0,0.0,1.0,1.0,0.6755475619071352,0.1588072344787657,0.0442793592732798,0.805163848725019,0.219458584987861,0.0434053310266299
Fixed I+II,subcode,IRBBB,2-lead,quality_flag,pacemaker:present,29,26,0,0,0.0,1.0,0.0,1.0,0.0,,0,0,0,0,,,,,,0.0,,1.0,,,0.0079969237208249,,,0.0107687594929547
Fixed I+II,subcode,IRBBB,2-lead,quality_flag,pacemaker:absent,2169,1883,112,106,0.0,1.0,0.0,1.0,0.0,,0,0,0,0,,,,,0.0,0.0,1.0,1.0,0.6701463643308563,0.1527724732316201,0.0471325922866166,0.8080075005208694,0.2417330125215601,0.0448461884104211
Fixed I+II,subcode,IRBBB,2-lead,quality,any_flag,679,618,38,37,0.0,1.0,0.0,1.0,0.0,,0,0,0,0,,,,,0.0,0.0,1.0,1.0,0.6023483044584942,0.1003780638329662,0.0535887913019494,0.7750636341243123,0.2696346390421683,0.0484712831613863
Fixed I+II,subcode,IRBBB,2-lead,quality,no_flags,1519,1382,74,70,0.0,1.0,0.0,1.0,0.0,,0,0,0,0,,,,,0.0,0.0,1.0,1.0,0.701786215281025,0.2013290338914189,0.0434994826619826,0.8239783035630787,0.2389441740188396,0.0425751648590636
Fixed I+II,subcode,ISCAL,2-lead,overall,all,2198,1904,66,65,0.0,1.0,0.0,1.0,0.0,,0,0,0,0,,,,,0.0,0.0,1.0,1.0,0.9076127124907614,0.2148147736565168,0.0259419814919444,0.9066746261868212,0.2063521564829761,0.0259531971846117
Fixed I+II,subcode,ISCAL,2-lead,sex,0,1132,969,32,32,0.0,1.0,0.0,1.0,0.0,,0,0,0,0,,,,,0.0,0.0,1.0,1.0,0.9305113636363638,0.2719196573438684,0.0236773306536318,0.9176704545454546,0.2486358157749925,0.0238053775584911
Fixed I+II,subcode,ISCAL,2-lead,sex,1,1066,935,34,33,0.0,1.0,0.0,1.0,0.0,,0,0,0,0,,,,,0.0,0.0,1.0,1.0,0.883578431372549,0.1771834743823804,0.0283468452339425,0.893781349749202,0.1802914062025765,0.0282339962622556
Fixed I+II,subcode,ISCAL,2-lead,age_band,40-64,866,755,21,21,0.0,1.0,0.0,1.0,0.0,,0,0,0,0,,,,,0.0,0.0,1.0,1.0,0.930966469428008,0.1939311248946343,0.0209125295876935,0.92690898844745,0.2322106215781409,0.0207081922822934
Fixed I+II,subcode,ISCAL,2-lead,age_band,<40,284,266,0,0,0.0,1.0,0.0,1.0,0.0,,0,0,0,0,,,,,,0.0,,1.0,,,0.0001830217142139,,,0.0003379851650967
Fixed I+II,subcode,ISCAL,2-lead,age_band,65-79,708,615,20,20,0.0,1.0,0.0,1.0,0.0,,0,0,0,0,,,,,0.0,0.0,1.0,1.0,0.8949127906976744,0.1685767884317514,0.025684506309959,0.8901889534883721,0.1652623203993956,0.0256615349221736
Fixed I+II,subcode,ISCAL,2-lead,age_band,80+,340,274,25,24,0.0,1.0,0.0,1.0,0.0,,0,0,0,0,,,,,0.0,0.0,1.0,1.0,0.8091428571428572,0.3036708230365283,0.0608047531237164,0.817015873015873,0.2622181997053991,0.0613161128927176
Fixed I+II,subcode,ISCAL,2-lead,quality_flag,baseline_drift:present,236,231,9,9,0.0,1.0,0.0,1.0,0.0,,0,0,0,0,,,,,0.0,0.0,1.0,1.0,0.9623103279490944,0.5962445644024592,0.0282669419415673,0.936368086147822,0.4312508266531255,0.0293096350530693
Fixed I+II,subcode,ISCAL,2-lead,quality_flag,baseline_drift:absent,1962,1727,57,56,0.0,1.0,0.0,1.0,0.0,,0,0,0,0,,,,,0.0,0.0,1.0,1.0,0.9002440484413133,0.1945464495266035,0.0256623226407156,0.9024450891007044,0.1793373662369714,0.0255494666357044
Fixed I+II,subcode,ISCAL,2-lead,quality_flag,static_noise:present,316,292,11,11,0.0,1.0,0.0,1.0,0.0,,0,0,0,0,,,,,0.0,0.0,1.0,1.0,0.9338301043219076,0.4862713708457794,0.0260876338499752,0.94575260804769,0.2885478833531372,0.0273863142714834
Fixed I+II,subcode,ISCAL,2-lead,quality_flag,static_noise:absent,1882,1668,55,54,0.0,1.0,0.0,1.0,0.0,,0,0,0,0,,,,,0.0,0.0,1.0,1.0,0.9017664328009156,0.165712267005199,0.0259175255168447,0.8976066079514355,0.1943696553819274,0.0257125675355939
Fixed I+II,subcode,ISCAL,2-lead,quality_flag,burst_noise:present,40,40,0,0,0.0,1.0,0.0,1.0,0.0,,0,0,0,0,,,,,,0.0,,1.0,,,0.0088422961659397,,,0.007639931315866
Fixed I+II,subcode,ISCAL,2-lead,quality_flag,burst_noise:absent,2158,1872,66,65,0.0,1.0,0.0,1.0,0.0,,0,0,0,0,,,,,0.0,0.0,1.0,1.0,0.908699808795411,0.2245787017101504,0.026258935807533,0.9077510284489252,0.211278662673897,0.0262926460422344
Fixed I+II,subcode,ISCAL,2-lead,quality_flag,electrodes_problems:absent,2195,1901,66,65,0.0,1.0,0.0,1.0,0.0,,0,0,0,0,,,,,0.0,0.0,1.0,1.0,0.9075252288028238,0.2148268359152816,0.0259764613420778,0.9067423886587812,0.2065119395734309,0.0259819915444332
Fixed I+II,subcode,ISCAL,2-lead,quality_flag,extra_beats:present,198,184,14,14,0.0,1.0,0.0,1.0,0.0,,0,0,0,0,,,,,0.0,0.0,1.0,1.0,0.8152173913043478,0.2473576284299654,0.0596708407371098,0.8101708074534162,0.2594029367358277,0.0596801828606396
Fixed I+II,subcode,ISCAL,2-lead,quality_flag,extra_beats:absent,2000,1757,52,51,0.0,1.0,0.0,1.0,0.0,,0,0,0,0,,,,,0.0,0.0,1.0,1.0,0.9158505765281946,0.2151265008669345,0.0226028244266731,0.9136491075659454,0.194169033167647,0.0226142256026849
Fixed I+II,subcode,ISCAL,2-lead,quality_flag,pacemaker:present,29,26,0,0,0.0,1.0,0.0,1.0,0.0,,0,0,0,0,,,,,,0.0,,1.0,,,0.0006783728744245,,,0.00143589680302
Fixed I+II,subcode,ISCAL,2-lead,quality_flag,pacemaker:absent,2169,1883,66,65,0.0,1.0,0.0,1.0,0.0,,0,0,0,0,,,,,0.0,0.0,1.0,1.0,0.9067061485035808,0.2149458621609247,0.0262797614135249,0.9062882750471908,0.2067435179682825,0.0262809988033605
Fixed I+II,subcode,ISCAL,2-lead,quality,any_flag,679,618,25,25,0.0,1.0,0.0,1.0,0.0,,0,0,0,0,,,,,0.0,0.0,1.0,1.0,0.9060550458715596,0.2996606516759052,0.0303964174524905,0.9071559633027524,0.257762986262636,0.030828120442762
Fixed I+II,subcode,ISCAL,2-lead,quality,no_flags,1519,1382,41,40,0.0,1.0,0.0,1.0,0.0,,0,0,0,0,,,,,0.0,0.0,1.0,1.0,0.9079672596455328,0.1744620560395011,0.0239508280902257,0.9054589260371628,0.1814073447548454,0.0237740840231343
Fixed I+II,subcode,ISC_,2-lead,overall,all,2198,1904,128,121,0.0,1.0,0.0,1.0,0.0,,0,0,0,0,,,,,0.0,0.0,1.0,1.0,0.9239696557971016,0.5392389653734518,0.0372196237436336,0.9517814009661836,0.6181438628907956,0.033626206077189
Fixed I+II,subcode,ISC_,2-lead,sex,0,1132,969,61,57,0.0,1.0,0.0,1.0,0.0,,0,0,0,0,,,,,0.0,0.0,1.0,1.0,0.9334159893465582,0.5183665925529393,0.0358751279782334,0.95483001943947,0.5803875833876541,0.0329329510630999
Fixed I+II,subcode,ISC_,2-lead,sex,1,1066,935,67,64,0.0,1.0,0.0,1.0,0.0,,0,0,0,0,,,,,0.0,0.0,1.0,1.0,0.9153033630645572,0.5688791923725286,0.0386473622112068,0.9488891876951576,0.661185707728133,0.0343623830715124
Fixed I+II,subcode,ISC_,2-lead,age_band,40-64,866,755,23,23,0.0,1.0,0.0,1.0,0.0,,0,0,0,0,,,,,0.0,0.0,1.0,1.0,0.912269843725824,0.595382192447396,0.0166970929906305,0.9563670122234256,0.5214345265035804,0.0178291041636619
Fixed I+II,subcode,ISC_,2-lead,age_band,<40,284,266,3,3,0.0,1.0,0.0,1.0,0.0,,0,0,0,0,,,,,0.0,0.0,1.0,1.0,0.9976275207591934,0.8055555555555556,0.0051920123056252,0.99644128113879,0.7555555555555555,0.0059913654227323
Fixed I+II,subcode,ISC_,2-lead,age_band,65-79,708,615,65,62,0.0,1.0,0.0,1.0,0.0,,0,0,0,0,,,,,0.0,0.0,1.0,1.0,0.9025242253858116,0.5599767596899731,0.0572544807923862,0.9394664433544684,0.6655907654258189,0.0499931129763589
Fixed I+II,subcode,ISC_,2-lead,age_band,80+,340,274,37,33,0.0,1.0,0.0,1.0,0.0,,0,0,0,0,,,,,0.0,0.0,1.0,1.0,0.8721791098028722,0.4585206619391047,0.0745245487141577,0.9106234947819106,0.6251808728673871,0.0628638970135648
Fixed I+II,subcode,ISC_,2-lead,quality_flag,baseline_drift:present,236,231,13,13,0.0,1.0,0.0,1.0,0.0,,0,0,0,0,,,,,0.0,0.0,1.0,1.0,0.931010693342532,0.5178872980865175,0.0377760156111924,0.9589513625388064,0.690373490260368,0.0283925715407992
Fixed I+II,subcode,ISC_,2-lead,quality_flag,baseline_drift:absent,1962,1727,115,110,0.0,1.0,0.0,1.0,0.0,,0,0,0,0,,,,,0.0,0.0,1.0,1.0,0.9234763776747252,0.5440606579550846,0.0371526979124695,0.951140509875003,0.6128414939042623,0.0342557360214234
Fixed I+II,subcode,ISC_,2-lead,quality_flag,static_noise:present,316,292,12,12,0.0,1.0,0.0,1.0,0.0,,0,0,0,0,,,,,0.0,0.0,1.0,1.0,0.9709429824561404,0.6725178071315593,0.0222559100260524,0.9805372807017544,0.6526555580434892,0.0222888901967657
Fixed I+II,subcode,ISC_,2-lead,quality_flag,static_noise:absent,1882,1668,116,110,0.0,1.0,0.0,1.0,0.0,,0,0,0,0,,,,,0.0,0.0,1.0,1.0,0.9186550552583278,0.5329105355604697,0.0397321282785728,0.9483588471902216,0.6195031101505863,0.0355298149072706
Fixed I+II,subcode,ISC_,2-lead,quality_flag,burst_noise:present,40,40,2,2,0.0,1.0,0.0,1.0,0.0,,0,0,0,0,,,,,0.0,0.0,1.0,1.0,0.9605263157894736,0.7,0.0344091358524786,0.8421052631578948,0.2159090909090909,0.0562658289523894
Fixed I+II,subcode,ISC_,2-lead,quality_flag,burst_noise:absent,2158,1872,126,119,0.0,1.0,0.0,1.0,0.0,,0,0,0,0,,,,,0.0,0.0,1.0,1.0,0.9236150168728908,0.5399962152506179,0.0372717180511619,0.95312695288089,0.628383527917466,0.0332065652453966
Fixed I+II,subcode,ISC_,2-lead,quality_flag,electrodes_problems:absent,2195,1901,127,120,0.0,1.0,0.0,1.0,0.0,,0,0,0,0,,,,,0.0,0.0,1.0,1.0,0.9237956715758692,0.5395983455038831,0.036964157706677,0.9521124293699263,0.6198491162713656,0.0332903109673764
Fixed I+II,subcode,ISC_,2-lead,quality_flag,extra_beats:present,198,184,18,17,0.0,1.0,0.0,1.0,0.0,,0,0,0,0,,,,,0.0,0.0,1.0,1.0,0.8950617283950617,0.4247487571510182,0.06599842950245,0.954320987654321,0.7176993368363338,0.0456452384358525
Fixed I+II,subcode,ISC_,2-lead,quality_flag,extra_beats:absent,2000,1757,110,105,0.0,1.0,0.0,1.0,0.0,,0,0,0,0,,,,,0.0,0.0,1.0,1.0,0.926151996151996,0.5645754367908726,0.0343705219735107,0.9521837421837422,0.6083051707019602,0.0324363218736813
Fixed I+II,subcode,ISC_,2-lead,quality_flag,pacemaker:present,29,26,0,0,0.0,1.0,0.0,1.0,0.0,,0,0,0,0,,,,,,0.0,,1.0,,,0.0013860165533749,,,0.0023344678982913
Fixed I+II,subcode,ISC_,2-lead,quality_flag,pacemaker:absent,2169,1883,128,121,0.0,1.0,0.0,1.0,0.0,,0,0,0,0,,,,,0.0,0.0,1.0,1.0,0.9237850624693776,0.5397269096940477,0.0376987268365416,0.9518082435080842,0.6190017627095847,0.0340445833972388
Fixed I+II,subcode,ISC_,2-lead,quality,any_flag,679,618,38,37,0.0,1.0,0.0,1.0,0.0,,0,0,0,0,,,,,0.0,0.0,1.0,1.0,0.9379259380901552,0.5078411117440619,0.0377079888651988,0.9593152147138516,0.6218454688053094,0.0321827668546407
Fixed I+II,subcode,ISC_,2-lead,quality,no_flags,1519,1382,90,87,0.0,1.0,0.0,1.0,0.0,,0,0,0,0,,,,,0.0,0.0,1.0,1.0,0.920558276961356,0.5622487255225869,0.0370013222837634,0.9499883368322836,0.623237325824502,0.0342714300614617
Fixed I+II,subcode,IVCD,2-lead,overall,all,2198,1904,79,77,0.0,1.0,0.0,1.0,0.0,,0,0,0,0,,,,,0.0,0.0,1.0,1.0,0.6749959677660229,0.0806843577882243,0.0341656384902362,0.6624034503975484,0.0907787681880722,0.0341785305912824
Fixed I+II,subcode,IVCD,2-lead,sex,0,1132,969,45,44,0.0,1.0,0.0,1.0,0.0,,0,0,0,0,,,,,0.0,0.0,1.0,1.0,0.6878871511806195,0.0757267000179528,0.0376805159679321,0.6886640089951958,0.1206101428843785,0.0374902587501536
Fixed I+II,subcode,IVCD,2-lead,sex,1,1066,935,34,33,0.0,1.0,0.0,1.0,0.0,,0,0,0,0,,,,,0.0,0.0,1.0,1.0,0.658515731874145,0.1025262979653483,0.0304331419566981,0.6259974920200638,0.0646334848683584,0.0306617611017493
Fixed I+II,subcode,IVCD,2-lead,age_band,40-64,866,755,31,31,0.0,1.0,0.0,1.0,0.0,,0,0,0,0,,,,,0.0,0.0,1.0,1.0,0.6628163028781147,0.071335999493675,0.034170950436081,0.6588757967935097,0.1201518418708555,0.0340863389368515
Fixed I+II,subcode,IVCD,2-lead,age_band,<40,284,266,4,3,0.0,1.0,0.0,1.0,0.0,,0,0,0,0,,,,,0.0,0.0,1.0,1.0,0.4232142857142856,0.0150069556270769,0.0142948034062475,0.4455357142857143,0.0295600909314131,0.0141189681052881
Fixed I+II,subcode,IVCD,2-lead,age_band,65-79,708,615,29,29,0.0,1.0,0.0,1.0,0.0,,0,0,0,0,,,,,0.0,0.0,1.0,1.0,0.7141333604184652,0.0948056910951237,0.0385319815217749,0.6616728454623939,0.1136386137896223,0.0387301636787054
Fixed I+II,subcode,IVCD,2-lead,age_band,80+,340,274,15,14,0.0,1.0,0.0,1.0,0.0,,0,0,0,0,,,,,0.0,0.0,1.0,1.0,0.6385641025641026,0.1823118093620075,0.0416578330561828,0.660923076923077,0.0874570462141921,0.0416908761585293
Fixed I+II,subcode,IVCD,2-lead,quality_flag,baseline_drift:present,236,231,8,8,0.0,1.0,0.0,1.0,0.0,,0,0,0,0,,,,,0.0,0.0,1.0,1.0,0.7286184210526315,0.0803190681201005,0.0323036196687574,0.700109649122807,0.0799377204625538,0.0322786305964791
Fixed I+II,subcode,IVCD,2-lead,quality_flag,baseline_drift:absent,1962,1727,71,69,0.0,1.0,0.0,1.0,0.0,,0,0,0,0,,,,,0.0,0.0,1.0,1.0,0.6694200102784875,0.0829634104169844,0.034389612211882,0.6582849822360923,0.0954630056083839,0.0344070608658866
Fixed I+II,subcode,IVCD,2-lead,quality_flag,static_noise:present,316,292,11,11,0.0,1.0,0.0,1.0,0.0,,0,0,0,0,,,,,0.0,0.0,1.0,1.0,0.7225037257824142,0.0689453253879174,0.0331362605835315,0.6461997019374068,0.0990587671507672,0.0332958027126739
Fixed I+II,subcode,IVCD,2-lead,quality_flag,static_noise:absent,1882,1668,68,66,0.0,1.0,0.0,1.0,0.0,,0,0,0,0,,,,,0.0,0.0,1.0,1.0,0.6664099487645112,0.0843202210509697,0.0343384777136787,0.6651452753096828,0.0924447612417311,0.0343267463243537
Fixed I+II,subcode,IVCD,2-lead,quality_flag,burst_noise:present,40,40,4,4,0.0,1.0,0.0,1.0,0.0,,0,0,0,0,,,,,0.0,0.0,1.0,1.0,0.6527777777777778,0.1709292412617221,0.0925437624844893,0.5138888888888888,0.1203262463343108,0.0940708432727144
Fixed I+II,subcode,IVCD,2-lead,quality_flag,burst_noise:absent,2158,1872,75,73,0.0,1.0,0.0,1.0,0.0,,0,0,0,0,,,,,0.0,0.0,1.0,1.0,0.673157305168827,0.0805371640087668,0.0330835601956254,0.6664682349175869,0.0926889319155868,0.0330683857779101
Fixed I+II,subcode,IVCD,2-lead,quality_flag,electrodes_problems:absent,2195,1901,79,77,0.0,1.0,0.0,1.0,0.0,,0,0,0,0,,,,,0.0,0.0,1.0,1.0,0.6749898303462468,0.0807317962939244,0.034210393726915,0.6625768706180756,0.0908337179353691,0.0342226496254649
Fixed I+II,subcode,IVCD,2-lead,quality_flag,extra_beats:present,198,184,9,9,0.0,1.0,0.0,1.0,0.0,,0,0,0,0,,,,,0.0,0.0,1.0,1.0,0.6484420928865373,0.0963358165308373,0.043067869616503,0.6660787771898884,0.0969175844940494,0.042851144926493
Fixed I+II,subcode,IVCD,2-lead,quality_flag,extra_beats:absent,2000,1757,70,68,0.0,1.0,0.0,1.0,0.0,,0,0,0,0,,,,,0.0,0.0,1.0,1.0,0.6746928201332347,0.0821927425482984,0.0332843176087358,0.659940784603997,0.0931095544069501,0.0333199417720965
Fixed I+II,subcode,IVCD,2-lead,quality_flag,pacemaker:present,29,26,0,0,0.0,1.0,0.0,1.0,0.0,,0,0,0,0,,,,,,0.0,,1.0,,,0.0022317432246607,,,0.0018997091332851
Fixed I+II,subcode,IVCD,2-lead,quality_flag,pacemaker:absent,2169,1883,79,77,0.0,1.0,0.0,1.0,0.0,,0,0,0,0,,,,,0.0,0.0,1.0,1.0,0.6754466719156925,0.0818174218834255,0.0345926015896838,0.6635212888377445,0.0921001668319378,0.0346101054286645
Fixed I+II,subcode,IVCD,2-lead,quality,any_flag,679,618,22,22,0.0,1.0,0.0,1.0,0.0,,0,0,0,0,,,,,0.0,0.0,1.0,1.0,0.6811263318112634,0.0614182371598005,0.0311489089996497,0.6448733914487339,0.0732776320624112,0.031110950407767
Fixed I+II,subcode,IVCD,2-lead,quality,no_flags,1519,1382,57,55,0.0,1.0,0.0,1.0,0.0,,0,0,0,0,,,,,0.0,0.0,1.0,1.0,0.6732666138670891,0.0927575507512077,0.0355141304745077,0.6700506395948832,0.1052079193280564,0.0355497530696279
Fixed I+II,subcode,LAFB,2-lead,overall,all,2198,1904,162,150,0.0,1.0,0.0,1.0,0.0,,0,0,0,0,,,,,0.0,0.0,1.0,1.0,0.9182856727061048,0.5721474980851519,0.0457668110804779,0.8960440466661815,0.3678364567886188,0.0545089617309158
Fixed I+II,subcode,LAFB,2-lead,sex,0,1132,969,88,81,0.0,1.0,0.0,1.0,0.0,,0,0,0,0,,,,,0.0,0.0,1.0,1.0,0.9258533611981888,0.595837695580147,0.0466650852767599,0.8946577847439916,0.3608613634006717,0.0576385733391943
Fixed I+II,subcode,LAFB,2-lead,sex,1,1066,935,74,69,0.0,1.0,0.0,1.0,0.0,,0,0,0,0,,,,,0.0,0.0,1.0,1.0,0.9091652136006976,0.5540916661963231,0.0448129214086287,0.8968913469921534,0.3874747224331732,0.0511855843007364
Fixed I+II,subcode,LAFB,2-lead,age_band,40-64,866,755,41,40,0.0,1.0,0.0,1.0,0.0,,0,0,0,0,,,,,0.0,0.0,1.0,1.0,0.92810051736881,0.3463344990559532,0.0368218488311542,0.9046563192904656,0.3039014700824704,0.0384790779754065
Fixed I+II,subcode,LAFB,2-lead,age_band,<40,284,266,4,4,0.0,1.0,0.0,1.0,0.0,,0,0,0,0,,,,,0.0,0.0,1.0,1.0,0.9107142857142856,0.0877879380147982,0.0160529672229391,0.8401785714285713,0.061479828042328,0.0156806751031702
Fixed I+II,subcode,LAFB,2-lead,age_band,65-79,708,615,66,59,0.0,1.0,0.0,1.0,0.0,,0,0,0,0,,,,,0.0,0.0,1.0,1.0,0.9148258283772304,0.6573207791817162,0.0495413107828554,0.9127017841971112,0.4287610522240637,0.0642170101779551
Fixed I+II,subcode,LAFB,2-lead,age_band,80+,340,274,51,47,0.0,1.0,0.0,1.0,0.0,,0,0,0,0,,,,,0.0,0.0,1.0,1.0,0.8657303751950608,0.6480372877634437,0.0855101145339255,0.7939480290386051,0.4407461636511066,0.1075554747722308
Fixed I+II,subcode,LAFB,2-lead,quality_flag,baseline_drift:present,236,231,11,11,0.0,1.0,0.0,1.0,0.0,,0,0,0,0,,,,,0.0,0.0,1.0,1.0,0.8965656565656566,0.4539709373300704,0.0386711062228092,0.8650505050505051,0.1862237610048471,0.0498305096276067
Fixed I+II,subcode,LAFB,2-lead,quality_flag,baseline_drift:absent,1962,1727,151,142,0.0,1.0,0.0,1.0,0.0,,0,0,0,0,,,,,0.0,0.0,1.0,1.0,0.9200288158092014,0.5862410705372683,0.0466203209410334,0.8990239924523059,0.3956216437141807,0.0550717113213241
Fixed I+II,subcode,LAFB,2-lead,quality_flag,static_noise:present,316,292,23,22,0.0,1.0,0.0,1.0,0.0,,0,0,0,0,,,,,0.0,0.0,1.0,1.0,0.8912301528416678,0.5491485543351221,0.0504950226054914,0.8556165603205224,0.294816868920113,0.0602733980565325
Fixed I+II,subcode,LAFB,2-lead,quality_flag,static_noise:absent,1882,1668,139,129,0.0,1.0,0.0,1.0,0.0,,0,0,0,0,,,,,0.0,0.0,1.0,1.0,0.922373976894216,0.5855263684229964,0.0449729137149602,0.902623856164638,0.3873647303946192,0.0535410755040854
Fixed I+II,subcode,LAFB,2-lead,quality_flag,burst_noise:present,40,40,3,3,0.0,1.0,0.0,1.0,0.0,,0,0,0,0,,,,,0.0,0.0,1.0,1.0,0.8918918918918919,0.3909090909090909,0.0564156419984938,0.9729729729729728,0.8333333333333333,0.0419241284432137
Fixed I+II,subcode,LAFB,2-lead,quality_flag,burst_noise:absent,2158,1872,159,148,0.0,1.0,0.0,1.0,0.0,,0,0,0,0,,,,,0.0,0.0,1.0,1.0,0.9186385645653016,0.5756185576834965,0.0455694277455749,0.8951740020953873,0.3653859841868977,0.0547422301885192
Fixed I+II,subcode,LAFB,2-lead,quality_flag,electrodes_problems:absent,2195,1901,162,150,0.0,1.0,0.0,1.0,0.0,,0,0,0,0,,,,,0.0,0.0,1.0,1.0,0.9183047615577538,0.5723260881087777,0.0458162783251467,0.8960515688667845,0.3679181301881795,0.054578074327896
Fixed I+II,subcode,LAFB,2-lead,quality_flag,extra_beats:present,198,184,17,17,0.0,1.0,0.0,1.0,0.0,,0,0,0,0,,,,,0.0,0.0,1.0,1.0,0.9213519662008448,0.569381634720445,0.0611263094326808,0.8462788430289243,0.3697006711043345,0.0709056264398056
Fixed I+II,subcode,LAFB,2-lead,quality_flag,extra_beats:absent,2000,1757,145,136,0.0,1.0,0.0,1.0,0.0,,0,0,0,0,,,,,0.0,0.0,1.0,1.0,0.9201264057997957,0.5801918939019787,0.0442462207436098,0.9017752579235988,0.3804090971880901,0.0528856919247357
Fixed I+II,subcode,LAFB,2-lead,quality_flag,pacemaker:present,29,26,0,0,0.0,1.0,0.0,1.0,0.0,,0,0,0,0,,,,,,0.0,,1.0,,,0.03205426547706,,,0.0283916980649243
Fixed I+II,subcode,LAFB,2-lead,quality_flag,pacemaker:absent,2169,1883,162,150,0.0,1.0,0.0,1.0,0.0,,0,0,0,0,,,,,0.0,0.0,1.0,1.0,0.9192456033512336,0.5765285876936371,0.0459501507865632,0.8971131902538647,0.371839036671059,0.0548581552054726
Fixed I+II,subcode,LAFB,2-lead,quality,any_flag,679,618,49,47,0.0,1.0,0.0,1.0,0.0,,0,0,0,0,,,,,0.0,0.0,1.0,1.0,0.9039844509232264,0.5351653209005218,0.0507496519337714,0.8693553611920958,0.3045796795257771,0.0591882080711254
Fixed I+II,subcode,LAFB,2-lead,quality,no_flags,1519,1382,113,108,0.0,1.0,0.0,1.0,0.0,,0,0,0,0,,,,,0.0,0.0,1.0,1.0,0.9254144689636072,0.6068590139406653,0.0435394582566555,0.908294414582258,0.4219820351265124,0.052417317053495
Fixed I+II,subcode,LAO/LAE,2-lead,overall,all,2198,1904,42,42,0.0,1.0,0.0,1.0,0.0,,0,0,0,0,,,,,0.0,0.0,1.0,1.0,0.7585917483876667,0.056774975182675,0.0184437214580888,0.8001479812704302,0.0748408399306296,0.018312776756803
Fixed I+II,subcode,LAO/LAE,2-lead,sex,0,1132,969,20,20,0.0,1.0,0.0,1.0,0.0,,0,0,0,0,,,,,0.0,0.0,1.0,1.0,0.8327338129496403,0.0959664771871528,0.0169141150127391,0.8730215827338129,0.0976537354491793,0.0167966512658836
Fixed I+II,subcode,LAO/LAE,2-lead,sex,1,1066,935,22,22,0.0,1.0,0.0,1.0,0.0,,0,0,0,0,,,,,0.0,0.0,1.0,1.0,0.689176245210728,0.0438418655993171,0.0200680314919873,0.73075583420411,0.0776067407032018,0.019922771180556
Fixed I+II,subcode,LAO/LAE,2-lead,age_band,40-64,866,755,14,14,0.0,1.0,0.0,1.0,0.0,,0,0,0,0,,,,,0.0,0.0,1.0,1.0,0.8423876592890678,0.145462197974423,0.0154655641928622,0.9000670690811535,0.2245189250154495,0.0152512204159525
Fixed I+II,subcode,LAO/LAE,2-lead,age_band,<40,284,266,0,0,0.0,1.0,0.0,1.0,0.0,,0,0,0,0,,,,,,0.0,,1.0,,,0.0001535247815895,,,0.0001384279641874
Fixed I+II,subcode,LAO/LAE,2-lead,age_band,65-79,708,615,17,17,0.0,1.0,0.0,1.0,0.0,,0,0,0,0,,,,,0.0,0.0,1.0,1.0,0.6859623733719248,0.0480006556953803,0.0232736473600289,0.6960926193921853,0.0516081950538695,0.0232299634294312
Fixed I+II,subcode,LAO/LAE,2-lead,age_band,80+,340,274,11,11,0.0,1.0,0.0,1.0,0.0,,0,0,0,0,,,,,0.0,0.0,1.0,1.0,0.6029289859077094,0.0651531793481271,0.0312493464852607,0.6465874550980935,0.0709260779462151,0.0310523493569751
Fixed I+II,subcode,LAO/LAE,2-lead,quality_flag,baseline_drift:present,236,231,5,5,0.0,1.0,0.0,1.0,0.0,,0,0,0,0,,,,,0.0,0.0,1.0,1.0,0.7264069264069265,0.2377094624181173,0.0204489984245761,0.7437229437229437,0.0594183773216031,0.0205772826518968
Fixed I+II,subcode,LAO/LAE,2-lead,quality_flag,baseline_drift:absent,1962,1727,37,37,0.0,1.0,0.0,1.0,0.0,,0,0,0,0,,,,,0.0,0.0,1.0,1.0,0.7625833625833626,0.0558855295666423,0.0182025158698671,0.8095050895050896,0.0828475011826,0.0180403897072402
Fixed I+II,subcode,LAO/LAE,2-lead,quality_flag,static_noise:present,316,292,7,7,0.0,1.0,0.0,1.0,0.0,,0,0,0,0,,,,,0.0,0.0,1.0,1.0,0.7679149329634767,0.1200105966449944,0.0212004676019027,0.830328247803976,0.2100341444270015,0.0208987394749532
Fixed I+II,subcode,LAO/LAE,2-lead,quality_flag,static_noise:absent,1882,1668,35,35,0.0,1.0,0.0,1.0,0.0,,0,0,0,0,,,,,0.0,0.0,1.0,1.0,0.7587129708407455,0.0528889055507738,0.0179808459100308,0.7942145564235439,0.0643322134821889,0.0178785768530115
Fixed I+II,subcode,LAO/LAE,2-lead,quality_flag,burst_noise:present,40,40,1,1,0.0,1.0,0.0,1.0,0.0,,0,0,0,0,,,,,0.0,0.0,1.0,1.0,1.0,1.0,0.0225536395864664,0.9743589743589745,0.5,0.023214921255233
Fixed I+II,subcode,LAO/LAE,2-lead,quality_flag,burst_noise:absent,2158,1872,41,41,0.0,1.0,0.0,1.0,0.0,,0,0,0,0,,,,,0.0,0.0,1.0,1.0,0.7533785729921542,0.0518118828287974,0.0183675413259595,0.7968132539143058,0.0737731465056239,0.018221912169251
Fixed I+II,subcode,LAO/LAE,2-lead,quality_flag,electrodes_problems:absent,2195,1901,42,42,0.0,1.0,0.0,1.0,0.0,,0,0,0,0,,,,,0.0,0.0,1.0,1.0,0.7588857187092208,0.0569423300837169,0.0184678005556594,0.8006767964965829,0.0750982394874914,0.0183360666072952
Fixed I+II,subcode,LAO/LAE,2-lead,quality_flag,extra_beats:present,198,184,6,6,0.0,1.0,0.0,1.0,0.0,,0,0,0,0,,,,,0.0,0.0,1.0,1.0,0.6744791666666666,0.0587821337821337,0.0291867729890256,0.7552083333333333,0.1151019392735913,0.028885219497662
Fixed I+II,subcode,LAO/LAE,2-lead,quality_flag,extra_beats:absent,2000,1757,36,36,0.0,1.0,0.0,1.0,0.0,,0,0,0,0,,,,,0.0,0.0,1.0,1.0,0.7619370898393302,0.059391194956105,0.017380159356526,0.8017368182846798,0.0758699255820889,0.0172661049254579
Fixed I+II,subcode,LAO/LAE,2-lead,quality_flag,pacemaker:present,29,26,0,0,0.0,1.0,0.0,1.0,0.0,,0,0,0,0,,,,,,0.0,,1.0,,,0.0007104496189425,,,0.0009246573820724
Fixed I+II,subcode,LAO/LAE,2-lead,quality_flag,pacemaker:absent,2169,1883,42,42,0.0,1.0,0.0,1.0,0.0,,0,0,0,0,,,,,0.0,0.0,1.0,1.0,0.7606062641323572,0.0581056334903846,0.0186808191451959,0.8032663935343766,0.0769477922824142,0.0185452596806698
Fixed I+II,subcode,LAO/LAE,2-lead,quality,any_flag,679,618,17,17,0.0,1.0,0.0,1.0,0.0,,0,0,0,0,,,,,0.0,0.0,1.0,1.0,0.7409809845388307,0.0869539192935325,0.0240208354443794,0.7814999111427048,0.1007175421527978,0.0238779177816304
Fixed I+II,subcode,LAO/LAE,2-lead,quality,no_flags,1519,1382,25,25,0.0,1.0,0.0,1.0,0.0,,0,0,0,0,,,,,0.0,0.0,1.0,1.0,0.7652744310575637,0.0497321318780878,0.0159507258052308,0.808380187416332,0.0702774605762358,0.0158251330728939
Fixed I+II,subcode,LVH,2-lead,overall,all,2198,1904,214,202,0.0,1.0,0.0,1.0,0.0,,0,0,0,0,,,,,0.0,0.0,1.0,1.0,0.8617444226710883,0.488252087790687,0.0663641418569491,0.9073028150437142,0.6139523477105366,0.0567546467515257
Fixed I+II,subcode,LVH,2-lead,sex,0,1132,969,109,105,0.0,1.0,0.0,1.0,0.0,,0,0,0,0,,,,,0.0,0.0,1.0,1.0,0.8417408772543428,0.4275930333521679,0.07017312379599,0.9040957069959734,0.5926046708285678,0.0578529350197355
Fixed I+II,subcode,LVH,2-lead,sex,1,1066,935,105,97,0.0,1.0,0.0,1.0,0.0,,0,0,0,0,,,,,0.0,0.0,1.0,1.0,0.8868539715574055,0.5514141289370557,0.0623193317678363,0.9110252217432238,0.6408671886445371,0.0555883593972916
Fixed I+II,subcode,LVH,2-lead,age_band,40-64,866,755,51,51,0.0,1.0,0.0,1.0,0.0,,0,0,0,0,,,,,0.0,0.0,1.0,1.0,0.8105377120173223,0.3532306422339049,0.048850466456714,0.8844219896547576,0.4329649503076415,0.0446303569270399
Fixed I+II,subcode,LVH,2-lead,age_band,<40,284,266,9,9,0.0,1.0,0.0,1.0,0.0,,0,0,0,0,,,,,0.0,0.0,1.0,1.0,0.9046464646464646,0.3751116466529123,0.0260493514566076,0.9321212121212122,0.4559762377750442,0.0302793752863318
Fixed I+II,subcode,LVH,2-lead,age_band,65-79,708,615,106,99,0.0,1.0,0.0,1.0,0.0,,0,0,0,0,,,,,0.0,0.0,1.0,1.0,0.8607471948849745,0.5426667182463272,0.093541871994954,0.9234626715978188,0.7339334696925935,0.0702604734540019
Fixed I+II,subcode,LVH,2-lead,age_band,80+,340,274,48,43,0.0,1.0,0.0,1.0,0.0,,0,0,0,0,,,,,0.0,0.0,1.0,1.0,0.8478167808219178,0.5786263946062846,0.0880535843057525,0.8551655251141553,0.6231323718001835,0.0816266666890746
Fixed I+II,subcode,LVH,2-lead,quality_flag,baseline_drift:present,236,231,22,22,0.0,1.0,0.0,1.0,0.0,,0,0,0,0,,,,,0.0,0.0,1.0,1.0,0.8663976210705182,0.3900474108968647,0.0731602562936181,0.9262956669498724,0.6264827539640928,0.0536888710822785
Fixed I+II,subcode,LVH,2-lead,quality_flag,baseline_drift:absent,1962,1727,192,182,0.0,1.0,0.0,1.0,0.0,,0,0,0,0,,,,,0.0,0.0,1.0,1.0,0.8612023305084745,0.5017850960391362,0.0655466683569217,0.9055320150659134,0.6133554658553277,0.0571234148748398
Fixed I+II,subcode,LVH,2-lead,quality_flag,static_noise:present,316,292,20,20,0.0,1.0,0.0,1.0,0.0,,0,0,0,0,,,,,0.0,0.0,1.0,1.0,0.9222972972972974,0.6370591139975444,0.0380276761533475,0.933108108108108,0.6293206464007123,0.0372152622744723
Fixed I+II,subcode,LVH,2-lead,quality_flag,static_noise:absent,1882,1668,194,184,0.0,1.0,0.0,1.0,0.0,,0,0,0,0,,,,,0.0,0.0,1.0,1.0,0.8537279523134802,0.4751216106108296,0.0711220181387441,0.9038146772853862,0.6158947500548408,0.060035436068608
Fixed I+II,subcode,LVH,2-lead,quality_flag,burst_noise:present,40,40,3,3,0.0,1.0,0.0,1.0,0.0,,0,0,0,0,,,,,0.0,0.0,1.0,1.0,0.8108108108108109,0.2532679738562091,0.0804821764715248,0.8738738738738739,0.2869047619047619,0.0790256146742892
Fixed I+II,subcode,LVH,2-lead,quality_flag,burst_noise:absent,2158,1872,211,199,0.0,1.0,0.0,1.0,0.0,,0,0,0,0,,,,,0.0,0.0,1.0,1.0,0.8624277963180685,0.4948978797585919,0.0661024544683565,0.9075208669553596,0.6191049178965987,0.0563418391903994
Fixed I+II,subcode,LVH,2-lead,quality_flag,electrodes_problems:absent,2195,1901,214,202,0.0,1.0,0.0,1.0,0.0,,0,0,0,0,,,,,0.0,0.0,1.0,1.0,0.8619407737996952,0.4886794860695981,0.0664107650642127,0.907487958031203,0.6142442770658454,0.0568094692124876
Fixed I+II,subcode,LVH,2-lead,quality_flag,extra_beats:present,198,184,24,23,0.0,1.0,0.0,1.0,0.0,,0,0,0,0,,,,,0.0,0.0,1.0,1.0,0.831896551724138,0.4026849335321868,0.0907702908580955,0.9169061302681992,0.721870103211163,0.0616694032135737
Fixed I+II,subcode,LVH,2-lead,quality_flag,extra_beats:absent,2000,1757,190,180,0.0,1.0,0.0,1.0,0.0,,0,0,0,0,,,,,0.0,0.0,1.0,1.0,0.864265774934574,0.5014001479571872,0.0639479331058356,0.9076068624600174,0.6043997293698752,0.056268085861783
Fixed I+II,subcode,LVH,2-lead,quality_flag,pacemaker:present,29,26,0,0,0.0,1.0,0.0,1.0,0.0,,0,0,0,0,,,,,,0.0,,1.0,,,0.0076936888316693,,,0.0098462999149508
Fixed I+II,subcode,LVH,2-lead,quality_flag,pacemaker:absent,2169,1883,214,202,0.0,1.0,0.0,1.0,0.0,,0,0,0,0,,,,,0.0,0.0,1.0,1.0,0.8615531706384301,0.489298295836396,0.0671485785271811,0.9077084877022732,0.6154028068825309,0.0573818215132872
Fixed I+II,subcode,LVH,2-lead,quality,any_flag,679,618,58,56,0.0,1.0,0.0,1.0,0.0,,0,0,0,0,,,,,0.0,0.0,1.0,1.0,0.8755899827863846,0.4327802252755812,0.0629788502143591,0.919429174301738,0.6052708985253699,0.0509969682675552
Fixed I+II,subcode,LVH,2-lead,quality,no_flags,1519,1382,156,149,0.0,1.0,0.0,1.0,0.0,,0,0,0,0,,,,,0.0,0.0,1.0,1.0,0.8574458679007468,0.512393555123416,0.0678773828216092,0.9051206802490736,0.6208792358827062,0.0593283555669411
Fixed I+II,subcode,NDT,2-lead,overall,all,2198,1904,182,176,0.0,1.0,0.0,1.0,0.0,,0,0,0,0,,,,,0.0,0.0,1.0,1.0,0.8270866038723181,0.2758526905136159,0.0673763433086487,0.8494816195709053,0.340745415472376,0.0644396529567031
Fixed I+II,subcode,NDT,2-lead,sex,0,1132,969,74,69,0.0,1.0,0.0,1.0,0.0,,0,0,0,0,,,,,0.0,0.0,1.0,1.0,0.8397792877944107,0.2691583064162232,0.0547386257966657,0.8492694017268687,0.2733309250205389,0.0542383180857928
Fixed I+II,subcode,NDT,2-lead,sex,1,1066,935,108,107,0.0,1.0,0.0,1.0,0.0,,0,0,0,0,,,,,0.0,0.0,1.0,1.0,0.8108230882239232,0.2883789919185673,0.0807965086215613,0.8440037114358617,0.3941449360739302,0.0752725901742176
Fixed I+II,subcode,NDT,2-lead,age_band,40-64,866,755,74,73,0.0,1.0,0.0,1.0,0.0,,0,0,0,0,,,,,0.0,0.0,1.0,1.0,0.852460414960415,0.3622170882839721,0.0648688252742954,0.8804770679770679,0.4293015208931549,0.0622831291064267
Fixed I+II,subcode,NDT,2-lead,age_band,<40,284,266,13,12,0.0,1.0,0.0,1.0,0.0,,0,0,0,0,,,,,0.0,0.0,1.0,1.0,0.9105875674141356,0.4111691644224811,0.0354015049347504,0.9128583593528244,0.4578323913441771,0.0346721310233424
Fixed I+II,subcode,NDT,2-lead,age_band,65-79,708,615,61,58,0.0,1.0,0.0,1.0,0.0,,0,0,0,0,,,,,0.0,0.0,1.0,1.0,0.8162262143056224,0.2919533409061803,0.0711924253643237,0.8193427420376517,0.3183285616935813,0.0695162198661938
Fixed I+II,subcode,NDT,2-lead,age_band,80+,340,274,34,33,0.0,1.0,0.0,1.0,0.0,,0,0,0,0,,,,,0.0,0.0,1.0,1.0,0.7058823529411764,0.1759643397410869,0.0925251039572346,0.7774894271434064,0.2584105566168959,0.08422587799051
Fixed I+II,subcode,NDT,2-lead,quality_flag,baseline_drift:present,236,231,15,15,0.0,1.0,0.0,1.0,0.0,,0,0,0,0,,,,,0.0,0.0,1.0,1.0,0.7861236802413273,0.1730061353662756,0.0595064844248533,0.8401206636500754,0.2592297560846964,0.0563889654498417
Fixed I+II,subcode,NDT,2-lead,quality_flag,baseline_drift:absent,1962,1727,167,162,0.0,1.0,0.0,1.0,0.0,,0,0,0,0,,,,,0.0,0.0,1.0,1.0,0.830760762597368,0.2890291146894817,0.0683229726137332,0.8512201224292362,0.3589802008588441,0.0654080333092104
Fixed I+II,subcode,NDT,2-lead,quality_flag,static_noise:present,316,292,26,25,0.0,1.0,0.0,1.0,0.0,,0,0,0,0,,,,,0.0,0.0,1.0,1.0,0.7591511936339523,0.2497190278006251,0.0719005947998654,0.8249336870026526,0.3135671110412484,0.0667857151338074
Fixed I+II,subcode,NDT,2-lead,quality_flag,static_noise:absent,1882,1668,156,153,0.0,1.0,0.0,1.0,0.0,,0,0,0,0,,,,,0.0,0.0,1.0,1.0,0.8381651662358499,0.2843887650380725,0.0666166921549694,0.8540348218795497,0.3454101660838515,0.0640457339089002
Fixed I+II,subcode,NDT,2-lead,quality_flag,burst_noise:present,40,40,5,5,0.0,1.0,0.0,1.0,0.0,,0,0,0,0,,,,,0.0,0.0,1.0,1.0,0.8171428571428571,0.5321212121212121,0.0925300442978954,0.8057142857142858,0.4166666666666667,0.0936205958379432
Fixed I+II,subcode,NDT,2-lead,quality_flag,burst_noise:absent,2158,1872,177,171,0.0,1.0,0.0,1.0,0.0,,0,0,0,0,,,,,0.0,0.0,1.0,1.0,0.8272173216175133,0.2737319740264386,0.0669101023264569,0.8505291797499978,0.3412254980820949,0.0638987643027413
Fixed I+II,subcode,NDT,2-lead,quality_flag,electrodes_problems:absent,2195,1901,182,176,0.0,1.0,0.0,1.0,0.0,,0,0,0,0,,,,,0.0,0.0,1.0,1.0,0.8270008679844746,0.2759393413138619,0.0674582194989958,0.8494702019292183,0.3408996740232228,0.0645094572453867
Fixed I+II,subcode,NDT,2-lead,quality_flag,extra_beats:present,198,184,17,16,0.0,1.0,0.0,1.0,0.0,,0,0,0,0,,,,,0.0,0.0,1.0,1.0,0.7130321741956451,0.2278864368100061,0.0826315362646542,0.7380565485862853,0.1782622959230085,0.0862796995276591
Fixed I+II,subcode,NDT,2-lead,quality_flag,extra_beats:absent,2000,1757,165,162,0.0,1.0,0.0,1.0,0.0,,0,0,0,0,,,,,0.0,0.0,1.0,1.0,0.8376649327058048,0.2918133316913066,0.0658660792060042,0.858819255222525,0.3869123177669828,0.0622774883461784
Fixed I+II,subcode,NDT,2-lead,quality_flag,pacemaker:present,29,26,0,0,0.0,1.0,0.0,1.0,0.0,,0,0,0,0,,,,,,0.0,,1.0,,,0.0041145728806259,,,0.0049023432833688
Fixed I+II,subcode,NDT,2-lead,quality_flag,pacemaker:absent,2169,1883,182,176,0.0,1.0,0.0,1.0,0.0,,0,0,0,0,,,,,0.0,0.0,1.0,1.0,0.8252514973702694,0.2763012111208892,0.0682221668874467,0.8479816610163868,0.3413393463217406,0.0652356796881585
Fixed I+II,subcode,NDT,2-lead,quality,any_flag,679,618,50,48,0.0,1.0,0.0,1.0,0.0,,0,0,0,0,,,,,0.0,0.0,1.0,1.0,0.7783783783783784,0.2296469652822483,0.0662459948023675,0.8165341812400636,0.2279470558815509,0.0655650390537467
Fixed I+II,subcode,NDT,2-lead,quality,no_flags,1519,1382,132,130,0.0,1.0,0.0,1.0,0.0,,0,0,0,0,,,,,0.0,0.0,1.0,1.0,0.8457101658255226,0.3099968475381515,0.0678816142999357,0.8619431517773263,0.4124188233367318,0.0639366001852136
Fixed I+II,subcode,NORM,2-lead,overall,all,2198,1904,963,882,0.0,1.0,0.0,1.0,0.0,,0,0,0,0,,,,,0.0,0.0,1.0,1.0,0.9106368845670372,0.8695186238635199,0.1195313199869924,0.9233728942533664,0.8875382428522531,0.1122732775039569
Fixed I+II,subcode,NORM,2-lead,sex,0,1132,969,516,465,0.0,1.0,0.0,1.0,0.0,,0,0,0,0,,,,,0.0,0.0,1.0,1.0,0.9144707037148898,0.8772487255603174,0.1163064285157251,0.9294995217960336,0.8981610610121835,0.1062095803315216
Fixed I+II,subcode,NORM,2-lead,sex,1,1066,935,447,417,0.0,1.0,0.0,1.0,0.0,,0,0,0,0,,,,,0.0,0.0,1.0,1.0,0.9068028464760582,0.8612872522639656,0.1229558764086384,0.9165898667476228,0.8756647448072149,0.1187124005801264
Fixed I+II,subcode,NORM,2-lead,age_band,40-64,866,755,488,440,0.0,1.0,0.0,1.0,0.0,,0,0,0,0,,,,,0.0,0.0,1.0,1.0,0.869069303495533,0.8781425984482141,0.1440883557313855,0.8925969294821754,0.907000554810482,0.1341392242305895
Fixed I+II,subcode,NORM,2-lead,age_band,<40,284,266,236,224,0.0,1.0,0.0,1.0,0.0,,0,0,0,0,,,,,0.0,0.0,1.0,1.0,0.7912252824858758,0.9380057591516836,0.1243734139686856,0.7960805084745763,0.9471764943165986,0.1313570541603257
Fixed I+II,subcode,NORM,2-lead,age_band,65-79,708,615,218,201,0.0,1.0,0.0,1.0,0.0,,0,0,0,0,,,,,0.0,0.0,1.0,1.0,0.9210915558884104,0.81920135437643,0.1061220098252982,0.9331211383636022,0.8158068968997744,0.0980097808738749
Fixed I+II,subcode,NORM,2-lead,age_band,80+,340,274,21,19,0.0,1.0,0.0,1.0,0.0,,0,0,0,0,,,,,0.0,0.0,1.0,1.0,0.8631138975966561,0.3638234912617232,0.0808614492488576,0.8823705030601583,0.3237410779199183,0.0703404927346201
Fixed I+II,subcode,NORM,2-lead,quality_flag,baseline_drift:present,236,231,115,113,0.0,1.0,0.0,1.0,0.0,,0,0,0,0,,,,,0.0,0.0,1.0,1.0,0.8977362558390226,0.8876823688465358,0.1362671395560818,0.9130434782608696,0.9106443241206136,0.1247054840361543
Fixed I+II,subcode,NORM,2-lead,quality_flag,baseline_drift:absent,1962,1727,848,789,0.0,1.0,0.0,1.0,0.0,,0,0,0,0,,,,,0.0,0.0,1.0,1.0,0.9125177839504082,0.8677550468347305,0.1175182448502416,0.924654271535517,0.8852071240506745,0.1107778642819393
Fixed I+II,subcode,NORM,2-lead,quality_flag,static_noise:present,316,292,125,114,0.0,1.0,0.0,1.0,0.0,,0,0,0,0,,,,,0.0,0.0,1.0,1.0,0.8834764397905759,0.8385097930002364,0.1440437154567197,0.9015706806282722,0.8415217863548861,0.1324987654012386
Fixed I+II,subcode,NORM,2-lead,quality_flag,static_noise:absent,1882,1668,838,784,0.0,1.0,0.0,1.0,0.0,,0,0,0,0,,,,,0.0,0.0,1.0,1.0,0.9157293866988544,0.8751742951564895,0.1154155298868681,0.92790716813431,0.8965028337127444,0.1088772869749765
Fixed I+II,subcode,NORM,2-lead,quality_flag,burst_noise:present,40,40,17,17,0.0,1.0,0.0,1.0,0.0,,0,0,0,0,,,,,0.0,0.0,1.0,1.0,0.946291560102302,0.9346238248487384,0.095159722725203,0.9539641943734016,0.934257524482438,0.1009855793263685
Fixed I+II,subcode,NORM,2-lead,quality_flag,burst_noise:absent,2158,1872,946,868,0.0,1.0,0.0,1.0,0.0,,0,0,0,0,,,,,0.0,0.0,1.0,1.0,0.9099290743027793,0.8683780825495209,0.1199830641438374,0.9229507253050888,0.8870178668062758,0.1124825026787037
Fixed I+II,subcode,NORM,2-lead,quality_flag,electrodes_problems:absent,2195,1901,963,882,0.0,1.0,0.0,1.0,0.0,,0,0,0,0,,,,,0.0,0.0,1.0,1.0,0.9104201224528328,0.8695189684639074,0.1196940982924779,0.923189673773786,0.8875398230593821,0.1124251148729521
Fixed I+II,subcode,NORM,2-lead,quality_flag,extra_beats:present,198,184,45,43,0.0,1.0,0.0,1.0,0.0,,0,0,0,0,,,,,0.0,0.0,1.0,1.0,0.9340595497458242,0.7809773376970452,0.0889151194388725,0.9387073347857662,0.793920107252589,0.0838349128975835
Fixed I+II,subcode,NORM,2-lead,quality_flag,extra_beats:absent,2000,1757,918,848,0.0,1.0,0.0,1.0,0.0,,0,0,0,0,,,,,0.0,0.0,1.0,1.0,0.9065164163837643,0.8735435978213578,0.1225623238412563,0.9199718909950508,0.8909260953486663,0.1150886755999879
Fixed I+II,subcode,NORM,2-lead,quality_flag,pacemaker:present,29,26,2,2,0.0,1.0,0.0,1.0,0.0,,0,0,0,0,,,,,0.0,0.0,1.0,1.0,0.962962962962963,0.75,0.0323371523577375,0.9074074074074074,0.6428571428571428,0.0316200969635153
Fixed I+II,subcode,NORM,2-lead,quality_flag,pacemaker:absent,2169,1883,961,881,0.0,1.0,0.0,1.0,0.0,,0,0,0,0,,,,,0.0,0.0,1.0,1.0,0.908999834609368,0.8696381734602262,0.1206971249022752,0.9220226240602022,0.887659479443061,0.1133516280044976
Fixed I+II,subcode,NORM,2-lead,quality,any_flag,679,618,259,240,0.0,1.0,0.0,1.0,0.0,,0,0,0,0,,,,,0.0,0.0,1.0,1.0,0.9124011766868908,0.855870780013395,0.1195512394895647,0.9207850707850708,0.8624552547585771,0.1135622657467489
Fixed I+II,subcode,NORM,2-lead,quality,no_flags,1519,1382,704,673,0.0,1.0,0.0,1.0,0.0,,0,0,0,0,,,,,0.0,0.0,1.0,1.0,0.9097741215839376,0.8745267731830633,0.1195224158775476,0.9239978388176242,0.8967662908247441,0.1116970938193908
Fixed I+II,subcode,NST_,2-lead,overall,all,2198,1904,77,75,0.0,1.0,0.0,1.0,0.0,,0,0,0,0,,,,,0.0,0.0,1.0,1.0,0.8252845692732539,0.1413875097701533,0.0318318889895152,0.8208820882088209,0.1421464092512755,0.0318010838302834
Fixed I+II,subcode,NST_,2-lead,sex,0,1132,969,28,26,0.0,1.0,0.0,1.0,0.0,,0,0,0,0,,,,,0.0,0.0,1.0,1.0,0.8743206521739131,0.1388892005619777,0.0225698112316011,0.8602160973084886,0.1603320859350562,0.0224965315225023
Fixed I+II,subcode,NST_,2-lead,sex,1,1066,935,49,49,0.0,1.0,0.0,1.0,0.0,,0,0,0,0,,,,,0.0,0.0,1.0,1.0,0.7806072281419942,0.1580336866966653,0.0416674162146173,0.7819115846928741,0.1511239125760389,0.0416817153616233
Fixed I+II,subcode,NST_,2-lead,age_band,40-64,866,755,8,8,0.0,1.0,0.0,1.0,0.0,,0,0,0,0,,,,,0.0,0.0,1.0,1.0,0.8967074592074592,0.060198372405859,0.0096656957698543,0.872960372960373,0.0552489357715044,0.0096831971909468
Fixed I+II,subcode,NST_,2-lead,age_band,<40,284,266,3,3,0.0,1.0,0.0,1.0,0.0,,0,0,0,0,,,,,0.0,0.0,1.0,1.0,0.9466192170818504,0.2188346883468834,0.0097737145080635,0.9442467378410438,0.1279461279461279,0.01009606622497
Fixed I+II,subcode,NST_,2-lead,age_band,65-79,708,615,36,34,0.0,1.0,0.0,1.0,0.0,,0,0,0,0,,,,,0.0,0.0,1.0,1.0,0.7985697751322751,0.1829275096351146,0.0451803972077127,0.792989417989418,0.1928937474861206,0.0450548204378712
Fixed I+II,subcode,NST_,2-lead,age_band,80+,340,274,30,30,0.0,1.0,0.0,1.0,0.0,,0,0,0,0,,,,,0.0,0.0,1.0,1.0,0.6561290322580645,0.2160968720780792,0.078919245055618,0.6874193548387098,0.1887270788619897,0.0786677582755847
Fixed I+II,subcode,NST_,2-lead,quality_flag,baseline_drift:present,236,231,6,6,0.0,1.0,0.0,1.0,0.0,,0,0,0,0,,,,,0.0,0.0,1.0,1.0,0.8289855072463769,0.1077771765271765,0.0244326748338472,0.8514492753623188,0.1977540088770198,0.0234289161350661
Fixed I+II,subcode,NST_,2-lead,quality_flag,baseline_drift:absent,1962,1727,71,70,0.0,1.0,0.0,1.0,0.0,,0,0,0,0,,,,,0.0,0.0,1.0,1.0,0.8257051563745242,0.148799210629498,0.0327219065943764,0.8200296437535844,0.1455209537292544,0.0328081335632454
Fixed I+II,subcode,NST_,2-lead,quality_flag,static_noise:present,316,292,10,10,0.0,1.0,0.0,1.0,0.0,,0,0,0,0,,,,,0.0,0.0,1.0,1.0,0.8117647058823529,0.1161963264538868,0.0296978140593536,0.7558823529411764,0.1144954844054624,0.0298002815909295
Fixed I+II,subcode,NST_,2-lead,quality_flag,static_noise:absent,1882,1668,67,65,0.0,1.0,0.0,1.0,0.0,,0,0,0,0,,,,,0.0,0.0,1.0,1.0,0.8271781587928129,0.1487185374875544,0.0321902140043564,0.8310266847580281,0.1526537182487159,0.0321370314964024
Fixed I+II,subcode,NST_,2-lead,quality_flag,burst_noise:present,40,40,1,1,0.0,1.0,0.0,1.0,0.0,,0,0,0,0,,,,,0.0,0.0,1.0,1.0,0.4358974358974359,0.0434782608695652,0.027181161136681,0.4358974358974359,0.0434782608695652,0.0253956725099915
Fixed I+II,subcode,NST_,2-lead,quality_flag,burst_noise:absent,2158,1872,76,74,0.0,1.0,0.0,1.0,0.0,,0,0,0,0,,,,,0.0,0.0,1.0,1.0,0.8297373476919966,0.1446830209442444,0.0319180933982795,0.8242770109712322,0.143872806061245,0.0319198124923834
Fixed I+II,subcode,NST_,2-lead,quality_flag,electrodes_problems:absent,2195,1901,77,75,0.0,1.0,0.0,1.0,0.0,,0,0,0,0,,,,,0.0,0.0,1.0,1.0,0.8254847135866966,0.1426381398616261,0.0318520711209504,0.8211005236500987,0.1435794450345831,0.0318269193195569
Fixed I+II,subcode,NST_,2-lead,quality_flag,extra_beats:present,198,184,11,11,0.0,1.0,0.0,1.0,0.0,,0,0,0,0,,,,,0.0,0.0,1.0,1.0,0.8638794360719494,0.4214923866536548,0.0454596017750151,0.917841516771998,0.571815683067557,0.0441395458979308
Fixed I+II,subcode,NST_,2-lead,quality_flag,extra_beats:absent,2000,1757,66,66,0.0,1.0,0.0,1.0,0.0,,0,0,0,0,,,,,0.0,0.0,1.0,1.0,0.8212763623828773,0.1170706448874103,0.0304827454237508,0.8129406787628091,0.1098769527534029,0.0305795760855864
Fixed I+II,subcode,NST_,2-lead,quality_flag,pacemaker:present,29,26,0,0,0.0,1.0,0.0,1.0,0.0,,0,0,0,0,,,,,,0.0,,1.0,,,0.0012840405596509,,,0.0020640258290659
Fixed I+II,subcode,NST_,2-lead,quality_flag,pacemaker:absent,2169,1883,77,75,0.0,1.0,0.0,1.0,0.0,,0,0,0,0,,,,,0.0,0.0,1.0,1.0,0.8241724814382559,0.1419686040161167,0.0322403203424272,0.8199448734821585,0.1439905761081815,0.0321986747394745
Fixed I+II,subcode,NST_,2-lead,quality,any_flag,679,618,24,24,0.0,1.0,0.0,1.0,0.0,,0,0,0,0,,,,,0.0,0.0,1.0,1.0,0.8228371501272265,0.2083358066553882,0.0317706613801928,0.8235368956743003,0.2344439682672535,0.0311889787678085
Fixed I+II,subcode,NST_,2-lead,quality,no_flags,1519,1382,53,53,0.0,1.0,0.0,1.0,0.0,,0,0,0,0,,,,,0.0,0.0,1.0,1.0,0.8267522973564313,0.1336964140869299,0.0318592580130373,0.8228783237663776,0.1221147961685742,0.0320746976139704
Fixed I+II,rhythm,AFIB,2-lead,overall,all,2198,1904,152,130,0.0,1.0,0.0,1.0,0.0,,0,0,0,0,,,,,0.0,0.0,1.0,1.0,0.9271781910788702,0.5500379274945847,0.043613904054684,0.9116761845963884,0.4339007129421812,0.0489784271682569
Fixed I+II,rhythm,AFIB,2-lead,sex,0,1132,969,81,66,0.0,1.0,0.0,1.0,0.0,,0,0,0,0,,,,,0.0,0.0,1.0,1.0,0.9317287474597972,0.5491789975514227,0.045918177968149,0.91746837227332,0.4440151410057278,0.0508169125614438
Fixed I+II,rhythm,AFIB,2-lead,sex,1,1066,935,71,64,0.0,1.0,0.0,1.0,0.0,,0,0,0,0,,,,,0.0,0.0,1.0,1.0,0.9238728855545332,0.5569223132095475,0.0411669640265016,0.907948191662538,0.4388966449692756,0.0470261143492255
Fixed I+II,rhythm,AFIB,2-lead,age_band,40-64,866,755,28,25,0.0,1.0,0.0,1.0,0.0,,0,0,0,0,,,,,0.0,0.0,1.0,1.0,0.9381179679509036,0.5443151073609427,0.019549059192334,0.9408029321513808,0.5371050132374906,0.0199710839811156
Fixed I+II,rhythm,AFIB,2-lead,age_band,<40,284,266,1,1,0.0,1.0,0.0,1.0,0.0,,0,0,0,0,,,,,0.0,0.0,1.0,1.0,0.7102473498233215,0.0120481927710843,0.0061864885110963,0.7314487632508834,0.0129870129870129,0.0080793547845904
Fixed I+II,rhythm,AFIB,2-lead,age_band,65-79,708,615,53,47,0.0,1.0,0.0,1.0,0.0,,0,0,0,0,,,,,0.0,0.0,1.0,1.0,0.9177012818666282,0.5166935924482305,0.050293983538095,0.893849920783523,0.4155948443385081,0.0549972793544324
Fixed I+II,rhythm,AFIB,2-lead,age_band,80+,340,274,70,57,0.0,1.0,0.0,1.0,0.0,,0,0,0,0,,,,,0.0,0.0,1.0,1.0,0.8287830687830688,0.6222642261967777,0.1222610963809165,0.7821693121693122,0.4615329219963406,0.1444912166071203
Fixed I+II,rhythm,AFIB,2-lead,quality_flag,baseline_drift:present,236,231,13,13,0.0,1.0,0.0,1.0,0.0,,0,0,0,0,,,,,0.0,0.0,1.0,1.0,0.9227319765436358,0.4536439603953215,0.0487617189830153,0.8789237668161436,0.307942966588599,0.0522716909280679
Fixed I+II,rhythm,AFIB,2-lead,quality_flag,baseline_drift:absent,1962,1727,139,120,0.0,1.0,0.0,1.0,0.0,,0,0,0,0,,,,,0.0,0.0,1.0,1.0,0.9280536075802002,0.5719659770445555,0.0429946969583098,0.9156225211821764,0.4620558472764206,0.0485822955437333
Fixed I+II,rhythm,AFIB,2-lead,quality_flag,static_noise:present,316,292,28,26,0.0,1.0,0.0,1.0,0.0,,0,0,0,0,,,,,0.0,0.0,1.0,1.0,0.9056299603174603,0.602938114549526,0.0523581510775658,0.8529265873015874,0.4574956283455159,0.0659392695452827
Fixed I+II,rhythm,AFIB,2-lead,quality_flag,static_noise:absent,1882,1668,124,110,0.0,1.0,0.0,1.0,0.0,,0,0,0,0,,,,,0.0,0.0,1.0,1.0,0.9323002678997396,0.5429235057116296,0.0421456882952628,0.9255660758192962,0.4401482842818011,0.0461305917850794
Fixed I+II,rhythm,AFIB,2-lead,quality_flag,burst_noise:present,40,40,4,4,0.0,1.0,0.0,1.0,0.0,,0,0,0,0,,,,,0.0,0.0,1.0,1.0,0.9722222222222222,0.875,0.0304626056372702,0.9722222222222222,0.875,0.0460752096530654
Fixed I+II,rhythm,AFIB,2-lead,quality_flag,burst_noise:absent,2158,1872,148,127,0.0,1.0,0.0,1.0,0.0,,0,0,0,0,,,,,0.0,0.0,1.0,1.0,0.9260521715745595,0.5425582427711262,0.0438576723293349,0.9103032136614226,0.4288476048092269,0.049032240282533
Fixed I+II,rhythm,AFIB,2-lead,quality_flag,electrodes_problems:absent,2195,1901,152,130,0.0,1.0,0.0,1.0,0.0,,0,0,0,0,,,,,0.0,0.0,1.0,1.0,0.9276992039570292,0.555370568356783,0.0433270898874569,0.9123966303423756,0.4406957267396185,0.0486449757993826
Fixed I+II,rhythm,AFIB,2-lead,quality_flag,extra_beats:present,198,184,34,31,0.0,1.0,0.0,1.0,0.0,,0,0,0,0,,,,,0.0,0.0,1.0,1.0,0.8907819225251077,0.6120043660414717,0.1000613712009504,0.8368005738880918,0.542649610669137,0.115293309338569
Fixed I+II,rhythm,AFIB,2-lead,quality_flag,extra_beats:absent,2000,1757,118,103,0.0,1.0,0.0,1.0,0.0,,0,0,0,0,,,,,0.0,0.0,1.0,1.0,0.9267863254021146,0.5392386565289944,0.0380256048072036,0.9146778580305842,0.4245655670456639,0.042413253833396
Fixed I+II,rhythm,AFIB,2-lead,quality_flag,pacemaker:present,29,26,0,0,0.0,1.0,0.0,1.0,0.0,,0,0,0,0,,,,,,0.0,,1.0,,,0.0420964720034362,,,0.1020562637292336
Fixed I+II,rhythm,AFIB,2-lead,quality_flag,pacemaker:absent,2169,1883,152,130,0.0,1.0,0.0,1.0,0.0,,0,0,0,0,,,,,0.0,0.0,1.0,1.0,0.9298104271586252,0.5585367769353364,0.0436341924500211,0.916691673407614,0.4529120894309915,0.0482687649920152
Fixed I+II,rhythm,AFIB,2-lead,quality,any_flag,679,618,65,59,0.0,1.0,0.0,1.0,0.0,,0,0,0,0,,,,,0.0,0.0,1.0,1.0,0.911400651465798,0.5726504388728058,0.0576706929285108,0.8690553745928339,0.4686629477748227,0.0677093265425072
Fixed I+II,rhythm,AFIB,2-lead,quality,no_flags,1519,1382,87,80,0.0,1.0,0.0,1.0,0.0,,0,0,0,0,,,,,0.0,0.0,1.0,1.0,0.934020419957619,0.5393686020221427,0.0373304546502545,0.9343414884736404,0.4428773353782937,0.0406056288304584
Fixed I+II,rhythm,PACE,2-lead,overall,all,2198,1904,28,25,0.9181073703366696,0.0818926296633303,0.0,0.0818926296633303,0.9181073703366696,0.0024777006937561,0,0,2018,5,,0.0024777006937561,0.0,1.0,0.0,0.9276497695852536,0.8214285714285714,0.0723502304147465,0.9660796576695194,0.5933321259199117,0.0077996686557352,0.9694535878867676,0.5724713169887631,0.0078467586341475
Fixed I+II,rhythm,PACE,2-lead,sex,0,1132,969,17,17,0.9213780918727916,0.0786219081272084,0.0,0.0786219081272084,0.9213780918727916,0.0038350910834132,0,0,1043,4,,0.0038350910834132,0.0,1.0,0.0,0.9318385650224216,0.7647058823529411,0.0681614349775784,0.9606963861777896,0.5940191381862272,0.0090726922842171,0.9631759430229492,0.565957531766444,0.0094786857808653
Fixed I+II,rhythm,PACE,2-lead,sex,1,1066,935,11,8,0.9146341463414634,0.0853658536585365,0.0,0.0853658536585365,0.9146341463414634,0.001025641025641,0,0,975,1,,0.001025641025641,0.0,1.0,0.0,0.923222748815166,0.9090909090909092,0.0767772511848341,0.9761309780267126,0.5812613788081078,0.0064478274292422,0.9800947867298578,0.6257983171150707,0.0061137928460757
Fixed I+II,rhythm,PACE,2-lead,age_band,40-64,866,755,3,3,0.9618937644341802,0.0381062355658198,0.0,0.0381062355658198,0.9618937644341802,0.0012004801920768,0,0,833,1,,0.0012004801920768,0.0,1.0,0.0,0.9640787949015064,0.6666666666666666,0.0359212050984936,0.936655079181151,0.4347442680776014,0.0025499982811555,0.94708381614523,0.370722201924248,0.0030075980272848
Fixed I+II,rhythm,PACE,2-lead,age_band,<40,284,266,0,0,0.943661971830986,0.056338028169014,0.0,0.056338028169014,0.943661971830986,0.0,0,0,268,0,,0.0,,1.0,,0.943661971830986,,0.056338028169014,,,0.0020140995640178,,,0.0005900906207507
Fixed I+II,rhythm,PACE,2-lead,age_band,65-79,708,615,10,8,0.903954802259887,0.096045197740113,0.0,0.096045197740113,0.903954802259887,0.0015625,0,0,640,1,,0.0015625,0.0,1.0,0.0,0.9154727793696276,0.9,0.0845272206303724,0.9681948424068768,0.6391115336276626,0.0083721810551939,0.9931232091690544,0.6934523371365476,0.0070333422484039
Fixed I+II,rhythm,PACE,2-lead,age_band,80+,340,274,15,14,0.8147058823529412,0.1852941176470588,0.0,0.1852941176470588,0.8147058823529412,0.0108303249097472,0,0,277,3,,0.0108303249097472,0.0,1.0,0.0,0.8430769230769231,0.8,0.1569230769230769,0.9409230769230768,0.62025996799311,0.0248113668546087,0.914051282051282,0.5736551935028362,0.0279276574648956
Fixed I+II,rhythm,PACE,2-lead,quality_flag,baseline_drift:present,236,231,6,6,0.9194915254237288,0.0805084745762711,0.0,0.0805084745762711,0.9194915254237288,0.0138248847926267,0,0,217,3,,0.0138248847926267,0.0,1.0,0.0,0.9304347826086956,0.5,0.0695652173913043,0.9492753623188406,0.4755389537998233,0.0191227731356792,0.9514492753623188,0.4510860484544695,0.0184489200394733
Fixed I+II,rhythm,PACE,2-lead,quality_flag,baseline_drift:absent,1962,1727,22,21,0.917940876656473,0.082059123343527,0.0,0.082059123343527,0.917940876656473,0.0011104941699056,0,0,1801,2,,0.0011104941699056,0.0,1.0,0.0,0.927319587628866,0.9090909090909092,0.072680412371134,0.970431115276476,0.6359717562397674,0.0064376642432649,0.976733833177132,0.6292781646797968,0.0065714731643937
Fixed I+II,rhythm,PACE,2-lead,quality_flag,static_noise:present,316,292,4,4,0.8892405063291139,0.110759493670886,0.0,0.110759493670886,0.8892405063291139,0.0,0,0,281,0,,0.0,,1.0,0.0,0.9006410256410257,1.0,0.0993589743589743,0.967948717948718,0.5774509803921568,0.0079020597750458,0.9439102564102564,0.5833333333333333,0.0071276149960516
Fixed I+II,rhythm,PACE,2-lead,quality_flag,static_noise:absent,1882,1668,24,21,0.9229543039319872,0.0770456960680127,0.0,0.0770456960680127,0.9229543039319872,0.0028785261945883,0,0,1737,5,,0.0028785261945883,0.0,1.0,0.0,0.9321851453175456,0.7916666666666666,0.0678148546824542,0.9662719770362396,0.598494486245804,0.0077824765230561,0.9731566200215286,0.571188065862432,0.0079675075128076
Fixed I+II,rhythm,PACE,2-lead,quality_flag,burst_noise:present,40,40,2,2,0.925,0.075,0.0,0.075,0.925,0.0,0,0,37,0,,0.0,,1.0,0.0,0.9736842105263158,1.0,0.0263157894736842,0.986842105263158,0.8333333333333333,0.0411397233162109,0.986842105263158,0.8333333333333333,0.0444210694491617
Fixed I+II,rhythm,PACE,2-lead,quality_flag,burst_noise:absent,2158,1872,26,24,0.9179796107506952,0.0820203892493049,0.0,0.0820203892493049,0.9179796107506952,0.0025239777889954,0,0,1981,5,,0.0025239777889954,0.0,1.0,0.0,0.926829268292683,0.8076923076923077,0.073170731707317,0.966337133785539,0.6162425717619195,0.0071816880318154,0.969945158031462,0.5986044610244011,0.0071688288692724
Fixed I+II,rhythm,PACE,2-lead,quality_flag,electrodes_problems:absent,2195,1901,27,24,0.9189066059225512,0.0810933940774487,0.0,0.0810933940774487,0.9189066059225512,0.0024789291026276,0,0,2017,5,,0.0024789291026276,0.0,1.0,0.0,0.9280442804428044,0.8148148148148148,0.0719557195571955,0.9650642339756732,0.573326403954756,0.0077679035526145,0.968890938909389,0.5732843728702467,0.0076119528732202
Fixed I+II,rhythm,PACE,2-lead,quality_flag,extra_beats:present,198,184,6,6,0.7878787878787878,0.2121212121212121,0.0,0.2121212121212121,0.7878787878787878,0.0192307692307692,0,0,156,3,,0.0192307692307692,0.0,1.0,0.0,0.796875,0.5,0.203125,0.8020833333333333,0.3025167093896135,0.0280815299430281,0.8229166666666667,0.2096912675635885,0.0313110488397987
Fixed I+II,rhythm,PACE,2-lead,quality_flag,extra_beats:absent,2000,1757,22,19,0.931,0.069,0.0,0.069,0.931,0.0010741138560687,0,0,1862,2,,0.0010741138560687,0.0,1.0,0.0,0.9403437815975731,0.9090909090909092,0.0596562184024266,0.9831786009743544,0.693855155049295,0.0057917643882932,0.98271899990808,0.6840580411347539,0.005523793903788
Fixed I+II,rhythm,PACE,2-lead,quality_flag,pacemaker:present,29,26,28,25,0.2068965517241379,0.7931034482758621,0.0,0.7931034482758621,0.2068965517241379,0.8333333333333334,0,0,6,5,,0.8333333333333334,0.0,1.0,0.0,1.0,0.8214285714285714,0.0,1.0,1.0,0.444786789763453,1.0,1.0,0.4114157808856225
Fixed I+II,rhythm,PACE,2-lead,quality_flag,pacemaker:absent,2169,1883,0,0,0.9276164130935916,0.0723835869064084,0.0,0.0723835869064084,0.9276164130935916,0.0,0,0,2012,0,,0.0,,1.0,,0.9276164130935916,,0.0723835869064084,,,0.0019570561559087,,,0.0024509533573874
Fixed I+II,rhythm,PACE,2-lead,quality,any_flag,679,618,28,25,0.8645066273932254,0.1354933726067746,0.0,0.1354933726067746,0.8645066273932254,0.0085178875638841,0,0,587,5,,0.0085178875638841,0.0,1.0,0.0,0.8940092165898618,0.8214285714285714,0.1059907834101382,0.9508448540706604,0.6575116680458596,0.0221521200900316,0.956714944042133,0.6740091515040899,0.0212635849449562
Fixed I+II,rhythm,PACE,2-lead,quality,no_flags,1519,1382,0,0,0.9420671494404214,0.0579328505595786,0.0,0.0579328505595786,0.9420671494404214,0.0,0,0,1431,0,,0.0,,1.0,,0.9420671494404214,,0.0579328505595786,,,0.0013840567242755,,,0.0018493754445234
Fixed I+II,rhythm,SARRH,2-lead,overall,all,2198,1904,77,77,0.0,1.0,0.0,1.0,0.0,,0,0,0,0,,,,,0.0,0.0,1.0,1.0,0.6454931207406454,0.0690847508415169,0.0335297554834603,0.635561515335207,0.0617820820379841,0.0337824746739165
Fixed I+II,rhythm,SARRH,2-lead,sex,0,1132,969,29,29,0.0,1.0,0.0,1.0,0.0,,0,0,0,0,,,,,0.0,0.0,1.0,1.0,0.6079344733798105,0.040027484089484,0.0250184924652008,0.5910526151248945,0.037578094317207,0.0250379797582016
Fixed I+II,rhythm,SARRH,2-lead,sex,1,1066,935,48,48,0.0,1.0,0.0,1.0,0.0,,0,0,0,0,,,,,0.0,0.0,1.0,1.0,0.6781270464963981,0.1016806343332478,0.0425679822533194,0.6782498362802881,0.1026181792083936,0.0430683735900414
Fixed I+II,rhythm,SARRH,2-lead,age_band,40-64,866,755,21,21,0.0,1.0,0.0,1.0,0.0,,0,0,0,0,,,,,0.0,0.0,1.0,1.0,0.6510566356720202,0.0394565994589354,0.023733587899946,0.5472527472527473,0.0293154713153412,0.023771272032782
Fixed I+II,rhythm,SARRH,2-lead,age_band,<40,284,266,31,31,0.0,1.0,0.0,1.0,0.0,,0,0,0,0,,,,,0.0,0.0,1.0,1.0,0.5454545454545454,0.1209505510708863,0.1013055164716883,0.6721917633558587,0.1853237994784686,0.1026534412736575
Fixed I+II,rhythm,SARRH,2-lead,age_band,65-79,708,615,16,16,0.0,1.0,0.0,1.0,0.0,,0,0,0,0,,,,,0.0,0.0,1.0,1.0,0.6391799132947977,0.0397483467458857,0.0221262670761666,0.6726878612716763,0.0489082268402869,0.0222205358320787
Fixed I+II,rhythm,SARRH,2-lead,age_band,80+,340,274,9,9,0.0,1.0,0.0,1.0,0.0,,0,0,0,0,,,,,0.0,0.0,1.0,1.0,0.4199395770392749,0.1328201667219568,0.0256145637159033,0.5404498153742867,0.1417617111768958,0.0258301207707316
Fixed I+II,rhythm,SARRH,2-lead,quality_flag,baseline_drift:present,236,231,10,10,0.0,1.0,0.0,1.0,0.0,,0,0,0,0,,,,,0.0,0.0,1.0,1.0,0.6681415929203539,0.0913052697036585,0.0402645062427272,0.7579646017699115,0.0909613384229343,0.0405926953174592
Fixed I+II,rhythm,SARRH,2-lead,quality_flag,baseline_drift:absent,1962,1727,67,67,0.0,1.0,0.0,1.0,0.0,,0,0,0,0,,,,,0.0,0.0,1.0,1.0,0.6423581301933605,0.069674989005858,0.0327196631393283,0.618532666482889,0.0606307789429097,0.0329633044028277
Fixed I+II,rhythm,SARRH,2-lead,quality_flag,static_noise:present,316,292,14,14,0.0,1.0,0.0,1.0,0.0,,0,0,0,0,,,,,0.0,0.0,1.0,1.0,0.6759697256385998,0.0905317952729784,0.0419320518140855,0.5577105014191107,0.0591675310570391,0.042418529032551
Fixed I+II,rhythm,SARRH,2-lead,quality_flag,static_noise:absent,1882,1668,63,63,0.0,1.0,0.0,1.0,0.0,,0,0,0,0,,,,,0.0,0.0,1.0,1.0,0.6386990933445029,0.0682104584892591,0.0321189554619526,0.6527483267450283,0.0651563843550783,0.0323324251641776
Fixed I+II,rhythm,SARRH,2-lead,quality_flag,burst_noise:present,40,40,1,1,0.0,1.0,0.0,1.0,0.0,,0,0,0,0,,,,,0.0,0.0,1.0,1.0,0.5128205128205128,0.05,0.0247790295453216,0.2051282051282051,0.03125,0.0245102296250252
Fixed I+II,rhythm,SARRH,2-lead,quality_flag,burst_noise:absent,2158,1872,76,76,0.0,1.0,0.0,1.0,0.0,,0,0,0,0,,,,,0.0,0.0,1.0,1.0,0.6470688609130896,0.0702391423637185,0.0336919561495982,0.6419497952373729,0.063254526818797,0.0339543420520238
Fixed I+II,rhythm,SARRH,2-lead,quality_flag,electrodes_problems:absent,2195,1901,77,77,0.0,1.0,0.0,1.0,0.0,,0,0,0,0,,,,,0.0,0.0,1.0,1.0,0.6451933335786026,0.0690958082413105,0.0335746948681334,0.6360509179206063,0.06191956774056,0.033826920697908
Fixed I+II,rhythm,SARRH,2-lead,quality_flag,extra_beats:present,198,184,11,11,0.0,1.0,0.0,1.0,0.0,,0,0,0,0,,,,,0.0,0.0,1.0,1.0,0.6465726786582402,0.1774407564707471,0.0519402762195681,0.580943121050073,0.1585354259915357,0.0528520733310763
Fixed I+II,rhythm,SARRH,2-lead,quality_flag,extra_beats:absent,2000,1757,66,66,0.0,1.0,0.0,1.0,0.0,,0,0,0,0,,,,,0.0,0.0,1.0,1.0,0.6436338566638463,0.053401587497949,0.0317071139305857,0.6367553508194665,0.054903197869448,0.0318945844068576
Fixed I+II,rhythm,SARRH,2-lead,quality_flag,pacemaker:present,29,26,0,0,0.0,1.0,0.0,1.0,0.0,,0,0,0,0,,,,,,0.0,,1.0,,,0.0014342558195471,,,0.0012848837680318
Fixed I+II,rhythm,SARRH,2-lead,quality_flag,pacemaker:absent,2169,1883,77,77,0.0,1.0,0.0,1.0,0.0,,0,0,0,0,,,,,0.0,0.0,1.0,1.0,0.6460666484567059,0.069834404477894,0.0339588792687316,0.6408333540264707,0.0639748081693902,0.034216974506222
Fixed I+II,rhythm,SARRH,2-lead,quality,any_flag,679,618,33,33,0.0,1.0,0.0,1.0,0.0,,0,0,0,0,,,,,0.0,0.0,1.0,1.0,0.6689651937329956,0.1124683304464833,0.0458014127394806,0.5964443193545361,0.0919989732851187,0.0464001182227586
Fixed I+II,rhythm,SARRH,2-lead,quality,no_flags,1519,1382,44,44,0.0,1.0,0.0,1.0,0.0,,0,0,0,0,,,,,0.0,0.0,1.0,1.0,0.6256086286594761,0.0454172969709447,0.0280442681386034,0.649537750385208,0.0551280268777763,0.0281423298617612
Fixed I+II,rhythm,SBRAD,2-lead,overall,all,2198,1904,64,61,0.0,1.0,0.0,1.0,0.0,,0,0,0,0,,,,,0.0,0.0,1.0,1.0,0.9259313495782568,0.3975555131345514,0.0217810744995897,0.9199859418931584,0.3469848424752916,0.0228538086244063
Fixed I+II,rhythm,SBRAD,2-lead,sex,0,1132,969,37,34,0.0,1.0,0.0,1.0,0.0,,0,0,0,0,,,,,0.0,0.0,1.0,1.0,0.9250401086017525,0.3892182059214886,0.0248945395150173,0.9081327903245712,0.3065945324671706,0.0265928115974665
Fixed I+II,rhythm,SBRAD,2-lead,sex,1,1066,935,27,27,0.0,1.0,0.0,1.0,0.0,,0,0,0,0,,,,,0.0,0.0,1.0,1.0,0.9237871172423626,0.4278020499350519,0.0184748433575034,0.9326631732791502,0.4061655958741847,0.0188833101577044
Fixed I+II,rhythm,SBRAD,2-lead,age_band,40-64,866,755,31,30,0.0,1.0,0.0,1.0,0.0,,0,0,0,0,,,,,0.0,0.0,1.0,1.0,0.9116090399845472,0.3775137493487995,0.0277779564833915,0.9055051187946688,0.3523504267567032,0.028294235272187
Fixed I+II,rhythm,SBRAD,2-lead,age_band,<40,284,266,11,10,0.0,1.0,0.0,1.0,0.0,,0,0,0,0,,,,,0.0,0.0,1.0,1.0,0.9836829836829836,0.7616686343959072,0.0222957752442493,0.9713619713619712,0.6868237513923936,0.0252538242003887
Fixed I+II,rhythm,SBRAD,2-lead,age_band,65-79,708,615,16,16,0.0,1.0,0.0,1.0,0.0,,0,0,0,0,,,,,0.0,0.0,1.0,1.0,0.902456647398844,0.2970302777021431,0.0184130897030711,0.9176300578034682,0.2925792969755038,0.018821444218229
Fixed I+II,rhythm,SBRAD,2-lead,age_band,80+,340,274,6,6,0.0,1.0,0.0,1.0,0.0,,0,0,0,0,,,,,0.0,0.0,1.0,1.0,0.9540918163672656,0.4583333333333332,0.0130900698715881,0.9101796407185628,0.3747793265782747,0.0153888089156311
Fixed I+II,rhythm,SBRAD,2-lead,quality_flag,baseline_drift:present,236,231,5,5,0.0,1.0,0.0,1.0,0.0,,0,0,0,0,,,,,0.0,0.0,1.0,1.0,0.9264069264069263,0.1529182582123758,0.0215367602663605,0.9307359307359307,0.1852092352092352,0.0197211933021851
Fixed I+II,rhythm,SBRAD,2-lead,quality_flag,baseline_drift:absent,1962,1727,59,56,0.0,1.0,0.0,1.0,0.0,,0,0,0,0,,,,,0.0,0.0,1.0,1.0,0.9263874168351488,0.4345083332507092,0.0218104619404878,0.9192443688377852,0.3632284414785656,0.0232306165836541
Fixed I+II,rhythm,SBRAD,2-lead,quality_flag,static_noise:present,316,292,8,8,0.0,1.0,0.0,1.0,0.0,,0,0,0,0,,,,,0.0,0.0,1.0,1.0,0.8916396103896104,0.6432097808105872,0.017212334979191,0.8944805194805195,0.4218323241397357,0.0194659275039653
Fixed I+II,rhythm,SBRAD,2-lead,quality_flag,static_noise:absent,1882,1668,56,53,0.0,1.0,0.0,1.0,0.0,,0,0,0,0,,,,,0.0,0.0,1.0,1.0,0.9303610546080424,0.3850699722488742,0.0225481954817608,0.9240924737912688,0.3446952718796831,0.0234226558263507
Fixed I+II,rhythm,SBRAD,2-lead,quality_flag,burst_noise:present,40,40,3,3,0.0,1.0,0.0,1.0,0.0,,0,0,0,0,,,,,0.0,0.0,1.0,1.0,0.9909909909909912,0.9166666666666666,0.0414701191593168,0.963963963963964,0.7,0.0558206291496942
Fixed I+II,rhythm,SBRAD,2-lead,quality_flag,burst_noise:absent,2158,1872,61,58,0.0,1.0,0.0,1.0,0.0,,0,0,0,0,,,,,0.0,0.0,1.0,1.0,0.9229969433304408,0.383866911789285,0.0214161246449145,0.9179077057779654,0.3441109711950091,0.0222427461494241
Fixed I+II,rhythm,SBRAD,2-lead,quality_flag,electrodes_problems:absent,2195,1901,64,61,0.0,1.0,0.0,1.0,0.0,,0,0,0,0,,,,,0.0,0.0,1.0,1.0,0.9258344087282964,0.3975558406001381,0.0218108435443757,0.9199172923510088,0.3469937621284049,0.0228849537898836
Fixed I+II,rhythm,SBRAD,2-lead,quality_flag,extra_beats:present,198,184,4,4,0.0,1.0,0.0,1.0,0.0,,0,0,0,0,,,,,0.0,0.0,1.0,1.0,0.9368556701030928,0.3125,0.016506873275631,0.9329896907216494,0.4376623376623376,0.0164067456071815
Fixed I+II,rhythm,SBRAD,2-lead,quality_flag,extra_beats:absent,2000,1757,60,57,0.0,1.0,0.0,1.0,0.0,,0,0,0,0,,,,,0.0,0.0,1.0,1.0,0.924828178694158,0.4037854842848454,0.0223032204207616,0.9204123711340206,0.3534215379361589,0.0234920678631116
Fixed I+II,rhythm,SBRAD,2-lead,quality_flag,pacemaker:present,29,26,1,1,0.0,1.0,0.0,1.0,0.0,,0,0,0,0,,,,,0.0,0.0,1.0,1.0,1.0,1.0,0.0287234067956971,1.0,1.0,0.0180784592904409
Fixed I+II,rhythm,SBRAD,2-lead,quality_flag,pacemaker:absent,2169,1883,63,60,0.0,1.0,0.0,1.0,0.0,,0,0,0,0,,,,,0.0,0.0,1.0,1.0,0.9252174437359624,0.3993148395394837,0.0216882540124587,0.9187054372239556,0.3400524753309836,0.0229176560797705
Fixed I+II,rhythm,SBRAD,2-lead,quality,any_flag,679,618,19,19,0.0,1.0,0.0,1.0,0.0,,0,0,0,0,,,,,0.0,0.0,1.0,1.0,0.918181818181818,0.3326595226119286,0.0216993037888631,0.9165869218500796,0.3956800745364788,0.0219184207946328
Fixed I+II,rhythm,SBRAD,2-lead,quality,no_flags,1519,1382,45,42,0.0,1.0,0.0,1.0,0.0,,0,0,0,0,,,,,0.0,0.0,1.0,1.0,0.9275440976933516,0.4138261903088077,0.021817626384108,0.9209859791949344,0.3492449347873556,0.023271931294858
Fixed I+II,rhythm,SR,2-lead,overall,all,2198,1904,1674,1506,0.0,1.0,0.0,1.0,0.0,,0,0,0,0,,,,,0.0,0.0,1.0,1.0,0.8285190201282296,0.9196938277286146,0.1223973021797372,0.8191354984632502,0.916337780213099,0.1254051268513759
Fixed I+II,rhythm,SR,2-lead,sex,0,1132,969,878,778,0.0,1.0,0.0,1.0,0.0,,0,0,0,0,,,,,0.0,0.0,1.0,1.0,0.8236372930604631,0.9236512162678324,0.1203353662472444,0.8169874266855595,0.919823043172118,0.1212198832010951
Fixed I+II,rhythm,SR,2-lead,sex,1,1066,935,796,728,0.0,1.0,0.0,1.0,0.0,,0,0,0,0,,,,,0.0,0.0,1.0,1.0,0.8339149450958496,0.9164820895077128,0.1245869001868497,0.8222361809045226,0.9137622160030764,0.1298494944049573
Fixed I+II,rhythm,SR,2-lead,age_band,40-64,866,755,716,633,0.0,1.0,0.0,1.0,0.0,,0,0,0,0,,,,,0.0,0.0,1.0,1.0,0.8193668528864061,0.9397593157159077,0.0997689246190487,0.7923556797020486,0.9293652555205756,0.1066441106442677
Fixed I+II,rhythm,SR,2-lead,age_band,<40,284,266,229,219,0.0,1.0,0.0,1.0,0.0,,0,0,0,0,,,,,0.0,0.0,1.0,1.0,0.689241762604208,0.8877385138990306,0.1491129364736696,0.7483128225486304,0.9259330757392954,0.1381529371550851
Fixed I+II,rhythm,SR,2-lead,age_band,65-79,708,615,541,495,0.0,1.0,0.0,1.0,0.0,,0,0,0,0,,,,,0.0,0.0,1.0,1.0,0.8486723410849281,0.928888139521636,0.1133416606760976,0.836906593467409,0.9215289894015584,0.1166787350503682
Fixed I+II,rhythm,SR,2-lead,age_band,80+,340,274,188,163,0.0,1.0,0.0,1.0,0.0,,0,0,0,0,,,,,0.0,0.0,1.0,1.0,0.8133398656215005,0.818797649676113,0.1765747404522557,0.8035764277715567,0.8145731246547884,0.1807137953931867
Fixed I+II,rhythm,SR,2-lead,quality_flag,baseline_drift:present,236,231,179,176,0.0,1.0,0.0,1.0,0.0,,0,0,0,0,,,,,0.0,0.0,1.0,1.0,0.8139762814858374,0.909684014547674,0.1240110828152186,0.8326962658041753,0.9209813084785878,0.1176854677640862
Fixed I+II,rhythm,SR,2-lead,quality_flag,baseline_drift:absent,1962,1727,1495,1367,0.0,1.0,0.0,1.0,0.0,,0,0,0,0,,,,,0.0,0.0,1.0,1.0,0.8299843160284459,0.9206025592124104,0.1222031878933083,0.8175073227675407,0.915848663440379,0.1263336893103975
Fixed I+II,rhythm,SR,2-lead,quality_flag,static_noise:present,316,292,231,218,0.0,1.0,0.0,1.0,0.0,,0,0,0,0,,,,,0.0,0.0,1.0,1.0,0.8329513623631271,0.9042435582218292,0.1313428967301981,0.8016297428062134,0.8987117628525445,0.1449362012595426
Fixed I+II,rhythm,SR,2-lead,quality_flag,static_noise:absent,1882,1668,1443,1315,0.0,1.0,0.0,1.0,0.0,,0,0,0,0,,,,,0.0,0.0,1.0,1.0,0.8268840068384489,0.9226232725507812,0.1208952788652071,0.8223581913786925,0.9196252831269496,0.1221257328487294
Fixed I+II,rhythm,SR,2-lead,quality_flag,burst_noise:present,40,40,28,28,0.0,1.0,0.0,1.0,0.0,,0,0,0,0,,,,,0.0,0.0,1.0,1.0,0.8363095238095238,0.9067248923711771,0.1458322935790538,0.7321428571428572,0.8651163060445572,0.1862818843745271
Fixed I+II,rhythm,SR,2-lead,quality_flag,burst_noise:absent,2158,1872,1646,1483,0.0,1.0,0.0,1.0,0.0,,0,0,0,0,,,,,0.0,0.0,1.0,1.0,0.8281712769592953,0.9198017430167876,0.1219629186505562,0.820498794425881,0.9171610899596012,0.124276734682272
Fixed I+II,rhythm,SR,2-lead,quality_flag,electrodes_problems:absent,2195,1901,1673,1505,0.0,1.0,0.0,1.0,0.0,,0,0,0,0,,,,,0.0,0.0,1.0,1.0,0.828009884278821,0.9197127850733384,0.1224948730754949,0.8187141734970331,0.916385792141279,0.1254000581123441
Fixed I+II,rhythm,SR,2-lead,quality_flag,extra_beats:present,198,184,111,109,0.0,1.0,0.0,1.0,0.0,,0,0,0,0,,,,,0.0,0.0,1.0,1.0,0.7999378689033861,0.818006459756422,0.1803541747937755,0.7798488143315729,0.8114498846733232,0.1895448666108944
Fixed I+II,rhythm,SR,2-lead,quality_flag,extra_beats:absent,2000,1757,1563,1414,0.0,1.0,0.0,1.0,0.0,,0,0,0,0,,,,,0.0,0.0,1.0,1.0,0.8237634895048689,0.9241346608478396,0.1166595717909474,0.8126000137621864,0.920049833411986,0.1190552926151835
Fixed I+II,rhythm,SR,2-lead,quality_flag,pacemaker:present,29,26,1,1,0.0,1.0,0.0,1.0,0.0,,0,0,0,0,,,,,0.0,0.0,1.0,1.0,1.0,1.0,0.139548893237534,1.0,1.0,0.093231411399811
Fixed I+II,rhythm,SR,2-lead,quality_flag,pacemaker:absent,2169,1883,1673,1506,0.0,1.0,0.0,1.0,0.0,,0,0,0,0,,,,,0.0,0.0,1.0,1.0,0.82133939417311,0.9202439764603484,0.1221679816907211,0.8100536509650424,0.9165276846850032,0.1258352963986767
Fixed I+II,rhythm,SR,2-lead,quality,any_flag,679,618,465,439,0.0,1.0,0.0,1.0,0.0,,0,0,0,0,,,,,0.0,0.0,1.0,1.0,0.824871872173651,0.883808091662475,0.1462397524435782,0.8192643955381369,0.8871259632841919,0.1490015809127475
Fixed I+II,rhythm,SR,2-lead,quality,no_flags,1519,1382,1209,1123,0.0,1.0,0.0,1.0,0.0,,0,0,0,0,,,,,0.0,0.0,1.0,1.0,0.8241201739640865,0.9319127679498772,0.1117396170387577,0.8114037194162065,0.9259403653772044,0.1148574031465231
Fixed I+II,rhythm,STACH,2-lead,overall,all,2198,1904,82,79,0.0,1.0,0.0,1.0,0.0,,0,0,0,0,,,,,0.0,0.0,1.0,1.0,0.9721633085896076,0.469524705552377,0.0254354498613726,0.9685209092166536,0.5373873136642086,0.02375543672507
Fixed I+II,rhythm,STACH,2-lead,sex,0,1132,969,33,31,0.0,1.0,0.0,1.0,0.0,,0,0,0,0,,,,,0.0,0.0,1.0,1.0,0.9783825516309592,0.4711628988720455,0.0201663444474738,0.9712410731519012,0.5424295975966268,0.0193848147630671
Fixed I+II,rhythm,STACH,2-lead,sex,1,1066,935,49,48,0.0,1.0,0.0,1.0,0.0,,0,0,0,0,,,,,0.0,0.0,1.0,1.0,0.9657656572953666,0.4806688551186716,0.0310307850663758,0.9649429093171192,0.5510753808929397,0.0283966600468216
Fixed I+II,rhythm,STACH,2-lead,age_band,40-64,866,755,27,27,0.0,1.0,0.0,1.0,0.0,,0,0,0,0,,,,,0.0,0.0,1.0,1.0,0.990288262040348,0.718718287957788,0.0146820173767344,0.9793404847040128,0.6749978971869166,0.015121952590247
Fixed I+II,rhythm,STACH,2-lead,age_band,<40,284,266,7,7,0.0,1.0,0.0,1.0,0.0,,0,0,0,0,,,,,0.0,0.0,1.0,1.0,0.9938112429087158,0.8626373626373625,0.0082375376106587,0.9922640536358948,0.8843537414965985,0.0077269590180202
Fixed I+II,rhythm,STACH,2-lead,age_band,65-79,708,615,23,21,0.0,1.0,0.0,1.0,0.0,,0,0,0,0,,,,,0.0,0.0,1.0,1.0,0.9666137734052682,0.4249324381133061,0.0299770315562145,0.9689622342113616,0.4645711858451741,0.0267760358683421
Fixed I+II,rhythm,STACH,2-lead,age_band,80+,340,274,25,24,0.0,1.0,0.0,1.0,0.0,,0,0,0,0,,,,,0.0,0.0,1.0,1.0,0.926984126984127,0.3821106941489465,0.0577332138935824,0.9278730158730158,0.5242006433373263,0.0528439683018999
Fixed I+II,rhythm,STACH,2-lead,quality_flag,baseline_drift:present,236,231,10,10,0.0,1.0,0.0,1.0,0.0,,0,0,0,0,,,,,0.0,0.0,1.0,1.0,0.9592920353982302,0.4707495501574449,0.032573934650458,0.965929203539823,0.531345567817595,0.0305119000369455
Fixed I+II,rhythm,STACH,2-lead,quality_flag,baseline_drift:absent,1962,1727,72,70,0.0,1.0,0.0,1.0,0.0,,0,0,0,0,,,,,0.0,0.0,1.0,1.0,0.97364050558495,0.4754081120263232,0.0245767941986691,0.9688639035861258,0.5587340796229102,0.0229427326773622
Fixed I+II,rhythm,STACH,2-lead,quality_flag,static_noise:present,316,292,12,12,0.0,1.0,0.0,1.0,0.0,,0,0,0,0,,,,,0.0,0.0,1.0,1.0,0.9797149122807018,0.6220405683640978,0.0223315447408912,0.9736842105263156,0.484590583028083,0.0247942710530055
Fixed I+II,rhythm,STACH,2-lead,quality_flag,static_noise:absent,1882,1668,70,67,0.0,1.0,0.0,1.0,0.0,,0,0,0,0,,,,,0.0,0.0,1.0,1.0,0.9714128035320088,0.4612056896362696,0.0259566156520592,0.9678965625985494,0.57644926909451,0.023581009707202
Fixed I+II,rhythm,STACH,2-lead,quality_flag,burst_noise:present,40,40,1,1,0.0,1.0,0.0,1.0,0.0,,0,0,0,0,,,,,0.0,0.0,1.0,1.0,0.9743589743589745,0.5,0.0175630168712912,0.8974358974358975,0.2,0.0266693208560135
Fixed I+II,rhythm,STACH,2-lead,quality_flag,burst_noise:absent,2158,1872,81,78,0.0,1.0,0.0,1.0,0.0,,0,0,0,0,,,,,0.0,0.0,1.0,1.0,0.9720632203379757,0.469988031234205,0.0255813707694371,0.9690258385491896,0.541956988597713,0.023701425897805
Fixed I+II,rhythm,STACH,2-lead,quality_flag,electrodes_problems:absent,2195,1901,82,79,0.0,1.0,0.0,1.0,0.0,,0,0,0,0,,,,,0.0,0.0,1.0,1.0,0.9724296746043656,0.472246334131425,0.0252751048646106,0.968643588470906,0.5380940176863882,0.0237659566200593
Fixed I+II,rhythm,STACH,2-lead,quality_flag,extra_beats:present,198,184,10,10,0.0,1.0,0.0,1.0,0.0,,0,0,0,0,,,,,0.0,0.0,1.0,1.0,0.9335106382978724,0.3199205957086392,0.043906035059171,0.9202127659574468,0.2692621774974716,0.0467581652018045
Fixed I+II,rhythm,STACH,2-lead,quality_flag,extra_beats:absent,2000,1757,72,70,0.0,1.0,0.0,1.0,0.0,,0,0,0,0,,,,,0.0,0.0,1.0,1.0,0.9750461041954818,0.489756053089534,0.0236068619267905,0.971703550023052,0.5703563560971113,0.0214781666058733
Fixed I+II,rhythm,STACH,2-lead,quality_flag,pacemaker:present,29,26,0,0,0.0,1.0,0.0,1.0,0.0,,0,0,0,0,,,,,,0.0,,1.0,,,0.0034107276608231,,,0.0009777403090605
Fixed I+II,rhythm,STACH,2-lead,quality_flag,pacemaker:absent,2169,1883,82,79,0.0,1.0,0.0,1.0,0.0,,0,0,0,0,,,,,0.0,0.0,1.0,1.0,0.9720978882045648,0.4706187511739617,0.0257299251697248,0.9684516227050148,0.5380812718564507,0.0240599794618447
Fixed I+II,rhythm,STACH,2-lead,quality,any_flag,679,618,25,25,0.0,1.0,0.0,1.0,0.0,,0,0,0,0,,,,,0.0,0.0,1.0,1.0,0.9686238532110092,0.4822204288948346,0.0258489145957973,0.967645259938838,0.4510441899546157,0.0267966405005563
Fixed I+II,rhythm,STACH,2-lead,quality,no_flags,1519,1382,57,56,0.0,1.0,0.0,1.0,0.0,,0,0,0,0,,,,,0.0,0.0,1.0,1.0,0.9737082103343172,0.4772780885716604,0.0252506292197173,0.9696642426860584,0.5991231926293192,0.0223960046226636
Fixed I+II,rhythm,AFIB-or-AFLT,2-lead,overall,all,2198,1904,157,134,0.0,1.0,0.0,1.0,0.0,,0,0,0,0,,,,,0.0,0.0,1.0,1.0,0.9286973726504744,0.5869958083730721,0.0430577712477692,0.9133839100977728,0.4962361998579799,0.0485872170345295
Fixed I+II,rhythm,AFIB-or-AFLT,2-lead,sex,0,1132,969,85,69,0.0,1.0,0.0,1.0,0.0,,0,0,0,0,,,,,0.0,0.0,1.0,1.0,0.9353559188718468,0.6128193184958881,0.0447217602917416,0.9215124445193552,0.5282364402479305,0.049655191897177
Fixed I+II,rhythm,AFIB-or-AFLT,2-lead,sex,1,1066,935,72,65,0.0,1.0,0.0,1.0,0.0,,0,0,0,0,,,,,0.0,0.0,1.0,1.0,0.9235971383858708,0.5678480256850164,0.041290758491881,0.9067320590207912,0.4691851114969755,0.0474531199008364
Fixed I+II,rhythm,AFIB-or-AFLT,2-lead,age_band,40-64,866,755,29,26,0.0,1.0,0.0,1.0,0.0,,0,0,0,0,,,,,0.0,0.0,1.0,1.0,0.9421579532814238,0.6303771604149173,0.0192826767523918,0.9418695670086104,0.6076478459130721,0.0199328283516332
Fixed I+II,rhythm,AFIB-or-AFLT,2-lead,age_band,<40,284,266,1,1,0.0,1.0,0.0,1.0,0.0,,0,0,0,0,,,,,0.0,0.0,1.0,1.0,0.7031802120141343,0.0117647058823529,0.0074586300879871,0.7314487632508834,0.0129870129870129,0.0094855581595089
Fixed I+II,rhythm,AFIB-or-AFLT,2-lead,age_band,65-79,708,615,56,49,0.0,1.0,0.0,1.0,0.0,,0,0,0,0,,,,,0.0,0.0,1.0,1.0,0.9238332602979842,0.5738930022239708,0.0488556516500102,0.8980882997370727,0.5012337212806547,0.0541507405580621
Fixed I+II,rhythm,AFIB-or-AFLT,2-lead,age_band,80+,340,274,71,58,0.0,1.0,0.0,1.0,0.0,,0,0,0,0,,,,,0.0,0.0,1.0,1.0,0.8277396722341483,0.6316610725102613,0.1212768553583231,0.7864809675899261,0.4968092392997504,0.142647796638156
Fixed I+II,rhythm,AFIB-or-AFLT,2-lead,quality_flag,baseline_drift:present,236,231,14,14,0.0,1.0,0.0,1.0,0.0,,0,0,0,0,,,,,0.0,0.0,1.0,1.0,0.9314671814671814,0.5644039104442831,0.0447823533634555,0.8886743886743887,0.4389339059876225,0.0496669247814159
Fixed I+II,rhythm,AFIB-or-AFLT,2-lead,quality_flag,baseline_drift:absent,1962,1727,143,124,0.0,1.0,0.0,1.0,0.0,,0,0,0,0,,,,,0.0,0.0,1.0,1.0,0.92860136015716,0.5988202376392409,0.0428503291584206,0.9165952244566868,0.5114262304821022,0.0484573439314382
Fixed I+II,rhythm,AFIB-or-AFLT,2-lead,quality_flag,static_noise:present,316,292,28,26,0.0,1.0,0.0,1.0,0.0,,0,0,0,0,,,,,0.0,0.0,1.0,1.0,0.9012896825396826,0.5928013469156753,0.0536778735930138,0.8520585317460319,0.4822147418319311,0.0661048511555933
Fixed I+II,rhythm,AFIB-or-AFLT,2-lead,quality_flag,static_noise:absent,1882,1668,129,114,0.0,1.0,0.0,1.0,0.0,,0,0,0,0,,,,,0.0,0.0,1.0,1.0,0.9344114408522268,0.5892137321046222,0.041274587219556,0.9273670385651176,0.5127175956693647,0.0456458927081447
Fixed I+II,rhythm,AFIB-or-AFLT,2-lead,quality_flag,burst_noise:present,40,40,4,4,0.0,1.0,0.0,1.0,0.0,,0,0,0,0,,,,,0.0,0.0,1.0,1.0,0.9652777777777778,0.8611111111111112,0.0334092680964319,0.9722222222222222,0.875,0.0470487219102728
Fixed I+II,rhythm,AFIB-or-AFLT,2-lead,quality_flag,burst_noise:absent,2158,1872,153,131,0.0,1.0,0.0,1.0,0.0,,0,0,0,0,,,,,0.0,0.0,1.0,1.0,0.9277916320310337,0.580525408799808,0.0432366128261072,0.9121346959398888,0.4929685949778214,0.0486157340896594
Fixed I+II,rhythm,AFIB-or-AFLT,2-lead,quality_flag,electrodes_problems:absent,2195,1901,157,134,0.0,1.0,0.0,1.0,0.0,,0,0,0,0,,,,,0.0,0.0,1.0,1.0,0.929195602032716,0.5927371520419603,0.0427839350344465,0.9140846214910336,0.5039513989293313,0.0482681474854265
Fixed I+II,rhythm,AFIB-or-AFLT,2-lead,quality_flag,extra_beats:present,198,184,35,32,0.0,1.0,0.0,1.0,0.0,,0,0,0,0,,,,,0.0,0.0,1.0,1.0,0.9002629272567924,0.6540261199052548,0.0971350855098773,0.8466257668711656,0.6293903016837623,0.1096009432546434
Fixed I+II,rhythm,AFIB-or-AFLT,2-lead,quality_flag,extra_beats:absent,2000,1757,122,107,0.0,1.0,0.0,1.0,0.0,,0,0,0,0,,,,,0.0,0.0,1.0,1.0,0.9278880567049004,0.5743345044059027,0.0377041171358205,0.9157282773791442,0.4723450073280132,0.0425468581387383
Fixed I+II,rhythm,AFIB-or-AFLT,2-lead,quality_flag,pacemaker:present,29,26,0,0,0.0,1.0,0.0,1.0,0.0,,0,0,0,0,,,,,,0.0,,1.0,,,0.037030503333357,,,0.0954866219772047
Fixed I+II,rhythm,AFIB-or-AFLT,2-lead,quality_flag,pacemaker:absent,2169,1883,157,134,0.0,1.0,0.0,1.0,0.0,,0,0,0,0,,,,,0.0,0.0,1.0,1.0,0.9311171189423966,0.5944969672866807,0.0431383571258319,0.9182927910245534,0.5141661105316672,0.0479601618278271
Fixed I+II,rhythm,AFIB-or-AFLT,2-lead,quality,any_flag,679,618,66,60,0.0,1.0,0.0,1.0,0.0,,0,0,0,0,,,,,0.0,0.0,1.0,1.0,0.9123288348410696,0.5950778261361335,0.0572343263358886,0.871348064659647,0.519271834161167,0.0665269071272895
Fixed I+II,rhythm,AFIB-or-AFLT,2-lead,quality,no_flags,1519,1382,91,84,0.0,1.0,0.0,1.0,0.0,,0,0,0,0,,,,,0.0,0.0,1.0,1.0,0.93558962046357,0.5868500472435705,0.0367207857936329,0.93563579277865,0.5074977290328915,0.0405680928916829
Random lead training,superclass,NORM,2-lead,overall,all,2198,1904,963,882,0.0,1.0,0.0,1.0,0.0,,0,0,0,0,,,,,0.0,0.0,1.0,1.0,0.9023429650089758,0.8478526091044982,0.1240407987751312,0.923176981514414,0.8861760785557906,0.1122967455429008
Random lead training,superclass,NORM,2-lead,sex,0,1132,969,516,465,0.0,1.0,0.0,1.0,0.0,,0,0,0,0,,,,,0.0,0.0,1.0,1.0,0.907530454042082,0.8574120099111701,0.1200676161043001,0.9295655894493104,0.8986649261353657,0.1058672147027537
Random lead training,superclass,NORM,2-lead,sex,1,1066,935,447,417,0.0,1.0,0.0,1.0,0.0,,0,0,0,0,,,,,0.0,0.0,1.0,1.0,0.8971387060749639,0.8390368137091541,0.1282599758702351,0.915975467395272,0.8727659980787889,0.1191243524012934
Random lead training,superclass,NORM,2-lead,age_band,40-64,866,755,488,440,0.0,1.0,0.0,1.0,0.0,,0,0,0,0,,,,,0.0,0.0,1.0,1.0,0.8545949345129672,0.858449632061024,0.150521852833708,0.8917349726775956,0.9059570613045632,0.1343452656174828
Random lead training,superclass,NORM,2-lead,age_band,<40,284,266,236,224,0.0,1.0,0.0,1.0,0.0,,0,0,0,0,,,,,0.0,0.0,1.0,1.0,0.7500882768361582,0.9080368397376444,0.1293823269488372,0.796433615819209,0.9468567167274224,0.13083913131406
Random lead training,superclass,NORM,2-lead,age_band,65-79,708,615,218,201,0.0,1.0,0.0,1.0,0.0,,0,0,0,0,,,,,0.0,0.0,1.0,1.0,0.9085377270174124,0.7836035967632073,0.1139353929536798,0.9333270923048118,0.8142630686641743,0.0977887577316869
Random lead training,superclass,NORM,2-lead,age_band,80+,340,274,21,19,0.0,1.0,0.0,1.0,0.0,,0,0,0,0,,,,,0.0,0.0,1.0,1.0,0.9072995969547694,0.4293790037689499,0.0731732708502119,0.883266159128228,0.3221301233716741,0.0708602732686134
Random lead training,superclass,NORM,2-lead,quality_flag,baseline_drift:present,236,231,115,113,0.0,1.0,0.0,1.0,0.0,,0,0,0,0,,,,,0.0,0.0,1.0,1.0,0.8931369026230687,0.8468125355451097,0.1314522159768848,0.9119655048508803,0.9069241033604954,0.1240485171853906
Random lead training,superclass,NORM,2-lead,quality_flag,baseline_drift:absent,1962,1727,848,789,0.0,1.0,0.0,1.0,0.0,,0,0,0,0,,,,,0.0,0.0,1.0,1.0,0.9036501558212798,0.8487957220324421,0.1231493133217092,0.9244880762846788,0.8839153141161532,0.1108831787194413
Random lead training,superclass,NORM,2-lead,quality_flag,static_noise:present,316,292,125,114,0.0,1.0,0.0,1.0,0.0,,0,0,0,0,,,,,0.0,0.0,1.0,1.0,0.8578848167539267,0.7724427973680414,0.1557964025110842,0.9000209424083769,0.8322830727048126,0.133804489742087
Random lead training,superclass,NORM,2-lead,quality_flag,static_noise:absent,1882,1668,838,784,0.0,1.0,0.0,1.0,0.0,,0,0,0,0,,,,,0.0,0.0,1.0,1.0,0.9098908183139932,0.8604935569295337,0.1187088270532602,0.9278671622820251,0.8962769278305661,0.1086854558686485
Random lead training,superclass,NORM,2-lead,quality_flag,burst_noise:present,40,40,17,17,0.0,1.0,0.0,1.0,0.0,,0,0,0,0,,,,,0.0,0.0,1.0,1.0,0.9437340153452686,0.92745633995634,0.0910778594501335,0.946291560102302,0.9261818343133222,0.1056330765335237
Random lead training,superclass,NORM,2-lead,quality_flag,burst_noise:absent,2158,1872,946,868,0.0,1.0,0.0,1.0,0.0,,0,0,0,0,,,,,0.0,0.0,1.0,1.0,0.9014314222119886,0.8467449657442708,0.1246517893094221,0.9228198982688968,0.8857129469250409,0.1124202611871896
Random lead training,superclass,NORM,2-lead,quality_flag,electrodes_problems:absent,2195,1901,963,882,0.0,1.0,0.0,1.0,0.0,,0,0,0,0,,,,,0.0,0.0,1.0,1.0,0.9021051637874068,0.8478526091044983,0.124210325727831,0.9229924410999176,0.8861772442448176,0.1124486469996104
Random lead training,superclass,NORM,2-lead,quality_flag,extra_beats:present,198,184,45,43,0.0,1.0,0.0,1.0,0.0,,0,0,0,0,,,,,0.0,0.0,1.0,1.0,0.941757443718228,0.7900432324659997,0.0815447836309967,0.9374001452432824,0.7872161805267454,0.08474724793933
Random lead training,superclass,NORM,2-lead,quality_flag,extra_beats:absent,2000,1757,918,848,0.0,1.0,0.0,1.0,0.0,,0,0,0,0,,,,,0.0,0.0,1.0,1.0,0.896026884773215,0.850584339255542,0.1282479042744005,0.919809801102614,0.8896577464737372,0.1150241458056543
Random lead training,superclass,NORM,2-lead,quality_flag,pacemaker:present,29,26,2,2,0.0,1.0,0.0,1.0,0.0,,0,0,0,0,,,,,0.0,0.0,1.0,1.0,0.9814814814814816,0.8333333333333333,0.043059669379736,0.962962962962963,0.75,0.0302138479313084
Random lead training,superclass,NORM,2-lead,quality_flag,pacemaker:absent,2169,1883,961,881,0.0,1.0,0.0,1.0,0.0,,0,0,0,0,,,,,0.0,0.0,1.0,1.0,0.9007346100571288,0.8481852182729404,0.1251235340229257,0.9217753995217456,0.886260642688826,0.1133942116704878
Random lead training,superclass,NORM,2-lead,quality,any_flag,679,618,259,240,0.0,1.0,0.0,1.0,0.0,,0,0,0,0,,,,,0.0,0.0,1.0,1.0,0.9059110130538702,0.8199675046778097,0.1205700559666502,0.9200680272108844,0.8562205689497717,0.1143504336773082
Random lead training,superclass,NORM,2-lead,quality,no_flags,1519,1382,704,673,0.0,1.0,0.0,1.0,0.0,,0,0,0,0,,,,,0.0,0.0,1.0,1.0,0.899900655326269,0.8576426422568062,0.1255922368047287,0.92408149749024,0.8968993103597085,0.1113787374828201
Random lead training,superclass,MI,2-lead,overall,all,2198,1904,550,476,0.0,1.0,0.0,1.0,0.0,,0,0,0,0,,,,,0.0,0.0,1.0,1.0,0.8052934686672552,0.6098560940751189,0.141792791159615,0.8837047661076789,0.7473407620919253,0.1120696061830364
Random lead training,superclass,MI,2-lead,sex,0,1132,969,297,250,0.0,1.0,0.0,1.0,0.0,,0,0,0,0,,,,,0.0,0.0,1.0,1.0,0.8293513982136737,0.6534979747429281,0.138507826290843,0.8987681203250065,0.784174825432963,0.107261587004337
Random lead training,superclass,MI,2-lead,sex,1,1066,935,253,226,0.0,1.0,0.0,1.0,0.0,,0,0,0,0,,,,,0.0,0.0,1.0,1.0,0.7772559543777257,0.5605084690942753,0.1452811403448399,0.8663273193996762,0.7060615126630594,0.1171753075998165
Random lead training,superclass,MI,2-lead,age_band,40-64,866,755,164,142,0.0,1.0,0.0,1.0,0.0,,0,0,0,0,,,,,0.0,0.0,1.0,1.0,0.7810437078729761,0.5464677902979996,0.1206121881524745,0.8661055520811618,0.671449747664431,0.1013516672577206
Random lead training,superclass,MI,2-lead,age_band,<40,284,266,7,7,0.0,1.0,0.0,1.0,0.0,,0,0,0,0,,,,,0.0,0.0,1.0,1.0,0.8107271789582259,0.2144813821304806,0.0281178288408716,0.9195461578133058,0.2124655189397732,0.0247955163884857
Random lead training,superclass,MI,2-lead,age_band,65-79,708,615,228,201,0.0,1.0,0.0,1.0,0.0,,0,0,0,0,,,,,0.0,0.0,1.0,1.0,0.7719663742690058,0.6402263449466614,0.1734003942794443,0.8650402046783625,0.7687054941513075,0.1356449552307738
Random lead training,superclass,MI,2-lead,age_band,80+,340,274,151,126,0.0,1.0,0.0,1.0,0.0,,0,0,0,0,,,,,0.0,0.0,1.0,1.0,0.7046147377273204,0.6621307334909934,0.2248748749651081,0.8362591541399489,0.8125499563777933,0.1631761634923826
Random lead training,superclass,MI,2-lead,quality_flag,baseline_drift:present,236,231,59,57,0.0,1.0,0.0,1.0,0.0,,0,0,0,0,,,,,0.0,0.0,1.0,1.0,0.7774585846978838,0.5651700329319517,0.1520803416195681,0.865364358900699,0.7214847942057484,0.1234283145273525
Random lead training,superclass,MI,2-lead,quality_flag,baseline_drift:absent,1962,1727,491,433,0.0,1.0,0.0,1.0,0.0,,0,0,0,0,,,,,0.0,0.0,1.0,1.0,0.8089457966026132,0.6157118801723355,0.1405553488005177,0.8860093511902207,0.7508354946920088,0.1107033191446782
Random lead training,superclass,MI,2-lead,quality_flag,static_noise:present,316,292,88,85,0.0,1.0,0.0,1.0,0.0,,0,0,0,0,,,,,0.0,0.0,1.0,1.0,0.7530402711323764,0.5642913239373697,0.1677769709364227,0.8407097288676237,0.6936753110098309,0.1410374722871158
Random lead training,superclass,MI,2-lead,quality_flag,static_noise:absent,1882,1668,462,407,0.0,1.0,0.0,1.0,0.0,,0,0,0,0,,,,,0.0,0.0,1.0,1.0,0.8148009267727578,0.6207426518160883,0.137429878933541,0.8915310042070606,0.7579740788063721,0.1072057136809699
Random lead training,superclass,MI,2-lead,quality_flag,burst_noise:present,40,40,10,10,0.0,1.0,0.0,1.0,0.0,,0,0,0,0,,,,,0.0,0.0,1.0,1.0,0.88,0.727008547008547,0.1290887226780739,0.8266666666666667,0.5376690466396349,0.1635300867654778
Random lead training,superclass,MI,2-lead,quality_flag,burst_noise:absent,2158,1872,540,467,0.0,1.0,0.0,1.0,0.0,,0,0,0,0,,,,,0.0,0.0,1.0,1.0,0.8043869889667171,0.6087872360268339,0.1420282697227576,0.8847079155793619,0.7546870371588585,0.1111157511212673
Random lead training,superclass,MI,2-lead,quality_flag,electrodes_problems:absent,2195,1901,550,476,0.0,1.0,0.0,1.0,0.0,,0,0,0,0,,,,,0.0,0.0,1.0,1.0,0.805086487980105,0.6099145485693521,0.1419715282442407,0.8837015750207239,0.7474616309237689,0.1121972935051671
Random lead training,superclass,MI,2-lead,quality_flag,extra_beats:present,198,184,72,67,0.0,1.0,0.0,1.0,0.0,,0,0,0,0,,,,,0.0,0.0,1.0,1.0,0.7529761904761905,0.6228006886454223,0.1955881395326684,0.8529541446208113,0.7738138761158401,0.1489762279274553
Random lead training,superclass,MI,2-lead,quality_flag,extra_beats:absent,2000,1757,478,419,0.0,1.0,0.0,1.0,0.0,,0,0,0,0,,,,,0.0,0.0,1.0,1.0,0.8075891114422226,0.6078693082577404,0.1364670516706827,0.8851681612500618,0.7431738897126529,0.1084158506303389
Random lead training,superclass,MI,2-lead,quality_flag,pacemaker:present,29,26,0,0,0.0,1.0,0.0,1.0,0.0,,0,0,0,0,,,,,,0.0,,1.0,,,0.0725266796173112,,,0.1431541449290312
Random lead training,superclass,MI,2-lead,quality_flag,pacemaker:absent,2169,1883,550,476,0.0,1.0,0.0,1.0,0.0,,0,0,0,0,,,,,0.0,0.0,1.0,1.0,0.8051457128418216,0.6143133075505988,0.1427188940801898,0.8862058509742265,0.7564498819283041,0.1116539991643024
Random lead training,superclass,MI,2-lead,quality,any_flag,679,618,193,177,0.0,1.0,0.0,1.0,0.0,,0,0,0,0,,,,,0.0,0.0,1.0,1.0,0.7813919273332054,0.5945678598001854,0.1625456858563423,0.8607432994306915,0.7190011247078605,0.1325846744042202
Random lead training,superclass,MI,2-lead,quality,no_flags,1519,1382,357,321,0.0,1.0,0.0,1.0,0.0,,0,0,0,0,,,,,0.0,0.0,1.0,1.0,0.8161626096221621,0.620157399059395,0.1325161515947185,0.8932657400309523,0.7627197443462029,0.1028992761486823
Random lead training,superclass,STTC,2-lead,overall,all,2198,1904,521,475,0.0,1.0,0.0,1.0,0.0,,0,0,0,0,,,,,0.0,0.0,1.0,1.0,0.8918082170771542,0.704297276655832,0.1084063390074035,0.9143658644618338,0.7722954755311621,0.0951047847519449
Random lead training,superclass,STTC,2-lead,sex,0,1132,969,229,206,0.0,1.0,0.0,1.0,0.0,,0,0,0,0,,,,,0.0,0.0,1.0,1.0,0.9102022854434756,0.7067674342707752,0.0940991319052373,0.9252467514882464,0.7626192523756322,0.0805432449619962
Random lead training,superclass,STTC,2-lead,sex,1,1066,935,292,269,0.0,1.0,0.0,1.0,0.0,,0,0,0,0,,,,,0.0,0.0,1.0,1.0,0.874575236274822,0.7084588734472694,0.1235993581815613,0.9009504088350856,0.7810267553576106,0.1105678832906147
Random lead training,superclass,STTC,2-lead,age_band,40-64,866,755,151,139,0.0,1.0,0.0,1.0,0.0,,0,0,0,0,,,,,0.0,0.0,1.0,1.0,0.9133330245913028,0.6949629039561543,0.0830239761936963,0.9309683693789654,0.7525299607414985,0.073415253975755
Random lead training,superclass,STTC,2-lead,age_band,<40,284,266,20,19,0.0,1.0,0.0,1.0,0.0,,0,0,0,0,,,,,0.0,0.0,1.0,1.0,0.8884469696969697,0.5612552226572818,0.045392748661411,0.8918560606060606,0.5124751829094198,0.0525997575732739
Random lead training,superclass,STTC,2-lead,age_band,65-79,708,615,207,192,0.0,1.0,0.0,1.0,0.0,,0,0,0,0,,,,,0.0,0.0,1.0,1.0,0.8665567415892852,0.7111304919139685,0.1313616568561056,0.9023691746940902,0.7953285736788318,0.1093163293276301
Random lead training,superclass,STTC,2-lead,age_band,80+,340,274,143,125,0.0,1.0,0.0,1.0,0.0,,0,0,0,0,,,,,0.0,0.0,1.0,1.0,0.8069291114976395,0.7309165649032381,0.1778905178840248,0.8513364807781051,0.8053415363897062,0.1562600430205859
Random lead training,superclass,STTC,2-lead,quality_flag,baseline_drift:present,236,231,48,48,0.0,1.0,0.0,1.0,0.0,,0,0,0,0,,,,,0.0,0.0,1.0,1.0,0.887854609929078,0.6496639873401433,0.1102086990511749,0.8956117021276596,0.7355329996819774,0.1005698460505066
Random lead training,superclass,STTC,2-lead,quality_flag,baseline_drift:absent,1962,1727,473,432,0.0,1.0,0.0,1.0,0.0,,0,0,0,0,,,,,0.0,0.0,1.0,1.0,0.8929471515568007,0.7126657807862329,0.1081895413670722,0.9168930153046227,0.7785505160441895,0.0944474175417204
Random lead training,superclass,STTC,2-lead,quality_flag,static_noise:present,316,292,68,65,0.0,1.0,0.0,1.0,0.0,,0,0,0,0,,,,,0.0,0.0,1.0,1.0,0.855787476280835,0.5964718555179727,0.1189724957184988,0.8898244781783681,0.7309558645456669,0.0998485995795147
Random lead training,superclass,STTC,2-lead,quality_flag,static_noise:absent,1882,1668,453,420,0.0,1.0,0.0,1.0,0.0,,0,0,0,0,,,,,0.0,0.0,1.0,1.0,0.8972930637365082,0.7206009667818292,0.1066322128008647,0.91752518394592,0.7782876965075115,0.0943082674907802
Random lead training,superclass,STTC,2-lead,quality_flag,burst_noise:present,40,40,11,11,0.0,1.0,0.0,1.0,0.0,,0,0,0,0,,,,,0.0,0.0,1.0,1.0,0.896551724137931,0.6955488955488955,0.122393203317333,0.8620689655172414,0.6651815575728619,0.1478425234073551
Random lead training,superclass,STTC,2-lead,quality_flag,burst_noise:absent,2158,1872,510,464,0.0,1.0,0.0,1.0,0.0,,0,0,0,0,,,,,0.0,0.0,1.0,1.0,0.8915667237768894,0.7053246961659481,0.1081470829497589,0.9152305825242716,0.7753053199401444,0.0941272548417427
Random lead training,superclass,STTC,2-lead,quality_flag,electrodes_problems:absent,2195,1901,520,474,0.0,1.0,0.0,1.0,0.0,,0,0,0,0,,,,,0.0,0.0,1.0,1.0,0.8914879448909299,0.7031327417037272,0.1085486296532984,0.9142055109070036,0.7719106334671428,0.0952065827528069
Random lead training,superclass,STTC,2-lead,quality_flag,extra_beats:present,198,184,64,60,0.0,1.0,0.0,1.0,0.0,,0,0,0,0,,,,,0.0,0.0,1.0,1.0,0.8373367537313433,0.6422647302524831,0.1537780225676197,0.8671875,0.7342829257114432,0.1389041059397029
Random lead training,superclass,STTC,2-lead,quality_flag,extra_beats:absent,2000,1757,457,422,0.0,1.0,0.0,1.0,0.0,,0,0,0,0,,,,,0.0,0.0,1.0,1.0,0.8966037061565537,0.7203562194259296,0.1039145423349421,0.9186911739471404,0.7808956387779596,0.0907686519543569
Random lead training,superclass,STTC,2-lead,quality_flag,pacemaker:present,29,26,0,0,0.0,1.0,0.0,1.0,0.0,,0,0,0,0,,,,,,0.0,,1.0,,,0.0569010783270242,,,0.042473705110085
Random lead training,superclass,STTC,2-lead,quality_flag,pacemaker:absent,2169,1883,521,475,0.0,1.0,0.0,1.0,0.0,,0,0,0,0,,,,,0.0,0.0,1.0,1.0,0.8915779960121498,0.7071495272723214,0.1090949755033606,0.9142099770791794,0.7740911038806917,0.0958084736913705
Random lead training,superclass,STTC,2-lead,quality,any_flag,679,618,155,147,0.0,1.0,0.0,1.0,0.0,,0,0,0,0,,,,,0.0,0.0,1.0,1.0,0.8746491012065993,0.6223611203569629,0.1175425848202029,0.8949766067471067,0.7211193163376265,0.1050139385766182
Random lead training,superclass,STTC,2-lead,quality,no_flags,1519,1382,366,344,0.0,1.0,0.0,1.0,0.0,,0,0,0,0,,,,,0.0,0.0,1.0,1.0,0.9003905231778349,0.7478369227298214,0.1043223950265669,0.9229238053260914,0.7962927430921514,0.0906753473280126
Random lead training,superclass,CD,2-lead,overall,all,2198,1904,496,439,0.0,1.0,0.0,1.0,0.0,,0,0,0,0,,,,,0.0,0.0,1.0,1.0,0.8359235813653767,0.6750216093407254,0.1149602819861473,0.8812888537204806,0.7590563963707647,0.1010909126515119
Random lead training,superclass,CD,2-lead,sex,0,1132,969,266,235,0.0,1.0,0.0,1.0,0.0,,0,0,0,0,,,,,0.0,0.0,1.0,1.0,0.8408550243970203,0.6906729745011264,0.115138632413262,0.8853209814374272,0.7752016186099289,0.1018303237788227
Random lead training,superclass,CD,2-lead,sex,1,1066,935,230,204,0.0,1.0,0.0,1.0,0.0,,0,0,0,0,,,,,0.0,0.0,1.0,1.0,0.8301955481589349,0.6592992877355357,0.114770889224896,0.8770438943207821,0.7408006372125476,0.1003057218484013
Random lead training,superclass,CD,2-lead,age_band,40-64,866,755,140,128,0.0,1.0,0.0,1.0,0.0,,0,0,0,0,,,,,0.0,0.0,1.0,1.0,0.8205824478551751,0.5870699373026065,0.0971657499640446,0.8637937819756002,0.6670043707736991,0.088986800141718
Random lead training,superclass,CD,2-lead,age_band,<40,284,266,37,35,0.0,1.0,0.0,1.0,0.0,,0,0,0,0,,,,,0.0,0.0,1.0,1.0,0.7116752379910275,0.4145469692939347,0.0988744822929172,0.8114673377831274,0.4419114205391531,0.0930414796279532
Random lead training,superclass,CD,2-lead,age_band,65-79,708,615,184,164,0.0,1.0,0.0,1.0,0.0,,0,0,0,0,,,,,0.0,0.0,1.0,1.0,0.8407007135745104,0.7126657103041218,0.1228736420714455,0.8961998008629273,0.8217840180052363,0.0979363050039258
Random lead training,superclass,CD,2-lead,age_band,80+,340,274,135,114,0.0,1.0,0.0,1.0,0.0,,0,0,0,0,,,,,0.0,0.0,1.0,1.0,0.8315447154471546,0.7689397503583768,0.1572419669968155,0.8644986449864498,0.8230970940463257,0.1452134497887563
Random lead training,superclass,CD,2-lead,quality_flag,baseline_drift:present,236,231,48,48,0.0,1.0,0.0,1.0,0.0,,0,0,0,0,,,,,0.0,0.0,1.0,1.0,0.7452349290780141,0.529371192781385,0.1295731115690682,0.8457446808510638,0.6687424627078874,0.1120280005691034
Random lead training,superclass,CD,2-lead,quality_flag,baseline_drift:absent,1962,1727,448,399,0.0,1.0,0.0,1.0,0.0,,0,0,0,0,,,,,0.0,0.0,1.0,1.0,0.8452213861105868,0.6905249835155247,0.1132025715979876,0.8850387455180223,0.769064826824509,0.0997753404045437
Random lead training,superclass,CD,2-lead,quality_flag,static_noise:present,316,292,75,72,0.0,1.0,0.0,1.0,0.0,,0,0,0,0,,,,,0.0,0.0,1.0,1.0,0.8182019363762103,0.6544287836785764,0.1287529861340288,0.8585892116182573,0.7549813028690574,0.1070470646799342
Random lead training,superclass,CD,2-lead,quality_flag,static_noise:absent,1882,1668,421,376,0.0,1.0,0.0,1.0,0.0,,0,0,0,0,,,,,0.0,0.0,1.0,1.0,0.8388082220065325,0.6792900542152746,0.1126443975489897,0.8852671436770116,0.7607256960984943,0.1000908361153899
Random lead training,superclass,CD,2-lead,quality_flag,burst_noise:present,40,40,9,9,0.0,1.0,0.0,1.0,0.0,,0,0,0,0,,,,,0.0,0.0,1.0,1.0,0.7168458781362008,0.3607824465870443,0.2015681739543671,0.7921146953405018,0.6262369060980172,0.1397135521235105
Random lead training,superclass,CD,2-lead,quality_flag,burst_noise:absent,2158,1872,487,431,0.0,1.0,0.0,1.0,0.0,,0,0,0,0,,,,,0.0,0.0,1.0,1.0,0.8375660653962941,0.6860263889566518,0.1133549457124083,0.8830957375300603,0.7620330744855939,0.1003750157196861
Random lead training,superclass,CD,2-lead,quality_flag,electrodes_problems:absent,2195,1901,495,438,0.0,1.0,0.0,1.0,0.0,,0,0,0,0,,,,,0.0,0.0,1.0,1.0,0.8355448603683898,0.6740147453076857,0.1151004902359442,0.8813749257278669,0.7594812850692154,0.1008962937501514
Random lead training,superclass,CD,2-lead,quality_flag,extra_beats:present,198,184,69,64,0.0,1.0,0.0,1.0,0.0,,0,0,0,0,,,,,0.0,0.0,1.0,1.0,0.8377710369621391,0.7937384317955569,0.1385140017768254,0.8364228738344006,0.7795534744764362,0.1508827329778926
Random lead training,superclass,CD,2-lead,quality_flag,extra_beats:absent,2000,1757,427,386,0.0,1.0,0.0,1.0,0.0,,0,0,0,0,,,,,0.0,0.0,1.0,1.0,0.8334690644675741,0.6559027550696852,0.1126284637268702,0.883451868548739,0.7555913849460644,0.0961615224392002
Random lead training,superclass,CD,2-lead,quality_flag,pacemaker:present,29,26,0,0,0.0,1.0,0.0,1.0,0.0,,0,0,0,0,,,,,,0.0,,1.0,,,0.4804320234276923,,,0.3439441764591136
Random lead training,superclass,CD,2-lead,quality_flag,pacemaker:absent,2169,1883,496,439,0.0,1.0,0.0,1.0,0.0,,0,0,0,0,,,,,0.0,0.0,1.0,1.0,0.8426865009737191,0.7256845660216347,0.110073845609105,0.8864062530127451,0.7778110316824178,0.0978439118905988
Random lead training,superclass,CD,2-lead,quality,any_flag,679,618,164,152,0.0,1.0,0.0,1.0,0.0,,0,0,0,0,,,,,0.0,0.0,1.0,1.0,0.7938195595548189,0.5758875413696715,0.1408912103181192,0.8423869287236561,0.7096815643713843,0.1236542745653803
Random lead training,superclass,CD,2-lead,quality,no_flags,1519,1382,332,304,0.0,1.0,0.0,1.0,0.0,,0,0,0,0,,,,,0.0,0.0,1.0,1.0,0.8540311202687753,0.7365043598885496,0.1033690375243903,0.8988439013002305,0.7888773583449228,0.0910049858973863
Random lead training,superclass,HYP,2-lead,overall,all,2198,1904,262,249,0.0,1.0,0.0,1.0,0.0,,0,0,0,0,,,,,0.0,0.0,1.0,1.0,0.82241853826257,0.4719753028621011,0.0829582785235905,0.874516986310012,0.5859710686197047,0.0722346894812561
Random lead training,superclass,HYP,2-lead,sex,0,1132,969,135,130,0.0,1.0,0.0,1.0,0.0,,0,0,0,0,,,,,0.0,0.0,1.0,1.0,0.8072662431739664,0.4322844552487802,0.0858433758640936,0.8827668189754448,0.590018516427795,0.0714847982362659
Random lead training,superclass,HYP,2-lead,sex,1,1066,935,127,119,0.0,1.0,0.0,1.0,0.0,,0,0,0,0,,,,,0.0,0.0,1.0,1.0,0.8416475895784592,0.5165254839584246,0.079894554143244,0.8654038053550015,0.5868377900015076,0.0730310092648667
Random lead training,superclass,HYP,2-lead,age_band,40-64,866,755,68,67,0.0,1.0,0.0,1.0,0.0,,0,0,0,0,,,,,0.0,0.0,1.0,1.0,0.7835028748341442,0.3211901956393884,0.0637698763710079,0.8622843874391861,0.4317846939531263,0.0576967161249492
Random lead training,superclass,HYP,2-lead,age_band,<40,284,266,10,10,0.0,1.0,0.0,1.0,0.0,,0,0,0,0,,,,,0.0,0.0,1.0,1.0,0.8638686131386862,0.4425607159167294,0.0309212395258247,0.9302919708029196,0.5867769812345086,0.0282432541780992
Random lead training,superclass,HYP,2-lead,age_band,65-79,708,615,124,117,0.0,1.0,0.0,1.0,0.0,,0,0,0,0,,,,,0.0,0.0,1.0,1.0,0.8050292752982767,0.5425629218626755,0.1118639182652652,0.8881186478126382,0.7011557936865034,0.0877925566005625
Random lead training,superclass,HYP,2-lead,age_band,80+,340,274,60,55,0.0,1.0,0.0,1.0,0.0,,0,0,0,0,,,,,0.0,0.0,1.0,1.0,0.8010714285714285,0.5290446551127787,0.1151067561776977,0.7796428571428571,0.550268611054376,0.1136125795759305
Random lead training,superclass,HYP,2-lead,quality_flag,baseline_drift:present,236,231,27,27,0.0,1.0,0.0,1.0,0.0,,0,0,0,0,,,,,0.0,0.0,1.0,1.0,0.8066631224525962,0.3936658762355943,0.0893346727669477,0.9011164274322168,0.6135604626753863,0.0654991508254786
Random lead training,superclass,HYP,2-lead,quality_flag,baseline_drift:absent,1962,1727,235,224,0.0,1.0,0.0,1.0,0.0,,0,0,0,0,,,,,0.0,0.0,1.0,1.0,0.8246916926412793,0.4845874554633608,0.0821912912445731,0.8717392107824415,0.5833258887833441,0.0730448765978531
Random lead training,superclass,HYP,2-lead,quality_flag,static_noise:present,316,292,30,30,0.0,1.0,0.0,1.0,0.0,,0,0,0,0,,,,,0.0,0.0,1.0,1.0,0.8628205128205129,0.5288127981305654,0.0641433953833411,0.8934731934731935,0.5755276748174847,0.0593152384514872
Random lead training,superclass,HYP,2-lead,quality_flag,static_noise:absent,1882,1668,232,222,0.0,1.0,0.0,1.0,0.0,,0,0,0,0,,,,,0.0,0.0,1.0,1.0,0.8166065830721002,0.4702043907424447,0.0861174193696686,0.8713401253918496,0.5892783303494618,0.0744039490590494
Random lead training,superclass,HYP,2-lead,quality_flag,burst_noise:present,40,40,3,3,0.0,1.0,0.0,1.0,0.0,,0,0,0,0,,,,,0.0,0.0,1.0,1.0,0.8378378378378378,0.3366013071895425,0.0711041897183389,0.882882882882883,0.3035714285714285,0.0748980195352211
Random lead training,superclass,HYP,2-lead,quality_flag,burst_noise:absent,2158,1872,259,246,0.0,1.0,0.0,1.0,0.0,,0,0,0,0,,,,,0.0,0.0,1.0,1.0,0.8224934480858653,0.4757911341938787,0.0831780021344386,0.8746891780067136,0.5901827649865345,0.0721853228444819
Random lead training,superclass,HYP,2-lead,quality_flag,electrodes_problems:absent,2195,1901,262,249,0.0,1.0,0.0,1.0,0.0,,0,0,0,0,,,,,0.0,0.0,1.0,1.0,0.8226681620547897,0.4726005073384907,0.0830087908028783,0.8748000774021317,0.5864452333902396,0.0722745131971557
Random lead training,superclass,HYP,2-lead,quality_flag,extra_beats:present,198,184,31,30,0.0,1.0,0.0,1.0,0.0,,0,0,0,0,,,,,0.0,0.0,1.0,1.0,0.7824995170948426,0.3725208103092342,0.1195151897112196,0.8557079389607881,0.6415192105811888,0.090545056093446
Random lead training,superclass,HYP,2-lead,quality_flag,extra_beats:absent,2000,1757,231,220,0.0,1.0,0.0,1.0,0.0,,0,0,0,0,,,,,0.0,0.0,1.0,1.0,0.8246496296241915,0.4864423347983228,0.0793391443160153,0.8762844466631917,0.5803829990553582,0.0704219631866493
Random lead training,superclass,HYP,2-lead,quality_flag,pacemaker:present,29,26,0,0,0.0,1.0,0.0,1.0,0.0,,0,0,0,0,,,,,,0.0,,1.0,,,0.0228627322671126,,,0.0180823806823227
Random lead training,superclass,HYP,2-lead,quality_flag,pacemaker:absent,2169,1883,262,249,0.0,1.0,0.0,1.0,0.0,,0,0,0,0,,,,,0.0,0.0,1.0,1.0,0.8234467630305384,0.4745344887770472,0.0837617689991267,0.8752666952209017,0.5879581612846624,0.0729587175841464
Random lead training,superclass,HYP,2-lead,quality,any_flag,679,618,77,75,0.0,1.0,0.0,1.0,0.0,,0,0,0,0,,,,,0.0,0.0,1.0,1.0,0.8154420330500065,0.3847797285914103,0.0862514708844809,0.8813478879924063,0.5661339045115412,0.0701507408250839
Random lead training,superclass,HYP,2-lead,quality,no_flags,1519,1382,185,178,0.0,1.0,0.0,1.0,0.0,,0,0,0,0,,,,,0.0,0.0,1.0,1.0,0.8264556910733821,0.5085969427883285,0.0814862063622709,0.8731310020665344,0.5925128847057076,0.0731662241340151
Random lead training,subcode,1AVB,2-lead,overall,all,2198,1904,79,69,0.0,1.0,0.0,1.0,0.0,,0,0,0,0,,,,,0.0,0.0,1.0,1.0,0.8516018422829015,0.2083330296998832,0.0318633116391779,0.8025877981613013,0.1237488977008827,0.0330610200548485
Random lead training,subcode,1AVB,2-lead,sex,0,1132,969,39,35,0.0,1.0,0.0,1.0,0.0,,0,0,0,0,,,,,0.0,0.0,1.0,1.0,0.8490862598822343,0.3157635244056361,0.0299030855701688,0.7876932460647007,0.1498516348728424,0.0317104393486227
Random lead training,subcode,1AVB,2-lead,sex,1,1066,935,40,34,0.0,1.0,0.0,1.0,0.0,,0,0,0,0,,,,,0.0,0.0,1.0,1.0,0.8516569200779727,0.135266468078806,0.0339449025492325,0.8200536062378168,0.1147346263911557,0.0344952202044242
Random lead training,subcode,1AVB,2-lead,age_band,40-64,866,755,9,8,0.0,1.0,0.0,1.0,0.0,,0,0,0,0,,,,,0.0,0.0,1.0,1.0,0.8484377025800596,0.0946932708145908,0.010760893944344,0.7916504602618955,0.0357578516310664,0.0107132792431688
Random lead training,subcode,1AVB,2-lead,age_band,<40,284,266,0,0,0.0,1.0,0.0,1.0,0.0,,0,0,0,0,,,,,,0.0,,1.0,,,0.0004083808209927,,,0.0004678023379446
Random lead training,subcode,1AVB,2-lead,age_band,65-79,708,615,36,33,0.0,1.0,0.0,1.0,0.0,,0,0,0,0,,,,,0.0,0.0,1.0,1.0,0.7878637566137565,0.2468339487058366,0.0445784974605392,0.7664930555555556,0.2231219363573056,0.04575557792841
Random lead training,subcode,1AVB,2-lead,age_band,80+,340,274,34,28,0.0,1.0,0.0,1.0,0.0,,0,0,0,0,,,,,0.0,0.0,1.0,1.0,0.7475009611687813,0.2439702193748565,0.0854090249173156,0.6060169165705498,0.130278776883886,0.0907724035843597
Random lead training,subcode,1AVB,2-lead,quality_flag,baseline_drift:present,236,231,10,10,0.0,1.0,0.0,1.0,0.0,,0,0,0,0,,,,,0.0,0.0,1.0,1.0,0.932300884955752,0.5056408214128199,0.0339644932797881,0.7991150442477876,0.1642207209198572,0.0385861935041639
Random lead training,subcode,1AVB,2-lead,quality_flag,baseline_drift:absent,1962,1727,69,63,0.0,1.0,0.0,1.0,0.0,,0,0,0,0,,,,,0.0,0.0,1.0,1.0,0.8396456816494025,0.1819633687544145,0.031610570116658,0.8032874740653972,0.1239087787543747,0.0323964222291409
Random lead training,subcode,1AVB,2-lead,quality_flag,static_noise:present,316,292,10,9,0.0,1.0,0.0,1.0,0.0,,0,0,0,0,,,,,0.0,0.0,1.0,1.0,0.850326797385621,0.3258126584252533,0.0271964528124916,0.8258169934640524,0.2313582494698501,0.0286939376136617
Random lead training,subcode,1AVB,2-lead,quality_flag,static_noise:absent,1882,1668,69,60,0.0,1.0,0.0,1.0,0.0,,0,0,0,0,,,,,0.0,0.0,1.0,1.0,0.851187478516671,0.194805785622596,0.0326469074889296,0.7999232595505887,0.1148062582997569,0.0337942815061849
Random lead training,subcode,1AVB,2-lead,quality_flag,burst_noise:present,40,40,1,1,0.0,1.0,0.0,1.0,0.0,,0,0,0,0,,,,,0.0,0.0,1.0,1.0,0.9487179487179488,0.3333333333333333,0.021140842255427,0.7948717948717949,0.1111111111111111,0.0242365700958405
Random lead training,subcode,1AVB,2-lead,quality_flag,burst_noise:absent,2158,1872,78,68,0.0,1.0,0.0,1.0,0.0,,0,0,0,0,,,,,0.0,0.0,1.0,1.0,0.8506964990138067,0.2091788797145831,0.0320620599132048,0.8026257396449704,0.1250733469552966,0.033224587245933
Random lead training,subcode,1AVB,2-lead,quality_flag,electrodes_problems:absent,2195,1901,79,69,0.0,1.0,0.0,1.0,0.0,,0,0,0,0,,,,,0.0,0.0,1.0,1.0,0.8517025196812711,0.2085351115171451,0.0319015365947207,0.803133449785839,0.1240767997077876,0.0330974867048993
Random lead training,subcode,1AVB,2-lead,quality_flag,extra_beats:present,198,184,18,18,0.0,1.0,0.0,1.0,0.0,,0,0,0,0,,,,,0.0,0.0,1.0,1.0,0.7996913580246913,0.3676218033357066,0.0759906567888396,0.6895061728395062,0.2793840436773055,0.0808218365334128
Random lead training,subcode,1AVB,2-lead,quality_flag,extra_beats:absent,2000,1757,61,56,0.0,1.0,0.0,1.0,0.0,,0,0,0,0,,,,,0.0,0.0,1.0,1.0,0.8510893734306174,0.1957875960780629,0.0274947044693614,0.8086727145139881,0.1073906305514143,0.0283326992234707
Random lead training,subcode,1AVB,2-lead,quality_flag,pacemaker:present,29,26,0,0,0.0,1.0,0.0,1.0,0.0,,0,0,0,0,,,,,,0.0,,1.0,,,0.0084116841551545,,,0.0060073044653777
Random lead training,subcode,1AVB,2-lead,quality_flag,pacemaker:absent,2169,1883,79,69,0.0,1.0,0.0,1.0,0.0,,0,0,0,0,,,,,0.0,0.0,1.0,1.0,0.8543940403367453,0.212317489684496,0.0321768649803658,0.806789413118527,0.1276753186019495,0.0334227340945418
Random lead training,subcode,1AVB,2-lead,quality,any_flag,679,618,33,30,0.0,1.0,0.0,1.0,0.0,,0,0,0,0,,,,,0.0,0.0,1.0,1.0,0.8618538324420677,0.3210902261942663,0.0410500419921462,0.7710385589642555,0.1777418463555156,0.0440678090434988
Random lead training,subcode,1AVB,2-lead,quality,no_flags,1519,1382,46,44,0.0,1.0,0.0,1.0,0.0,,0,0,0,0,,,,,0.0,0.0,1.0,1.0,0.840269783641784,0.1605043388400484,0.0277568008362381,0.8160069659671183,0.1042701510480643,0.028140934654392
Random lead training,subcode,AMI,2-lead,overall,all,2198,1904,35,34,0.0,1.0,0.0,1.0,0.0,,0,0,0,0,,,,,0.0,0.0,1.0,1.0,0.6214913149725909,0.0210917849632973,0.0156871922752341,0.7279968297998811,0.0309551778071329,0.0155599449779361
Random lead training,subcode,AMI,2-lead,sex,0,1132,969,21,21,0.0,1.0,0.0,1.0,0.0,,0,0,0,0,,,,,0.0,0.0,1.0,1.0,0.6507222150786507,0.0258324333062091,0.0182036086271098,0.7631477433457632,0.0386695824571679,0.0180150783231088
Random lead training,subcode,AMI,2-lead,sex,1,1066,935,14,13,0.0,1.0,0.0,1.0,0.0,,0,0,0,0,,,,,0.0,0.0,1.0,1.0,0.5776072786529061,0.0184614729516266,0.013014975286188,0.6738864747419879,0.0287588090709779,0.0129528052530436
Random lead training,subcode,AMI,2-lead,age_band,40-64,866,755,11,11,0.0,1.0,0.0,1.0,0.0,,0,0,0,0,,,,,0.0,0.0,1.0,1.0,0.6788942052099947,0.0265353678493895,0.0124984534132524,0.6882509303561934,0.0234757188466552,0.0125377194404951
Random lead training,subcode,AMI,2-lead,age_band,<40,284,266,2,2,0.0,1.0,0.0,1.0,0.0,,0,0,0,0,,,,,0.0,0.0,1.0,1.0,0.9078014184397164,0.0922619047619047,0.0068809074134601,0.9609929078014184,0.2121212121212121,0.0067637024111651
Random lead training,subcode,AMI,2-lead,age_band,65-79,708,615,14,13,0.0,1.0,0.0,1.0,0.0,,0,0,0,0,,,,,0.0,0.0,1.0,1.0,0.5654590366405928,0.0228952418460731,0.0194414009862884,0.7597776862906546,0.0444738332569482,0.0191323220626432
Random lead training,subcode,AMI,2-lead,age_band,80+,340,274,8,8,0.0,1.0,0.0,1.0,0.0,,0,0,0,0,,,,,0.0,0.0,1.0,1.0,0.3655873493975903,0.0198839066447397,0.0233473481216857,0.53125,0.0291710642036428,0.0231662309438607
Random lead training,subcode,AMI,2-lead,quality_flag,baseline_drift:present,236,231,6,6,0.0,1.0,0.0,1.0,0.0,,0,0,0,0,,,,,0.0,0.0,1.0,1.0,0.5202898550724637,0.0303711163664737,0.0249860071156482,0.6855072463768116,0.0506565241910069,0.0247435028226109
Random lead training,subcode,AMI,2-lead,quality_flag,baseline_drift:absent,1962,1727,29,28,0.0,1.0,0.0,1.0,0.0,,0,0,0,0,,,,,0.0,0.0,1.0,1.0,0.6426316071141873,0.0211815581840754,0.0145686803984055,0.7363933139483027,0.0301201603652879,0.0144552968375981
Random lead training,subcode,AMI,2-lead,quality_flag,static_noise:present,316,292,9,9,0.0,1.0,0.0,1.0,0.0,,0,0,0,0,,,,,0.0,0.0,1.0,1.0,0.6366268548678973,0.0404684816738985,0.0277743469701788,0.8099891422366993,0.1236049350102975,0.0271385610982942
Random lead training,subcode,AMI,2-lead,quality_flag,static_noise:absent,1882,1668,26,25,0.0,1.0,0.0,1.0,0.0,,0,0,0,0,,,,,0.0,0.0,1.0,1.0,0.6160477453580901,0.0189611887452816,0.0136576806473901,0.7013635610079576,0.0240388051678666,0.0136158202733489
Random lead training,subcode,AMI,2-lead,quality_flag,burst_noise:present,40,40,0,0,0.0,1.0,0.0,1.0,0.0,,0,0,0,0,,,,,,0.0,,1.0,,,0.000362608614842,,,0.0007113286857711
Random lead training,subcode,AMI,2-lead,quality_flag,burst_noise:absent,2158,1872,35,34,0.0,1.0,0.0,1.0,0.0,,0,0,0,0,,,,,0.0,0.0,1.0,1.0,0.6216674517192652,0.0214730320075933,0.0159712438722757,0.7299105040037683,0.0318539912729197,0.0158351741955852
Random lead training,subcode,AMI,2-lead,quality_flag,electrodes_problems:absent,2195,1901,35,34,0.0,1.0,0.0,1.0,0.0,,0,0,0,0,,,,,0.0,0.0,1.0,1.0,0.6210185185185185,0.0210930034434826,0.015708591554872,0.7278042328042328,0.0309652804197863,0.0155810158353943
Random lead training,subcode,AMI,2-lead,quality_flag,extra_beats:present,198,184,6,5,0.0,1.0,0.0,1.0,0.0,,0,0,0,0,,,,,0.0,0.0,1.0,1.0,0.4713541666666667,0.0317234862580256,0.0297253484542404,0.65625,0.0483436794778033,0.0293539622483499
Random lead training,subcode,AMI,2-lead,quality_flag,extra_beats:absent,2000,1757,29,29,0.0,1.0,0.0,1.0,0.0,,0,0,0,0,,,,,0.0,0.0,1.0,1.0,0.6361028009587292,0.0206570834823805,0.0142974148135125,0.729194002694239,0.0299382254092643,0.0141943372681652
Random lead training,subcode,AMI,2-lead,quality_flag,pacemaker:present,29,26,0,0,0.0,1.0,0.0,1.0,0.0,,0,0,0,0,,,,,,0.0,,1.0,,,0.0002948707776235,,,0.0003300458628474
Random lead training,subcode,AMI,2-lead,quality_flag,pacemaker:absent,2169,1883,35,34,0.0,1.0,0.0,1.0,0.0,,0,0,0,0,,,,,0.0,0.0,1.0,1.0,0.6191725799973222,0.0212643372672145,0.015892990949015,0.7270317311554425,0.0312415858183721,0.0157635720292674
Random lead training,subcode,AMI,2-lead,quality,any_flag,679,618,15,14,0.0,1.0,0.0,1.0,0.0,,0,0,0,0,,,,,0.0,0.0,1.0,1.0,0.5766064257028112,0.026695088139033,0.0216854783188122,0.744277108433735,0.0504566602596868,0.0213487225090155
Random lead training,subcode,AMI,2-lead,quality,no_flags,1519,1382,20,20,0.0,1.0,0.0,1.0,0.0,,0,0,0,0,,,,,0.0,0.0,1.0,1.0,0.6484322881921281,0.020131968121837,0.0130059307718836,0.709339559706471,0.0238231959876056,0.0129723347451495
Random lead training,subcode,ASMI,2-lead,overall,all,2198,1904,234,199,0.0,1.0,0.0,1.0,0.0,,0,0,0,0,,,,,0.0,0.0,1.0,1.0,0.7869949692760283,0.3045377294144055,0.0861496651638528,0.892766375963932,0.5333846349725755,0.0676005112245322
Random lead training,subcode,ASMI,2-lead,sex,0,1132,969,119,100,0.0,1.0,0.0,1.0,0.0,,0,0,0,0,,,,,0.0,0.0,1.0,1.0,0.8222767883066355,0.3305786968504761,0.0836738367954226,0.9058707392137506,0.5522439706341972,0.0651080791161802
Random lead training,subcode,ASMI,2-lead,sex,1,1066,935,115,99,0.0,1.0,0.0,1.0,0.0,,0,0,0,0,,,,,0.0,0.0,1.0,1.0,0.74931650893796,0.2868367422297678,0.0887787812173829,0.8778402596808852,0.515293738048737,0.070247259016891
Random lead training,subcode,ASMI,2-lead,age_band,40-64,866,755,50,43,0.0,1.0,0.0,1.0,0.0,,0,0,0,0,,,,,0.0,0.0,1.0,1.0,0.7851225490196079,0.1762170696505119,0.0549491334682981,0.8928186274509804,0.4178199713362373,0.0430982566589517
Random lead training,subcode,ASMI,2-lead,age_band,<40,284,266,2,2,0.0,1.0,0.0,1.0,0.0,,0,0,0,0,,,,,0.0,0.0,1.0,1.0,0.5567375886524822,0.0116264454499748,0.0100479961044272,0.874113475177305,0.0404081632653061,0.007896376089806
Random lead training,subcode,ASMI,2-lead,age_band,65-79,708,615,90,79,0.0,1.0,0.0,1.0,0.0,,0,0,0,0,,,,,0.0,0.0,1.0,1.0,0.7551060769507373,0.3709206153800912,0.097624167049443,0.8652642934196332,0.5408593234121516,0.0809117673428557
Random lead training,subcode,ASMI,2-lead,age_band,80+,340,274,92,75,0.0,1.0,0.0,1.0,0.0,,0,0,0,0,,,,,0.0,0.0,1.0,1.0,0.6264463534361852,0.3624218859399308,0.2052925684762924,0.8118425666199158,0.6240741106926309,0.1521609744606553
Random lead training,subcode,ASMI,2-lead,quality_flag,baseline_drift:present,236,231,26,25,0.0,1.0,0.0,1.0,0.0,,0,0,0,0,,,,,0.0,0.0,1.0,1.0,0.7604395604395605,0.2956086244112761,0.0922504440259023,0.8831501831501831,0.5789652598114813,0.0678475378917858
Random lead training,subcode,ASMI,2-lead,quality_flag,baseline_drift:absent,1962,1727,208,179,0.0,1.0,0.0,1.0,0.0,,0,0,0,0,,,,,0.0,0.0,1.0,1.0,0.7903747478291379,0.3101474050238001,0.0854158303975717,0.8939840803438295,0.5299028371755575,0.06757079751736
Random lead training,subcode,ASMI,2-lead,quality_flag,static_noise:present,316,292,31,31,0.0,1.0,0.0,1.0,0.0,,0,0,0,0,,,,,0.0,0.0,1.0,1.0,0.7096774193548386,0.2928990385030005,0.0845343617247283,0.8448217317487267,0.3905083667830378,0.072104232629987
Random lead training,subcode,ASMI,2-lead,quality_flag,static_noise:absent,1882,1668,203,173,0.0,1.0,0.0,1.0,0.0,,0,0,0,0,,,,,0.0,0.0,1.0,1.0,0.7990271009309435,0.3121063556995554,0.0864208850824306,0.8998084128190308,0.5552513036707301,0.0668443072053379
Random lead training,subcode,ASMI,2-lead,quality_flag,burst_noise:present,40,40,4,4,0.0,1.0,0.0,1.0,0.0,,0,0,0,0,,,,,0.0,0.0,1.0,1.0,0.8958333333333334,0.3904761904761905,0.0908010079751143,0.875,0.3471590909090909,0.0849973339813516
Random lead training,subcode,ASMI,2-lead,quality_flag,burst_noise:absent,2158,1872,230,196,0.0,1.0,0.0,1.0,0.0,,0,0,0,0,,,,,0.0,0.0,1.0,1.0,0.7856124842143245,0.3069633748200023,0.0860634493564152,0.8930881291719286,0.5393753490203199,0.0672780492642575
Random lead training,subcode,ASMI,2-lead,quality_flag,electrodes_problems:absent,2195,1901,234,199,0.0,1.0,0.0,1.0,0.0,,0,0,0,0,,,,,0.0,0.0,1.0,1.0,0.7867998622715603,0.3045656013675165,0.0862641394333916,0.892767949371723,0.5334573094240179,0.0676860825906831
Random lead training,subcode,ASMI,2-lead,quality_flag,extra_beats:present,198,184,38,35,0.0,1.0,0.0,1.0,0.0,,0,0,0,0,,,,,0.0,0.0,1.0,1.0,0.705592105263158,0.3100987677439932,0.1538746617286462,0.8411184210526316,0.5473248984397421,0.1193003275489473
Random lead training,subcode,ASMI,2-lead,quality_flag,extra_beats:absent,2000,1757,196,168,0.0,1.0,0.0,1.0,0.0,,0,0,0,0,,,,,0.0,0.0,1.0,1.0,0.7888620525815648,0.3056095356640428,0.0794448905039383,0.8963810579664239,0.5387785002911002,0.0624822294084151
Random lead training,subcode,ASMI,2-lead,quality_flag,pacemaker:present,29,26,0,0,0.0,1.0,0.0,1.0,0.0,,0,0,0,0,,,,,,0.0,,1.0,,,0.0371895953522622,,,0.0694424362844871
Random lead training,subcode,ASMI,2-lead,quality_flag,pacemaker:absent,2169,1883,234,199,0.0,1.0,0.0,1.0,0.0,,0,0,0,0,,,,,0.0,0.0,1.0,1.0,0.7877183683385234,0.3089543241041942,0.0868042719063776,0.8948364584023499,0.5460537123687396,0.0675758842873544
Random lead training,subcode,ASMI,2-lead,quality,any_flag,679,618,84,79,0.0,1.0,0.0,1.0,0.0,,0,0,0,0,,,,,0.0,0.0,1.0,1.0,0.7513805522208883,0.281270613196134,0.103272571421015,0.8647458983593437,0.4863090028018991,0.0822311886199421
Random lead training,subcode,ASMI,2-lead,quality,no_flags,1519,1382,150,131,0.0,1.0,0.0,1.0,0.0,,0,0,0,0,,,,,0.0,0.0,1.0,1.0,0.8027124421719015,0.3237972686896189,0.0784956471594992,0.905390796201607,0.5684866153737055,0.0610605310063075
Random lead training,subcode,CLBBB,2-lead,overall,all,2198,1904,54,42,0.0,1.0,0.0,1.0,0.0,,0,0,0,0,,,,,0.0,0.0,1.0,1.0,0.9877435737976782,0.6270110223478522,0.0134466071299989,0.9880199695964622,0.6445739025615728,0.0127450651776186
Random lead training,subcode,CLBBB,2-lead,sex,0,1132,969,23,16,0.0,1.0,0.0,1.0,0.0,,0,0,0,0,,,,,0.0,0.0,1.0,1.0,0.9921590151723056,0.675951979699929,0.0098521571984648,0.9938840318343984,0.6972069496505543,0.0091029700114848
Random lead training,subcode,CLBBB,2-lead,sex,1,1066,935,31,26,0.0,1.0,0.0,1.0,0.0,,0,0,0,0,,,,,0.0,0.0,1.0,1.0,0.9850397381954183,0.6094491517273402,0.0172636027420971,0.9852267414679756,0.6450405630066185,0.0166126559168902
Random lead training,subcode,CLBBB,2-lead,age_band,40-64,866,755,9,6,0.0,1.0,0.0,1.0,0.0,,0,0,0,0,,,,,0.0,0.0,1.0,1.0,0.9941656942823804,0.7118191721132898,0.0056165804990851,0.9954622066640736,0.7592594986712633,0.0050333858968592
Random lead training,subcode,CLBBB,2-lead,age_band,<40,284,266,0,0,0.0,1.0,0.0,1.0,0.0,,0,0,0,0,,,,,,0.0,,1.0,,,0.0005624302540266,,,5.561910978816682e-05
Random lead training,subcode,CLBBB,2-lead,age_band,65-79,708,615,23,21,0.0,1.0,0.0,1.0,0.0,,0,0,0,0,,,,,0.0,0.0,1.0,1.0,0.9808949539828626,0.5368848832124893,0.019408925397744,0.9801967629324024,0.5578900027894325,0.0202143632768567
Random lead training,subcode,CLBBB,2-lead,age_band,80+,340,274,22,17,0.0,1.0,0.0,1.0,0.0,,0,0,0,0,,,,,0.0,0.0,1.0,1.0,0.9749857061177816,0.6981092415116479,0.0317365717228932,0.9735563178959404,0.6936020447550507,0.027432870725092
Random lead training,subcode,CLBBB,2-lead,quality_flag,baseline_drift:present,236,231,2,2,0.0,1.0,0.0,1.0,0.0,,0,0,0,0,,,,,0.0,0.0,1.0,1.0,0.9871794871794872,0.3928571428571428,0.0078573600511119,0.9914529914529916,0.4166666666666666,0.0078282914123167
Random lead training,subcode,CLBBB,2-lead,quality_flag,baseline_drift:absent,1962,1727,52,41,0.0,1.0,0.0,1.0,0.0,,0,0,0,0,,,,,0.0,0.0,1.0,1.0,0.9877970197341924,0.6545131795221416,0.0141189120793452,0.9878775674587192,0.6640688856847521,0.0133364813899587
Random lead training,subcode,CLBBB,2-lead,quality_flag,static_noise:present,316,292,5,5,0.0,1.0,0.0,1.0,0.0,,0,0,0,0,,,,,0.0,0.0,1.0,1.0,0.9929260450160772,0.7814285714285714,0.0076766086887333,0.990353697749196,0.5768253968253969,0.0086532620991664
Random lead training,subcode,CLBBB,2-lead,quality_flag,static_noise:absent,1882,1668,49,39,0.0,1.0,0.0,1.0,0.0,,0,0,0,0,,,,,0.0,0.0,1.0,1.0,0.9873075253014464,0.6229492157201036,0.0144154272721031,0.9877194740416624,0.64967749312438,0.0134321054394629
Random lead training,subcode,CLBBB,2-lead,quality_flag,burst_noise:present,40,40,0,0,0.0,1.0,0.0,1.0,0.0,,0,0,0,0,,,,,,0.0,,1.0,,,0.0089379792219204,,,0.0002771072389459
Random lead training,subcode,CLBBB,2-lead,quality_flag,burst_noise:absent,2158,1872,54,42,0.0,1.0,0.0,1.0,0.0,,0,0,0,0,,,,,0.0,0.0,1.0,1.0,0.9878978312913674,0.6334910886462279,0.0135301776194907,0.98790663286861,0.6449626314111753,0.0129761672710138
Random lead training,subcode,CLBBB,2-lead,quality_flag,electrodes_problems:absent,2195,1901,53,41,0.0,1.0,0.0,1.0,0.0,,0,0,0,0,,,,,0.0,0.0,1.0,1.0,0.9876504060743796,0.610724573427532,0.0134089663938613,0.9881436851470148,0.6423905989115926,0.0124987521332249
Random lead training,subcode,CLBBB,2-lead,quality_flag,extra_beats:present,198,184,13,9,0.0,1.0,0.0,1.0,0.0,,0,0,0,0,,,,,0.0,0.0,1.0,1.0,0.982952182952183,0.8307331557331556,0.0276430030579381,0.9862785862785864,0.7962129975287868,0.0263633829580814
Random lead training,subcode,CLBBB,2-lead,quality_flag,extra_beats:absent,2000,1757,41,34,0.0,1.0,0.0,1.0,0.0,,0,0,0,0,,,,,0.0,0.0,1.0,1.0,0.9881721634980516,0.5922001349055741,0.012041163933133,0.9876741493295484,0.615769248389909,0.0113968517173528
Random lead training,subcode,CLBBB,2-lead,quality_flag,pacemaker:present,29,26,0,0,0.0,1.0,0.0,1.0,0.0,,0,0,0,0,,,,,,0.0,,1.0,,,0.178955938288276,,,0.1268042834736536
Random lead training,subcode,CLBBB,2-lead,quality_flag,pacemaker:absent,2169,1883,54,42,0.0,1.0,0.0,1.0,0.0,,0,0,0,0,,,,,0.0,0.0,1.0,1.0,0.992846510813414,0.7908717571609745,0.0112337115082424,0.9915506523071534,0.7652482644620819,0.0112200687135407
Random lead training,subcode,CLBBB,2-lead,quality,any_flag,679,618,16,12,0.0,1.0,0.0,1.0,0.0,,0,0,0,0,,,,,0.0,0.0,1.0,1.0,0.9809577677224736,0.5169513320682084,0.0165274330718548,0.9875565610859728,0.5368022898384254,0.0143221502472173
Random lead training,subcode,CLBBB,2-lead,quality,no_flags,1519,1382,38,32,0.0,1.0,0.0,1.0,0.0,,0,0,0,0,,,,,0.0,0.0,1.0,1.0,0.9929101958136396,0.7793309155563319,0.0120694637366348,0.9911333025338498,0.7584759316866619,0.0120401008838349
Random lead training,subcode,CRBBB,2-lead,overall,all,2198,1904,54,45,0.0,1.0,0.0,1.0,0.0,,0,0,0,0,,,,,0.0,0.0,1.0,1.0,0.9278261470425648,0.1715889708815244,0.0218752487544134,0.9769295881702598,0.5345087668115032,0.0165169812794429
Random lead training,subcode,CRBBB,2-lead,sex,0,1132,969,36,30,0.0,1.0,0.0,1.0,0.0,,0,0,0,0,,,,,0.0,0.0,1.0,1.0,0.9444697891321978,0.2856132721867597,0.0265818238901849,0.9839061232765612,0.7179512759058182,0.0186901030460331
Random lead training,subcode,CRBBB,2-lead,sex,1,1066,935,18,15,0.0,1.0,0.0,1.0,0.0,,0,0,0,0,,,,,0.0,0.0,1.0,1.0,0.8967345207803223,0.0779517997467467,0.0168772721562021,0.9643765903307888,0.2395668274591839,0.0142093135122947
Random lead training,subcode,CRBBB,2-lead,age_band,40-64,866,755,8,6,0.0,1.0,0.0,1.0,0.0,,0,0,0,0,,,,,0.0,0.0,1.0,1.0,0.9686771561771562,0.1657110181987911,0.0083472004250692,0.9951923076923076,0.7662037037037037,0.0048705560950938
Random lead training,subcode,CRBBB,2-lead,age_band,<40,284,266,0,0,0.0,1.0,0.0,1.0,0.0,,0,0,0,0,,,,,,0.0,,1.0,,,0.0001323508905252,,,8.722367923624942e-06
Random lead training,subcode,CRBBB,2-lead,age_band,65-79,708,615,30,25,0.0,1.0,0.0,1.0,0.0,,0,0,0,0,,,,,0.0,0.0,1.0,1.0,0.9077187807276303,0.2296000518600935,0.0366227072103856,0.976204523107178,0.5996954969284082,0.027617682658194
Random lead training,subcode,CRBBB,2-lead,age_band,80+,340,274,16,14,0.0,1.0,0.0,1.0,0.0,,0,0,0,0,,,,,0.0,0.0,1.0,1.0,0.8086419753086421,0.1277437651864403,0.0437842848124373,0.9068287037037036,0.3758943541155415,0.0368547847040372
Random lead training,subcode,CRBBB,2-lead,quality_flag,baseline_drift:present,236,231,6,6,0.0,1.0,0.0,1.0,0.0,,0,0,0,0,,,,,0.0,0.0,1.0,1.0,0.9115942028985506,0.1647385681500384,0.0238596030877478,0.9710144927536232,0.5157647907647908,0.0194385188173548
Random lead training,subcode,CRBBB,2-lead,quality_flag,baseline_drift:absent,1962,1727,48,40,0.0,1.0,0.0,1.0,0.0,,0,0,0,0,,,,,0.0,0.0,1.0,1.0,0.9306426332288402,0.1778387342139659,0.0216365598539716,0.9780564263322884,0.5478515478689413,0.0161655629007746
Random lead training,subcode,CRBBB,2-lead,quality_flag,static_noise:present,316,292,13,12,0.0,1.0,0.0,1.0,0.0,,0,0,0,0,,,,,0.0,0.0,1.0,1.0,0.9263772531099264,0.3511248231073643,0.0346729249456868,0.978167047473978,0.760912829395276,0.0234115686939227
Random lead training,subcode,CRBBB,2-lead,quality_flag,static_noise:absent,1882,1668,41,35,0.0,1.0,0.0,1.0,0.0,,0,0,0,0,,,,,0.0,0.0,1.0,1.0,0.9273856997125104,0.1526851613644331,0.0197264359614047,0.9765768868986896,0.4649382914919777,0.015359335358627
Random lead training,subcode,CRBBB,2-lead,quality_flag,burst_noise:present,40,40,0,0,0.0,1.0,0.0,1.0,0.0,,0,0,0,0,,,,,,0.0,,1.0,,,0.0026198770963579,,,0.0005471608535634
Random lead training,subcode,CRBBB,2-lead,quality_flag,burst_noise:absent,2158,1872,54,45,0.0,1.0,0.0,1.0,0.0,,0,0,0,0,,,,,0.0,0.0,1.0,1.0,0.928284748626954,0.1756350001066789,0.0222321601845906,0.9767814392339108,0.535317623145096,0.0168129927794592
Random lead training,subcode,CRBBB,2-lead,quality_flag,electrodes_problems:absent,2195,1901,54,45,0.0,1.0,0.0,1.0,0.0,,0,0,0,0,,,,,0.0,0.0,1.0,1.0,0.9279499022609718,0.1718771212951735,0.0219023710615104,0.9770010552355252,0.5347312331011346,0.0165350178202452
Random lead training,subcode,CRBBB,2-lead,quality_flag,extra_beats:present,198,184,10,10,0.0,1.0,0.0,1.0,0.0,,0,0,0,0,,,,,0.0,0.0,1.0,1.0,0.9053191489361702,0.2804182706421046,0.0418204274179439,0.9329787234042554,0.6529151699364465,0.0320378965883971
Random lead training,subcode,CRBBB,2-lead,quality_flag,extra_beats:absent,2000,1757,44,39,0.0,1.0,0.0,1.0,0.0,,0,0,0,0,,,,,0.0,0.0,1.0,1.0,0.9295872838817624,0.158039660691203,0.0199006760667239,0.9806306934374418,0.5071851844745722,0.0149804106638565
Random lead training,subcode,CRBBB,2-lead,quality_flag,pacemaker:present,29,26,0,0,0.0,1.0,0.0,1.0,0.0,,0,0,0,0,,,,,,0.0,,1.0,,,0.0111031459734169,,,0.007078121498857
Random lead training,subcode,CRBBB,2-lead,quality_flag,pacemaker:absent,2169,1883,54,45,0.0,1.0,0.0,1.0,0.0,,0,0,0,0,,,,,0.0,0.0,1.0,1.0,0.9312406969617372,0.1828757430942218,0.0220192741027993,0.978022940197881,0.5420550642877197,0.0166431808800132
Random lead training,subcode,CRBBB,2-lead,quality,any_flag,679,618,26,24,0.0,1.0,0.0,1.0,0.0,,0,0,0,0,,,,,0.0,0.0,1.0,1.0,0.910825774531747,0.2328553096910668,0.0332263160987173,0.9674873365531864,0.6711795230959766,0.0238825413417484
Random lead training,subcode,CRBBB,2-lead,quality,no_flags,1519,1382,28,25,0.0,1.0,0.0,1.0,0.0,,0,0,0,0,,,,,0.0,0.0,1.0,1.0,0.9355657756060172,0.1523001506560612,0.0168012693424435,0.9807894988981508,0.4289452294955823,0.0132245419889193
Random lead training,subcode,ILMI,2-lead,overall,all,2198,1904,48,43,0.0,1.0,0.0,1.0,0.0,,0,0,0,0,,,,,0.0,0.0,1.0,1.0,0.8498255813953487,0.2105936542252868,0.0190960504786898,0.8994476744186046,0.294882138810822,0.0181433647844466
Random lead training,subcode,ILMI,2-lead,sex,0,1132,969,25,23,0.0,1.0,0.0,1.0,0.0,,0,0,0,0,,,,,0.0,0.0,1.0,1.0,0.8446973803071364,0.2174166688123949,0.0192211413638987,0.9019692863595304,0.3008644198096689,0.0185972862557902
Random lead training,subcode,ILMI,2-lead,sex,1,1066,935,23,20,0.0,1.0,0.0,1.0,0.0,,0,0,0,0,,,,,0.0,0.0,1.0,1.0,0.8568510567343366,0.2199875164929201,0.0189632147544343,0.8959523114760932,0.3473001900482459,0.0176613393570911
Random lead training,subcode,ILMI,2-lead,age_band,40-64,866,755,12,11,0.0,1.0,0.0,1.0,0.0,,0,0,0,0,,,,,0.0,0.0,1.0,1.0,0.8595823575331772,0.1700143843076445,0.0125716667571399,0.8719750195160032,0.1246758363686718,0.0130686930439935
Random lead training,subcode,ILMI,2-lead,age_band,<40,284,266,0,0,0.0,1.0,0.0,1.0,0.0,,0,0,0,0,,,,,,0.0,,1.0,,,6.152711228359931e-05,,,6.507379056007092e-05
Random lead training,subcode,ILMI,2-lead,age_band,65-79,708,615,20,19,0.0,1.0,0.0,1.0,0.0,,0,0,0,0,,,,,0.0,0.0,1.0,1.0,0.8150436046511628,0.2085761758449554,0.0248952339834216,0.8802325581395349,0.3086741288302752,0.0235224135719218
Random lead training,subcode,ILMI,2-lead,age_band,80+,340,274,16,13,0.0,1.0,0.0,1.0,0.0,,0,0,0,0,,,,,0.0,0.0,1.0,1.0,0.8076774691358024,0.2907702125511617,0.0395375181774295,0.8794367283950617,0.483857505940103,0.0349684642784573
Random lead training,subcode,ILMI,2-lead,quality_flag,baseline_drift:present,236,231,3,3,0.0,1.0,0.0,1.0,0.0,,0,0,0,0,,,,,0.0,0.0,1.0,1.0,0.9127324749642348,0.1006429672139858,0.0128363294655486,0.988555078683834,0.5873015873015872,0.0098873335776492
Random lead training,subcode,ILMI,2-lead,quality_flag,baseline_drift:absent,1962,1727,45,41,0.0,1.0,0.0,1.0,0.0,,0,0,0,0,,,,,0.0,0.0,1.0,1.0,0.8453950037674607,0.2226530878041001,0.0198490036688536,0.8926099808728917,0.2891456081878368,0.0191364449907688
Random lead training,subcode,ILMI,2-lead,quality_flag,static_noise:present,316,292,6,6,0.0,1.0,0.0,1.0,0.0,,0,0,0,0,,,,,0.0,0.0,1.0,1.0,0.7876344086021506,0.1615471180428516,0.0173789787196913,0.8698924731182796,0.2818122542127677,0.0164464489026198
Random lead training,subcode,ILMI,2-lead,quality_flag,static_noise:absent,1882,1668,42,37,0.0,1.0,0.0,1.0,0.0,,0,0,0,0,,,,,0.0,0.0,1.0,1.0,0.8589544513457557,0.220150275715928,0.0193843579578841,0.9038172877846792,0.3030410693898917,0.0184282879612039
Random lead training,subcode,ILMI,2-lead,quality_flag,burst_noise:present,40,40,1,1,0.0,1.0,0.0,1.0,0.0,,0,0,0,0,,,,,0.0,0.0,1.0,1.0,0.9487179487179488,0.3333333333333333,0.0241573385643843,0.8717948717948718,0.1666666666666666,0.0238392900728522
Random lead training,subcode,ILMI,2-lead,quality_flag,burst_noise:absent,2158,1872,47,42,0.0,1.0,0.0,1.0,0.0,,0,0,0,0,,,,,0.0,0.0,1.0,1.0,0.848100627916587,0.2131668203695514,0.0190022360563415,0.8989386899422478,0.299944820382528,0.0180377869292398
Random lead training,subcode,ILMI,2-lead,quality_flag,electrodes_problems:absent,2195,1901,48,43,0.0,1.0,0.0,1.0,0.0,,0,0,0,0,,,,,0.0,0.0,1.0,1.0,0.8496739636702375,0.2105967052154444,0.0191221067397273,0.8994333178077939,0.2948946566658112,0.0181680051653932
Random lead training,subcode,ILMI,2-lead,quality_flag,extra_beats:present,198,184,6,6,0.0,1.0,0.0,1.0,0.0,,0,0,0,0,,,,,0.0,0.0,1.0,1.0,0.8758680555555556,0.3378317588843904,0.0242313058715872,0.8446180555555556,0.2462750106428267,0.0260573484486302
Random lead training,subcode,ILMI,2-lead,quality_flag,extra_beats:absent,2000,1757,42,38,0.0,1.0,0.0,1.0,0.0,,0,0,0,0,,,,,0.0,0.0,1.0,1.0,0.847341796779999,0.1960420049351285,0.018587660194793,0.9036188530570554,0.3089992681898503,0.0173598804016924
Random lead training,subcode,ILMI,2-lead,quality_flag,pacemaker:present,29,26,0,0,0.0,1.0,0.0,1.0,0.0,,0,0,0,0,,,,,,0.0,,1.0,,,0.0010389677331228,,,0.0053132458656157
Random lead training,subcode,ILMI,2-lead,quality_flag,pacemaker:absent,2169,1883,48,43,0.0,1.0,0.0,1.0,0.0,,0,0,0,0,,,,,0.0,0.0,1.0,1.0,0.8501493006443501,0.2114409106110856,0.0193374775877822,0.9012651265126512,0.3002436123045036,0.0183149062545462
Random lead training,subcode,ILMI,2-lead,quality,any_flag,679,618,15,14,0.0,1.0,0.0,1.0,0.0,,0,0,0,0,,,,,0.0,0.0,1.0,1.0,0.8467871485943775,0.2111891949366372,0.0195344933789774,0.8927710843373494,0.2373820387280861,0.0190672964495803
Random lead training,subcode,ILMI,2-lead,quality,no_flags,1519,1382,33,30,0.0,1.0,0.0,1.0,0.0,,0,0,0,0,,,,,0.0,0.0,1.0,1.0,0.85158448550104,0.2191002710033253,0.0189000644817871,0.9038704678004812,0.3282487432308656,0.0177303630723822
Random lead training,subcode,IMI,2-lead,overall,all,2198,1904,267,240,0.0,1.0,0.0,1.0,0.0,,0,0,0,0,,,,,0.0,0.0,1.0,1.0,0.7659922766143563,0.3497033920192091,0.0933545337655528,0.8212895454995082,0.3535659649381316,0.0899011202826871
Random lead training,subcode,IMI,2-lead,sex,0,1132,969,160,140,0.0,1.0,0.0,1.0,0.0,,0,0,0,0,,,,,0.0,0.0,1.0,1.0,0.7911779835390946,0.4271738710336711,0.1020185055113338,0.8258551954732509,0.3956435115007828,0.1007810496513096
Random lead training,subcode,IMI,2-lead,sex,1,1066,935,107,100,0.0,1.0,0.0,1.0,0.0,,0,0,0,0,,,,,0.0,0.0,1.0,1.0,0.7315544814009921,0.2544057125866697,0.0841541435064308,0.8189020884293413,0.3077867056582239,0.078347574273981
Random lead training,subcode,IMI,2-lead,age_band,40-64,866,755,92,78,0.0,1.0,0.0,1.0,0.0,,0,0,0,0,,,,,0.0,0.0,1.0,1.0,0.7298618132794067,0.3180462207294243,0.0851139457818818,0.8136866644197281,0.344249050232521,0.0810723859552054
Random lead training,subcode,IMI,2-lead,age_band,<40,284,266,3,3,0.0,1.0,0.0,1.0,0.0,,0,0,0,0,,,,,0.0,0.0,1.0,1.0,0.9750889679715302,0.2222222222222222,0.0111900341386196,0.896797153024911,0.0641666666666666,0.0121037909126851
Random lead training,subcode,IMI,2-lead,age_band,65-79,708,615,116,107,0.0,1.0,0.0,1.0,0.0,,0,0,0,0,,,,,0.0,0.0,1.0,1.0,0.7470584808946877,0.3970411161590633,0.1212438914918176,0.7978943383038211,0.4023393303287671,0.1159110720749855
Random lead training,subcode,IMI,2-lead,age_band,80+,340,274,56,52,0.0,1.0,0.0,1.0,0.0,,0,0,0,0,,,,,0.0,0.0,1.0,1.0,0.7107017102615695,0.360695904739465,0.1248998332294134,0.7708752515090543,0.3409451332953802,0.1232101779289591
Random lead training,subcode,IMI,2-lead,quality_flag,baseline_drift:present,236,231,24,24,0.0,1.0,0.0,1.0,0.0,,0,0,0,0,,,,,0.0,0.0,1.0,1.0,0.7173742138364779,0.2573991052148285,0.0854283182794451,0.7670990566037736,0.2277397538840274,0.0909330988896342
Random lead training,subcode,IMI,2-lead,quality_flag,baseline_drift:absent,1962,1727,243,220,0.0,1.0,0.0,1.0,0.0,,0,0,0,0,,,,,0.0,0.0,1.0,1.0,0.7704929413933357,0.3597543854548549,0.0943079419483874,0.827009674013746,0.3739595629297039,0.0897769882993846
Random lead training,subcode,IMI,2-lead,quality_flag,static_noise:present,316,292,46,43,0.0,1.0,0.0,1.0,0.0,,0,0,0,0,,,,,0.0,0.0,1.0,1.0,0.7099838969404186,0.3420362949029247,0.1140567027996212,0.7717391304347826,0.3836458798471294,0.1093013736228767
Random lead training,subcode,IMI,2-lead,quality_flag,static_noise:absent,1882,1668,221,206,0.0,1.0,0.0,1.0,0.0,,0,0,0,0,,,,,0.0,0.0,1.0,1.0,0.7772589700910698,0.3525031122433766,0.089878505383637,0.8305932478117909,0.3526277720516013,0.086643691985397
Random lead training,subcode,IMI,2-lead,quality_flag,burst_noise:present,40,40,5,5,0.0,1.0,0.0,1.0,0.0,,0,0,0,0,,,,,0.0,0.0,1.0,1.0,0.7314285714285714,0.4280952380952381,0.0937521024461749,0.6342857142857143,0.200076726342711,0.1287510328995376
Random lead training,subcode,IMI,2-lead,quality_flag,burst_noise:absent,2158,1872,262,235,0.0,1.0,0.0,1.0,0.0,,0,0,0,0,,,,,0.0,0.0,1.0,1.0,0.7667890617450961,0.3486001166918445,0.0933471645592392,0.8244093632234999,0.3612521789410141,0.0891810106883062
Random lead training,subcode,IMI,2-lead,quality_flag,electrodes_problems:absent,2195,1901,267,240,0.0,1.0,0.0,1.0,0.0,,0,0,0,0,,,,,0.0,0.0,1.0,1.0,0.7656922622655291,0.3497154184857486,0.0934806382050176,0.8210988857289385,0.3535893359313758,0.090020941676955
Random lead training,subcode,IMI,2-lead,quality_flag,extra_beats:present,198,184,36,35,0.0,1.0,0.0,1.0,0.0,,0,0,0,0,,,,,0.0,0.0,1.0,1.0,0.717249657064472,0.3678137840093304,0.1378330378469703,0.8353909465020577,0.4475260099198747,0.1212238505938047
Random lead training,subcode,IMI,2-lead,quality_flag,extra_beats:absent,2000,1757,231,208,0.0,1.0,0.0,1.0,0.0,,0,0,0,0,,,,,0.0,0.0,1.0,1.0,0.7683676790516812,0.3504987938930963,0.0889511618614925,0.8180276478750194,0.3429766302864018,0.0868001699818864
Random lead training,subcode,IMI,2-lead,quality_flag,pacemaker:present,29,26,0,0,0.0,1.0,0.0,1.0,0.0,,0,0,0,0,,,,,,0.0,,1.0,,,0.0136757282365703,,,0.0153709582622529
Random lead training,subcode,IMI,2-lead,quality_flag,pacemaker:absent,2169,1883,267,240,0.0,1.0,0.0,1.0,0.0,,0,0,0,0,,,,,0.0,0.0,1.0,1.0,0.7643304701930158,0.3518411707499438,0.0944198566610533,0.8205378135374946,0.355890536663016,0.0908976046988201
Random lead training,subcode,IMI,2-lead,quality,any_flag,679,618,95,87,0.0,1.0,0.0,1.0,0.0,,0,0,0,0,,,,,0.0,0.0,1.0,1.0,0.7349315068493151,0.3382223354213316,0.1092066971647894,0.7957642393655371,0.3399997768836537,0.1062418114904013
Random lead training,subcode,IMI,2-lead,quality,no_flags,1519,1382,172,158,0.0,1.0,0.0,1.0,0.0,,0,0,0,0,,,,,0.0,0.0,1.0,1.0,0.7807876245230573,0.361359038764441,0.0862685436746498,0.8330139327704977,0.3701737147109691,0.0825967560101144
Random lead training,subcode,IRBBB,2-lead,overall,all,2198,1904,112,106,0.0,1.0,0.0,1.0,0.0,,0,0,0,0,,,,,0.0,0.0,1.0,1.0,0.7003235858101632,0.1163594717143018,0.0471614746740619,0.8074792836597726,0.2396596893525557,0.044396577200864
Random lead training,subcode,IRBBB,2-lead,sex,0,1132,969,68,62,0.0,1.0,0.0,1.0,0.0,,0,0,0,0,,,,,0.0,0.0,1.0,1.0,0.7056059265811587,0.1399505355520478,0.0546191712131461,0.8060730871295887,0.2808568880469171,0.0505578125165009
Random lead training,subcode,IRBBB,2-lead,sex,1,1066,935,44,44,0.0,1.0,0.0,1.0,0.0,,0,0,0,0,,,,,0.0,0.0,1.0,1.0,0.6916918697740615,0.1008699869410195,0.0392420445781489,0.8073963707525351,0.1831705778399364,0.0378538770345403
Random lead training,subcode,IRBBB,2-lead,age_band,40-64,866,755,46,43,0.0,1.0,0.0,1.0,0.0,,0,0,0,0,,,,,0.0,0.0,1.0,1.0,0.7228525980911983,0.1336662613927023,0.0485455072260285,0.8396076352067869,0.3102555845602231,0.0445823086443191
Random lead training,subcode,IRBBB,2-lead,age_band,<40,284,266,19,19,0.0,1.0,0.0,1.0,0.0,,0,0,0,0,,,,,0.0,0.0,1.0,1.0,0.7565044687189673,0.2251941557397269,0.0598023808512595,0.8663356504468719,0.3478536741695628,0.0547264355495469
Random lead training,subcode,IRBBB,2-lead,age_band,65-79,708,615,33,31,0.0,1.0,0.0,1.0,0.0,,0,0,0,0,,,,,0.0,0.0,1.0,1.0,0.6509988776655443,0.1124897530766786,0.0442643208460199,0.778226711560045,0.1916359995209685,0.0437405258764077
Random lead training,subcode,IRBBB,2-lead,age_band,80+,340,274,14,13,0.0,1.0,0.0,1.0,0.0,,0,0,0,0,,,,,0.0,0.0,1.0,1.0,0.7434268185801929,0.1153905341284728,0.039110284573846,0.7925065731814198,0.4055090574554241,0.0366611687792666
Random lead training,subcode,IRBBB,2-lead,quality_flag,baseline_drift:present,236,231,14,14,0.0,1.0,0.0,1.0,0.0,,0,0,0,0,,,,,0.0,0.0,1.0,1.0,0.536036036036036,0.0824051451243126,0.0564025719489584,0.8194980694980696,0.2460674041023565,0.0512561934455301
Random lead training,subcode,IRBBB,2-lead,quality_flag,baseline_drift:absent,1962,1727,98,92,0.0,1.0,0.0,1.0,0.0,,0,0,0,0,,,,,0.0,0.0,1.0,1.0,0.7221467986336165,0.1229677795248934,0.0460499053790183,0.8067903126916002,0.2441436664966862,0.0435714653589979
Random lead training,subcode,IRBBB,2-lead,quality_flag,static_noise:present,316,292,19,18,0.0,1.0,0.0,1.0,0.0,,0,0,0,0,,,,,0.0,0.0,1.0,1.0,0.6104908736487683,0.1244263827848157,0.0559267721108194,0.782562466772993,0.3479065742377322,0.0496548640775415
Random lead training,subcode,IRBBB,2-lead,quality_flag,static_noise:absent,1882,1668,93,89,0.0,1.0,0.0,1.0,0.0,,0,0,0,0,,,,,0.0,0.0,1.0,1.0,0.716841871172097,0.1196022101644638,0.0456897244136924,0.8116085757045746,0.2248151547832661,0.0435136767476067
Random lead training,subcode,IRBBB,2-lead,quality_flag,burst_noise:present,40,40,1,1,0.0,1.0,0.0,1.0,0.0,,0,0,0,0,,,,,0.0,0.0,1.0,1.0,0.7948717948717949,0.1111111111111111,0.0273023752031724,0.9230769230769232,0.25,0.026738516017912
Random lead training,subcode,IRBBB,2-lead,quality_flag,burst_noise:absent,2158,1872,111,105,0.0,1.0,0.0,1.0,0.0,,0,0,0,0,,,,,0.0,0.0,1.0,1.0,0.7001808843528433,0.1182776594440865,0.047529576610501,0.8069246579261234,0.2412330517817874,0.044723881393319
Random lead training,subcode,IRBBB,2-lead,quality_flag,electrodes_problems:absent,2195,1901,112,106,0.0,1.0,0.0,1.0,0.0,,0,0,0,0,,,,,0.0,0.0,1.0,1.0,0.6999134147177833,0.1163605362173177,0.047225600696076,0.8075406350730403,0.2397344492084357,0.0444540487130945
Random lead training,subcode,IRBBB,2-lead,quality_flag,extra_beats:present,198,184,15,15,0.0,1.0,0.0,1.0,0.0,,0,0,0,0,,,,,0.0,0.0,1.0,1.0,0.6765027322404371,0.1733970550499727,0.0680927307573927,0.8306010928961748,0.4540612681812629,0.05440916481939
Random lead training,subcode,IRBBB,2-lead,quality_flag,extra_beats:absent,2000,1757,97,91,0.0,1.0,0.0,1.0,0.0,,0,0,0,0,,,,,0.0,0.0,1.0,1.0,0.7040321575808137,0.1131032129751918,0.0450892803218122,0.805163848725019,0.219458584987861,0.0434053310266299
Random lead training,subcode,IRBBB,2-lead,quality_flag,pacemaker:present,29,26,0,0,0.0,1.0,0.0,1.0,0.0,,0,0,0,0,,,,,,0.0,,1.0,,,0.0034160901469117,,,0.0107687594929547
Random lead training,subcode,IRBBB,2-lead,quality_flag,pacemaker:absent,2169,1883,112,106,0.0,1.0,0.0,1.0,0.0,,0,0,0,0,,,,,0.0,0.0,1.0,1.0,0.6992976942843252,0.1171668980079188,0.047746359944365,0.8080075005208694,0.2417330125215601,0.0448461884104211
Random lead training,subcode,IRBBB,2-lead,quality,any_flag,679,618,38,37,0.0,1.0,0.0,1.0,0.0,,0,0,0,0,,,,,0.0,0.0,1.0,1.0,0.6174152229247064,0.0937527173711128,0.052746390583406,0.7750636341243123,0.2696346390421683,0.0484712831613863
Random lead training,subcode,IRBBB,2-lead,quality,no_flags,1519,1382,74,70,0.0,1.0,0.0,1.0,0.0,,0,0,0,0,,,,,0.0,0.0,1.0,1.0,0.7408585055643879,0.1329703279241182,0.0446649915256455,0.8239783035630787,0.2389441740188396,0.0425751648590636
Random lead training,subcode,ISCAL,2-lead,overall,all,2198,1904,66,65,0.0,1.0,0.0,1.0,0.0,,0,0,0,0,,,,,0.0,0.0,1.0,1.0,0.8898459264312923,0.1833666681586781,0.0264252872232472,0.9066746261868212,0.2063521564829761,0.0259531971846117
Random lead training,subcode,ISCAL,2-lead,sex,0,1132,969,32,32,0.0,1.0,0.0,1.0,0.0,,0,0,0,0,,,,,0.0,0.0,1.0,1.0,0.917556818181818,0.1840498673058163,0.0245749519320081,0.9176704545454546,0.2486358157749925,0.0238053775584911
Random lead training,subcode,ISCAL,2-lead,sex,1,1066,935,34,33,0.0,1.0,0.0,1.0,0.0,,0,0,0,0,,,,,0.0,0.0,1.0,1.0,0.861890104879161,0.1907413273226189,0.0283901836113173,0.893781349749202,0.1802914062025765,0.0282339962622556
Random lead training,subcode,ISCAL,2-lead,age_band,40-64,866,755,21,21,0.0,1.0,0.0,1.0,0.0,,0,0,0,0,,,,,0.0,0.0,1.0,1.0,0.9321499013806708,0.2524378313279657,0.0206173113406684,0.92690898844745,0.2322106215781409,0.0207081922822934
Random lead training,subcode,ISCAL,2-lead,age_band,<40,284,266,0,0,0.0,1.0,0.0,1.0,0.0,,0,0,0,0,,,,,,0.0,,1.0,,,0.0001739113322949,,,0.0003379851650967
Random lead training,subcode,ISCAL,2-lead,age_band,65-79,708,615,20,20,0.0,1.0,0.0,1.0,0.0,,0,0,0,0,,,,,0.0,0.0,1.0,1.0,0.8654069767441861,0.1283078285165384,0.0262893716038136,0.8901889534883721,0.1652623203993956,0.0256615349221736
Random lead training,subcode,ISCAL,2-lead,age_band,80+,340,274,25,24,0.0,1.0,0.0,1.0,0.0,,0,0,0,0,,,,,0.0,0.0,1.0,1.0,0.7560634920634921,0.2371674833400153,0.0634291875935492,0.817015873015873,0.2622181997053991,0.0613161128927176
Random lead training,subcode,ISCAL,2-lead,quality_flag,baseline_drift:present,236,231,9,9,0.0,1.0,0.0,1.0,0.0,,0,0,0,0,,,,,0.0,0.0,1.0,1.0,0.9520313264806656,0.5235567664139092,0.0295027116947348,0.936368086147822,0.4312508266531255,0.0293096350530693
Random lead training,subcode,ISCAL,2-lead,quality_flag,baseline_drift:absent,1962,1727,57,56,0.0,1.0,0.0,1.0,0.0,,0,0,0,0,,,,,0.0,0.0,1.0,1.0,0.8804623106322236,0.1620352378953818,0.0260551179188277,0.9024450891007044,0.1793373662369714,0.0255494666357044
Random lead training,subcode,ISCAL,2-lead,quality_flag,static_noise:present,316,292,11,11,0.0,1.0,0.0,1.0,0.0,,0,0,0,0,,,,,0.0,0.0,1.0,1.0,0.8906110283159463,0.2148706499541055,0.0300349248176275,0.94575260804769,0.2885478833531372,0.0273863142714834
Random lead training,subcode,ISCAL,2-lead,quality_flag,static_noise:absent,1882,1668,55,54,0.0,1.0,0.0,1.0,0.0,,0,0,0,0,,,,,0.0,0.0,1.0,1.0,0.8901030004478281,0.1838884443092609,0.0258192056717997,0.8976066079514355,0.1943696553819274,0.0257125675355939
Random lead training,subcode,ISCAL,2-lead,quality_flag,burst_noise:present,40,40,0,0,0.0,1.0,0.0,1.0,0.0,,0,0,0,0,,,,,,0.0,,1.0,,,0.006057726473187,,,0.007639931315866
Random lead training,subcode,ISCAL,2-lead,quality_flag,burst_noise:absent,2158,1872,66,65,0.0,1.0,0.0,1.0,0.0,,0,0,0,0,,,,,0.0,0.0,1.0,1.0,0.8908540471637986,0.1884954125349178,0.0268028138358526,0.9077510284489252,0.211278662673897,0.0262926460422344
Random lead training,subcode,ISCAL,2-lead,quality_flag,electrodes_problems:absent,2195,1901,66,65,0.0,1.0,0.0,1.0,0.0,,0,0,0,0,,,,,0.0,0.0,1.0,1.0,0.8898330415474616,0.1834299691363385,0.0264584096620469,0.9067423886587812,0.2065119395734309,0.0259819915444332
Random lead training,subcode,ISCAL,2-lead,quality_flag,extra_beats:present,198,184,14,14,0.0,1.0,0.0,1.0,0.0,,0,0,0,0,,,,,0.0,0.0,1.0,1.0,0.8031832298136645,0.2494937244081431,0.0604160048627742,0.8101708074534162,0.2594029367358277,0.0596801828606396
Random lead training,subcode,ISCAL,2-lead,quality_flag,extra_beats:absent,2000,1757,52,51,0.0,1.0,0.0,1.0,0.0,,0,0,0,0,,,,,0.0,0.0,1.0,1.0,0.8980512557257937,0.1805241496493189,0.023060206176934,0.9136491075659454,0.194169033167647,0.0226142256026849
Random lead training,subcode,ISCAL,2-lead,quality_flag,pacemaker:present,29,26,0,0,0.0,1.0,0.0,1.0,0.0,,0,0,0,0,,,,,,0.0,,1.0,,,0.0008175206114514,,,0.00143589680302
Random lead training,subcode,ISCAL,2-lead,quality_flag,pacemaker:absent,2169,1883,66,65,0.0,1.0,0.0,1.0,0.0,,0,0,0,0,,,,,0.0,0.0,1.0,1.0,0.8890473926137263,0.1836117621899665,0.0267676686117867,0.9062882750471908,0.2067435179682825,0.0262809988033605
Random lead training,subcode,ISCAL,2-lead,quality,any_flag,679,618,25,25,0.0,1.0,0.0,1.0,0.0,,0,0,0,0,,,,,0.0,0.0,1.0,1.0,0.8770642201834863,0.2138105602847231,0.0319636597186758,0.9071559633027524,0.257762986262636,0.030828120442762
Random lead training,subcode,ISCAL,2-lead,quality,no_flags,1519,1382,41,40,0.0,1.0,0.0,1.0,0.0,,0,0,0,0,,,,,0.0,0.0,1.0,1.0,0.8957061289151458,0.1810185834154656,0.0239496091953367,0.9054589260371628,0.1814073447548454,0.0237740840231343
Random lead training,subcode,ISC_,2-lead,overall,all,2198,1904,128,121,0.0,1.0,0.0,1.0,0.0,,0,0,0,0,,,,,0.0,0.0,1.0,1.0,0.9279627113526572,0.5302009364213965,0.0378396887810622,0.9517814009661836,0.6181438628907956,0.033626206077189
Random lead training,subcode,ISC_,2-lead,sex,0,1132,969,61,57,0.0,1.0,0.0,1.0,0.0,,0,0,0,0,,,,,0.0,0.0,1.0,1.0,0.939752950360472,0.5160243729395119,0.036093379824287,0.95483001943947,0.5803875833876541,0.0329329510630999
Random lead training,subcode,ISC_,2-lead,sex,1,1066,935,67,64,0.0,1.0,0.0,1.0,0.0,,0,0,0,0,,,,,0.0,0.0,1.0,1.0,0.916244602811767,0.5508124887417112,0.0396941181798142,0.9488891876951576,0.661185707728133,0.0343623830715124
Random lead training,subcode,ISC_,2-lead,age_band,40-64,866,755,23,23,0.0,1.0,0.0,1.0,0.0,,0,0,0,0,,,,,0.0,0.0,1.0,1.0,0.9217597606890504,0.5164396472250158,0.0181323764987804,0.9563670122234256,0.5214345265035804,0.0178291041636619
Random lead training,subcode,ISC_,2-lead,age_band,<40,284,266,3,3,0.0,1.0,0.0,1.0,0.0,,0,0,0,0,,,,,0.0,0.0,1.0,1.0,0.9905100830367732,0.6555555555555554,0.0063718650559035,0.99644128113879,0.7555555555555555,0.0059913654227323
Random lead training,subcode,ISC_,2-lead,age_band,65-79,708,615,65,62,0.0,1.0,0.0,1.0,0.0,,0,0,0,0,,,,,0.0,0.0,1.0,1.0,0.9089604019619572,0.6006352023200443,0.055885417238631,0.9394664433544684,0.6655907654258189,0.0499931129763589
Random lead training,subcode,ISC_,2-lead,age_band,80+,340,274,37,33,0.0,1.0,0.0,1.0,0.0,,0,0,0,0,,,,,0.0,0.0,1.0,1.0,0.8802069396128802,0.4614013920413199,0.0767426847411869,0.9106234947819106,0.6251808728673871,0.0628638970135648
Random lead training,subcode,ISC_,2-lead,quality_flag,baseline_drift:present,236,231,13,13,0.0,1.0,0.0,1.0,0.0,,0,0,0,0,,,,,0.0,0.0,1.0,1.0,0.9227319765436356,0.47671294688762,0.0391495616633034,0.9589513625388064,0.690373490260368,0.0283925715407992
Random lead training,subcode,ISC_,2-lead,quality_flag,baseline_drift:absent,1962,1727,115,110,0.0,1.0,0.0,1.0,0.0,,0,0,0,0,,,,,0.0,0.0,1.0,1.0,0.9286692874461524,0.5387308658103074,0.0376821301672962,0.951140509875003,0.6128414939042623,0.0342557360214234
Random lead training,subcode,ISC_,2-lead,quality_flag,static_noise:present,316,292,12,12,0.0,1.0,0.0,1.0,0.0,,0,0,0,0,,,,,0.0,0.0,1.0,1.0,0.9731359649122808,0.781189874939875,0.0197432523635957,0.9805372807017544,0.6526555580434892,0.0222888901967657
Random lead training,subcode,ISC_,2-lead,quality_flag,static_noise:absent,1882,1668,116,110,0.0,1.0,0.0,1.0,0.0,,0,0,0,0,,,,,0.0,0.0,1.0,1.0,0.9228628890537744,0.5163128724693264,0.0408781977650789,0.9483588471902216,0.6195031101505863,0.0355298149072706
Random lead training,subcode,ISC_,2-lead,quality_flag,burst_noise:present,40,40,2,2,0.0,1.0,0.0,1.0,0.0,,0,0,0,0,,,,,0.0,0.0,1.0,1.0,0.8947368421052632,0.2666666666666666,0.050449209114799,0.8421052631578948,0.2159090909090909,0.0562658289523894
Random lead training,subcode,ISC_,2-lead,quality_flag,burst_noise:absent,2158,1872,126,119,0.0,1.0,0.0,1.0,0.0,,0,0,0,0,,,,,0.0,0.0,1.0,1.0,0.9281652293463316,0.5371667325530255,0.0376059627322441,0.95312695288089,0.628383527917466,0.0332065652453966
Random lead training,subcode,ISC_,2-lead,quality_flag,electrodes_problems:absent,2195,1901,127,120,0.0,1.0,0.0,1.0,0.0,,0,0,0,0,,,,,0.0,0.0,1.0,1.0,0.9275232641374374,0.5286865520139096,0.0376743930823632,0.9521124293699263,0.6198491162713656,0.0332903109673764
Random lead training,subcode,ISC_,2-lead,quality_flag,extra_beats:present,198,184,18,17,0.0,1.0,0.0,1.0,0.0,,0,0,0,0,,,,,0.0,0.0,1.0,1.0,0.8614197530864197,0.3141430299813487,0.0753052434930902,0.954320987654321,0.7176993368363338,0.0456452384358525
Random lead training,subcode,ISC_,2-lead,quality_flag,extra_beats:absent,2000,1757,110,105,0.0,1.0,0.0,1.0,0.0,,0,0,0,0,,,,,0.0,0.0,1.0,1.0,0.933030303030303,0.5675099510591085,0.0341305988645714,0.9521837421837422,0.6083051707019602,0.0324363218736813
Random lead training,subcode,ISC_,2-lead,quality_flag,pacemaker:present,29,26,0,0,0.0,1.0,0.0,1.0,0.0,,0,0,0,0,,,,,,0.0,,1.0,,,0.002018871547091,,,0.0023344678982913
Random lead training,subcode,ISC_,2-lead,quality_flag,pacemaker:absent,2169,1883,128,121,0.0,1.0,0.0,1.0,0.0,,0,0,0,0,,,,,0.0,0.0,1.0,1.0,0.9276932263596276,0.5308579878131179,0.0383186208694832,0.9518082435080842,0.6190017627095847,0.0340445833972388
Random lead training,subcode,ISC_,2-lead,quality,any_flag,679,618,38,37,0.0,1.0,0.0,1.0,0.0,,0,0,0,0,,,,,0.0,0.0,1.0,1.0,0.9274981525576812,0.436772067461503,0.0403311600893949,0.9593152147138516,0.6218454688053094,0.0321827668546407
Random lead training,subcode,ISC_,2-lead,quality,no_flags,1519,1382,90,87,0.0,1.0,0.0,1.0,0.0,,0,0,0,0,,,,,0.0,0.0,1.0,1.0,0.9288546769302544,0.5695542109521262,0.0367259896248029,0.9499883368322836,0.623237325824502,0.0342714300614617
Random lead training,subcode,IVCD,2-lead,overall,all,2198,1904,79,77,0.0,1.0,0.0,1.0,0.0,,0,0,0,0,,,,,0.0,0.0,1.0,1.0,0.6525588258134658,0.0845282319401588,0.0341403442417354,0.6624034503975484,0.0907787681880722,0.0341785305912824
Random lead training,subcode,IVCD,2-lead,sex,0,1132,969,45,44,0.0,1.0,0.0,1.0,0.0,,0,0,0,0,,,,,0.0,0.0,1.0,1.0,0.66950833077788,0.0875984147780186,0.0375807801988944,0.6886640089951958,0.1206101428843785,0.0374902587501536
Random lead training,subcode,IVCD,2-lead,sex,1,1066,935,34,33,0.0,1.0,0.0,1.0,0.0,,0,0,0,0,,,,,0.0,0.0,1.0,1.0,0.632609439124487,0.1237195416707793,0.0304868981784107,0.6259974920200638,0.0646334848683584,0.0306617611017493
Random lead training,subcode,IVCD,2-lead,age_band,40-64,866,755,31,31,0.0,1.0,0.0,1.0,0.0,,0,0,0,0,,,,,0.0,0.0,1.0,1.0,0.6541626424570214,0.1022779402751478,0.0340302926231474,0.6588757967935097,0.1201518418708555,0.0340863389368515
Random lead training,subcode,IVCD,2-lead,age_band,<40,284,266,4,3,0.0,1.0,0.0,1.0,0.0,,0,0,0,0,,,,,0.0,0.0,1.0,1.0,0.4892857142857143,0.0227295945889414,0.0141339855229289,0.4455357142857143,0.0295600909314131,0.0141189681052881
Random lead training,subcode,IVCD,2-lead,age_band,65-79,708,615,29,29,0.0,1.0,0.0,1.0,0.0,,0,0,0,0,,,,,0.0,0.0,1.0,1.0,0.6216545629983241,0.0831416019242571,0.0389008679332919,0.6616728454623939,0.1136386137896223,0.0387301636787054
Random lead training,subcode,IVCD,2-lead,age_band,80+,340,274,15,14,0.0,1.0,0.0,1.0,0.0,,0,0,0,0,,,,,0.0,0.0,1.0,1.0,0.6806153846153846,0.1297649193858798,0.0412187554306067,0.660923076923077,0.0874570462141921,0.0416908761585293
Random lead training,subcode,IVCD,2-lead,quality_flag,baseline_drift:present,236,231,8,8,0.0,1.0,0.0,1.0,0.0,,0,0,0,0,,,,,0.0,0.0,1.0,1.0,0.7077850877192983,0.1274217150376358,0.0320127258723231,0.700109649122807,0.0799377204625538,0.0322786305964791
Random lead training,subcode,IVCD,2-lead,quality_flag,baseline_drift:absent,1962,1727,71,69,0.0,1.0,0.0,1.0,0.0,,0,0,0,0,,,,,0.0,0.0,1.0,1.0,0.6467328561533134,0.0831942610159063,0.0343962657173629,0.6582849822360923,0.0954630056083839,0.0344070608658866
Random lead training,subcode,IVCD,2-lead,quality_flag,static_noise:present,316,292,11,11,0.0,1.0,0.0,1.0,0.0,,0,0,0,0,,,,,0.0,0.0,1.0,1.0,0.7156482861400895,0.084294795416101,0.033035789071023,0.6461997019374068,0.0990587671507672,0.0332958027126739
Random lead training,subcode,IVCD,2-lead,quality_flag,static_noise:absent,1882,1668,68,66,0.0,1.0,0.0,1.0,0.0,,0,0,0,0,,,,,0.0,0.0,1.0,1.0,0.6419028471366495,0.0885749766395107,0.0343258062151387,0.6651452753096828,0.0924447612417311,0.0343267463243537
Random lead training,subcode,IVCD,2-lead,quality_flag,burst_noise:present,40,40,4,4,0.0,1.0,0.0,1.0,0.0,,0,0,0,0,,,,,0.0,0.0,1.0,1.0,0.5694444444444444,0.1378773731714908,0.094472989721493,0.5138888888888888,0.1203262463343108,0.0940708432727144
Random lead training,subcode,IVCD,2-lead,quality_flag,burst_noise:absent,2158,1872,75,73,0.0,1.0,0.0,1.0,0.0,,0,0,0,0,,,,,0.0,0.0,1.0,1.0,0.6557017122739638,0.0869822616858122,0.0330220375599975,0.6664682349175869,0.0926889319155868,0.0330683857779101
Random lead training,subcode,IVCD,2-lead,quality_flag,electrodes_problems:absent,2195,1901,79,77,0.0,1.0,0.0,1.0,0.0,,0,0,0,0,,,,,0.0,0.0,1.0,1.0,0.6521858773420114,0.0845343894158069,0.0341865298267924,0.6625768706180756,0.0908337179353691,0.0342226496254649
Random lead training,subcode,IVCD,2-lead,quality_flag,extra_beats:present,198,184,9,9,0.0,1.0,0.0,1.0,0.0,,0,0,0,0,,,,,0.0,0.0,1.0,1.0,0.6513815402704292,0.1031958686028859,0.0427464627570225,0.6660787771898884,0.0969175844940494,0.042851144926493
Random lead training,subcode,IVCD,2-lead,quality_flag,extra_beats:absent,2000,1757,70,68,0.0,1.0,0.0,1.0,0.0,,0,0,0,0,,,,,0.0,0.0,1.0,1.0,0.6504589193190229,0.0871600944274355,0.0332883385087219,0.659940784603997,0.0931095544069501,0.0333199417720965
Random lead training,subcode,IVCD,2-lead,quality_flag,pacemaker:present,29,26,0,0,0.0,1.0,0.0,1.0,0.0,,0,0,0,0,,,,,,0.0,,1.0,,,0.0025760380034587,,,0.0018997091332851
Random lead training,subcode,IVCD,2-lead,quality_flag,pacemaker:absent,2169,1883,79,77,0.0,1.0,0.0,1.0,0.0,,0,0,0,0,,,,,0.0,0.0,1.0,1.0,0.6524074859184786,0.0872435021589673,0.0345623658558018,0.6635212888377445,0.0921001668319378,0.0346101054286645
Random lead training,subcode,IVCD,2-lead,quality,any_flag,679,618,22,22,0.0,1.0,0.0,1.0,0.0,,0,0,0,0,,,,,0.0,0.0,1.0,1.0,0.6673585166735851,0.0633828865600073,0.0311257294032287,0.6448733914487339,0.0732776320624112,0.031110950407767
Random lead training,subcode,IVCD,2-lead,quality,no_flags,1519,1382,57,55,0.0,1.0,0.0,1.0,0.0,,0,0,0,0,,,,,0.0,0.0,1.0,1.0,0.6477068183454533,0.10362676643356,0.0354878909667821,0.6700506395948832,0.1052079193280564,0.0355497530696279
Random lead training,subcode,LAFB,2-lead,overall,all,2198,1904,162,150,0.0,1.0,0.0,1.0,0.0,,0,0,0,0,,,,,0.0,0.0,1.0,1.0,0.8567119018166824,0.4393414538781086,0.0542680316676526,0.8960440466661815,0.3678364567886188,0.0545089617309158
Random lead training,subcode,LAFB,2-lead,sex,0,1132,969,88,81,0.0,1.0,0.0,1.0,0.0,,0,0,0,0,,,,,0.0,0.0,1.0,1.0,0.8814655172413794,0.5248718267628157,0.0519849755517623,0.8946577847439916,0.3608613634006717,0.0576385733391943
Random lead training,subcode,LAFB,2-lead,sex,1,1066,935,74,69,0.0,1.0,0.0,1.0,0.0,,0,0,0,0,,,,,0.0,0.0,1.0,1.0,0.8281386224934612,0.3462226440681607,0.0566924402259902,0.8968913469921534,0.3874747224331732,0.0511855843007364
Random lead training,subcode,LAFB,2-lead,age_band,40-64,866,755,41,40,0.0,1.0,0.0,1.0,0.0,,0,0,0,0,,,,,0.0,0.0,1.0,1.0,0.9065779748706578,0.3872214986371721,0.0363255606878924,0.9046563192904656,0.3039014700824704,0.0384790779754065
Random lead training,subcode,LAFB,2-lead,age_band,<40,284,266,4,4,0.0,1.0,0.0,1.0,0.0,,0,0,0,0,,,,,0.0,0.0,1.0,1.0,0.9178571428571428,0.1388604740691855,0.0134189665661206,0.8401785714285713,0.061479828042328,0.0156806751031702
Random lead training,subcode,LAFB,2-lead,age_band,65-79,708,615,66,59,0.0,1.0,0.0,1.0,0.0,,0,0,0,0,,,,,0.0,0.0,1.0,1.0,0.8630227508732181,0.5240350518295939,0.062344083712174,0.9127017841971112,0.4287610522240637,0.0642170101779551
Random lead training,subcode,LAFB,2-lead,age_band,80+,340,274,51,47,0.0,1.0,0.0,1.0,0.0,,0,0,0,0,,,,,0.0,0.0,1.0,1.0,0.6980120768030394,0.4272591961920746,0.1172723537552593,0.7939480290386051,0.4407461636511066,0.1075554747722308
Random lead training,subcode,LAFB,2-lead,quality_flag,baseline_drift:present,236,231,11,11,0.0,1.0,0.0,1.0,0.0,,0,0,0,0,,,,,0.0,0.0,1.0,1.0,0.825050505050505,0.3069743981508687,0.0418919265786425,0.8650505050505051,0.1862237610048471,0.0498305096276067
Random lead training,subcode,LAFB,2-lead,quality_flag,baseline_drift:absent,1962,1727,151,142,0.0,1.0,0.0,1.0,0.0,,0,0,0,0,,,,,0.0,0.0,1.0,1.0,0.8589634353710401,0.451581362142067,0.0557566967038435,0.8990239924523059,0.3956216437141807,0.0550717113213241
Random lead training,subcode,LAFB,2-lead,quality_flag,static_noise:present,316,292,23,22,0.0,1.0,0.0,1.0,0.0,,0,0,0,0,,,,,0.0,0.0,1.0,1.0,0.8096156699807093,0.4525908186474698,0.0544778081350966,0.8556165603205224,0.294816868920113,0.0602733980565325
Random lead training,subcode,LAFB,2-lead,quality_flag,static_noise:absent,1882,1668,139,129,0.0,1.0,0.0,1.0,0.0,,0,0,0,0,,,,,0.0,0.0,1.0,1.0,0.864229786566616,0.4426470428605457,0.0542328088389001,0.902623856164638,0.3873647303946192,0.0535410755040854
Random lead training,subcode,LAFB,2-lead,quality_flag,burst_noise:present,40,40,3,3,0.0,1.0,0.0,1.0,0.0,,0,0,0,0,,,,,0.0,0.0,1.0,1.0,0.7837837837837838,0.1912087912087912,0.0796904555167648,0.9729729729729728,0.8333333333333333,0.0419241284432137
Random lead training,subcode,LAFB,2-lead,quality_flag,burst_noise:absent,2158,1872,159,148,0.0,1.0,0.0,1.0,0.0,,0,0,0,0,,,,,0.0,0.0,1.0,1.0,0.8571329690002233,0.4445230749804721,0.0537968097242029,0.8951740020953873,0.3653859841868977,0.0547422301885192
Random lead training,subcode,LAFB,2-lead,quality_flag,electrodes_problems:absent,2195,1901,162,150,0.0,1.0,0.0,1.0,0.0,,0,0,0,0,,,,,0.0,0.0,1.0,1.0,0.8565186764071827,0.4393432231217111,0.0543421832810591,0.8960515688667845,0.3679181301881795,0.054578074327896
Random lead training,subcode,LAFB,2-lead,quality_flag,extra_beats:present,198,184,17,17,0.0,1.0,0.0,1.0,0.0,,0,0,0,0,,,,,0.0,0.0,1.0,1.0,0.8878778030549237,0.5616326154858248,0.0620304990555539,0.8462788430289243,0.3697006711043345,0.0709056264398056
Random lead training,subcode,LAFB,2-lead,quality_flag,extra_beats:absent,2000,1757,145,136,0.0,1.0,0.0,1.0,0.0,,0,0,0,0,,,,,0.0,0.0,1.0,1.0,0.8537001580072496,0.4289917858591574,0.0534995473962504,0.9017752579235988,0.3804090971880901,0.0528856919247357
Random lead training,subcode,LAFB,2-lead,quality_flag,pacemaker:present,29,26,0,0,0.0,1.0,0.0,1.0,0.0,,0,0,0,0,,,,,,0.0,,1.0,,,0.0417226251671302,,,0.0283916980649243
Random lead training,subcode,LAFB,2-lead,quality_flag,pacemaker:absent,2169,1883,162,150,0.0,1.0,0.0,1.0,0.0,,0,0,0,0,,,,,0.0,0.0,1.0,1.0,0.8570681626652396,0.4440881854981549,0.0544357664710252,0.8971131902538647,0.371839036671059,0.0548581552054726
Random lead training,subcode,LAFB,2-lead,quality,any_flag,679,618,49,47,0.0,1.0,0.0,1.0,0.0,,0,0,0,0,,,,,0.0,0.0,1.0,1.0,0.8439585357952705,0.4588166680727914,0.0540380401187166,0.8693553611920958,0.3045796795257771,0.0591882080711254
Random lead training,subcode,LAFB,2-lead,quality,no_flags,1519,1382,113,108,0.0,1.0,0.0,1.0,0.0,,0,0,0,0,,,,,0.0,0.0,1.0,1.0,0.8632850363171741,0.4388798148282066,0.0543708389498959,0.908294414582258,0.4219820351265124,0.052417317053495
Random lead training,subcode,LAO/LAE,2-lead,overall,all,2198,1904,42,42,0.0,1.0,0.0,1.0,0.0,,0,0,0,0,,,,,0.0,0.0,1.0,1.0,0.7893586005830903,0.0899316843980288,0.0182517492597299,0.8001479812704302,0.0748408399306296,0.018312776756803
Random lead training,subcode,LAO/LAE,2-lead,sex,0,1132,969,20,20,0.0,1.0,0.0,1.0,0.0,,0,0,0,0,,,,,0.0,0.0,1.0,1.0,0.8551708633093524,0.1383845464064737,0.0167412053999385,0.8730215827338129,0.0976537354491793,0.0167966512658836
Random lead training,subcode,LAO/LAE,2-lead,sex,1,1066,935,22,22,0.0,1.0,0.0,1.0,0.0,,0,0,0,0,,,,,0.0,0.0,1.0,1.0,0.724486241727621,0.0758782883966529,0.0198558164729417,0.73075583420411,0.0776067407032018,0.019922771180556
Random lead training,subcode,LAO/LAE,2-lead,age_band,40-64,866,755,14,14,0.0,1.0,0.0,1.0,0.0,,0,0,0,0,,,,,0.0,0.0,1.0,1.0,0.8416331321260899,0.2250332059922352,0.0153514125575314,0.9000670690811535,0.2245189250154495,0.0152512204159525
Random lead training,subcode,LAO/LAE,2-lead,age_band,<40,284,266,0,0,0.0,1.0,0.0,1.0,0.0,,0,0,0,0,,,,,,0.0,,1.0,,,0.0001195697465474,,,0.0001384279641874
Random lead training,subcode,LAO/LAE,2-lead,age_band,65-79,708,615,17,17,0.0,1.0,0.0,1.0,0.0,,0,0,0,0,,,,,0.0,0.0,1.0,1.0,0.6969439005703584,0.0533371142166465,0.0231827651153498,0.6960926193921853,0.0516081950538695,0.0232299634294312
Random lead training,subcode,LAO/LAE,2-lead,age_band,80+,340,274,11,11,0.0,1.0,0.0,1.0,0.0,,0,0,0,0,,,,,0.0,0.0,1.0,1.0,0.732246476927328,0.1577687277836846,0.0305166649658144,0.6465874550980935,0.0709260779462151,0.0310523493569751
Random lead training,subcode,LAO/LAE,2-lead,quality_flag,baseline_drift:present,236,231,5,5,0.0,1.0,0.0,1.0,0.0,,0,0,0,0,,,,,0.0,0.0,1.0,1.0,0.7852813852813854,0.1554860479934035,0.0201787143763298,0.7437229437229437,0.0594183773216031,0.0205772826518968
Random lead training,subcode,LAO/LAE,2-lead,quality_flag,baseline_drift:absent,1962,1727,37,37,0.0,1.0,0.0,1.0,0.0,,0,0,0,0,,,,,0.0,0.0,1.0,1.0,0.7897929097929098,0.0885416872156678,0.0180199634455007,0.8095050895050896,0.0828475011826,0.0180403897072402
Random lead training,subcode,LAO/LAE,2-lead,quality_flag,static_noise:present,316,292,7,7,0.0,1.0,0.0,1.0,0.0,,0,0,0,0,,,,,0.0,0.0,1.0,1.0,0.7591308368007397,0.1055480666152941,0.0211477499734915,0.830328247803976,0.2100341444270015,0.0208987394749532
Random lead training,subcode,LAO/LAE,2-lead,quality_flag,static_noise:absent,1882,1668,35,35,0.0,1.0,0.0,1.0,0.0,,0,0,0,0,,,,,0.0,0.0,1.0,1.0,0.7946012839353391,0.093664342331342,0.0177654919666647,0.7942145564235439,0.0643322134821889,0.0178785768530115
Random lead training,subcode,LAO/LAE,2-lead,quality_flag,burst_noise:present,40,40,1,1,0.0,1.0,0.0,1.0,0.0,,0,0,0,0,,,,,0.0,0.0,1.0,1.0,0.9743589743589745,0.5,0.0215688653395747,0.9743589743589745,0.5,0.023214921255233
Random lead training,subcode,LAO/LAE,2-lead,quality_flag,burst_noise:absent,2158,1872,41,41,0.0,1.0,0.0,1.0,0.0,,0,0,0,0,,,,,0.0,0.0,1.0,1.0,0.7839326243994608,0.0798978186103638,0.018190264253616,0.7968132539143058,0.0737731465056239,0.018221912169251
Random lead training,subcode,LAO/LAE,2-lead,quality_flag,electrodes_problems:absent,2195,1901,42,42,0.0,1.0,0.0,1.0,0.0,,0,0,0,0,,,,,0.0,0.0,1.0,1.0,0.7895185013159932,0.0900433415808539,0.0182758053950926,0.8006767964965829,0.0750982394874914,0.0183360666072952
Random lead training,subcode,LAO/LAE,2-lead,quality_flag,extra_beats:present,198,184,6,6,0.0,1.0,0.0,1.0,0.0,,0,0,0,0,,,,,0.0,0.0,1.0,1.0,0.765625,0.1193297171715015,0.0288085910511555,0.7552083333333333,0.1151019392735913,0.028885219497662
Random lead training,subcode,LAO/LAE,2-lead,quality_flag,extra_beats:absent,2000,1757,36,36,0.0,1.0,0.0,1.0,0.0,,0,0,0,0,,,,,0.0,0.0,1.0,1.0,0.7875792034396922,0.0945285672371538,0.0172066219223787,0.8017368182846798,0.0758699255820889,0.0172661049254579
Random lead training,subcode,LAO/LAE,2-lead,quality_flag,pacemaker:present,29,26,0,0,0.0,1.0,0.0,1.0,0.0,,0,0,0,0,,,,,,0.0,,1.0,,,0.0010705462847254,,,0.0009246573820724
Random lead training,subcode,LAO/LAE,2-lead,quality_flag,pacemaker:absent,2169,1883,42,42,0.0,1.0,0.0,1.0,0.0,,0,0,0,0,,,,,0.0,0.0,1.0,1.0,0.7918709561868942,0.0921640782128955,0.0184814656664957,0.8032663935343766,0.0769477922824142,0.0185452596806698
Random lead training,subcode,LAO/LAE,2-lead,quality,any_flag,679,618,17,17,0.0,1.0,0.0,1.0,0.0,,0,0,0,0,,,,,0.0,0.0,1.0,1.0,0.7705704638350808,0.1047272647236814,0.0238372335642445,0.7814999111427048,0.1007175421527978,0.0238779177816304
Random lead training,subcode,LAO/LAE,2-lead,quality,no_flags,1519,1382,25,25,0.0,1.0,0.0,1.0,0.0,,0,0,0,0,,,,,0.0,0.0,1.0,1.0,0.7982864792503347,0.0926913594992508,0.0157550120360528,0.808380187416332,0.0702774605762358,0.0158251330728939
Random lead training,subcode,LVH,2-lead,overall,all,2198,1904,214,202,0.0,1.0,0.0,1.0,0.0,,0,0,0,0,,,,,0.0,0.0,1.0,1.0,0.8516684880916492,0.4848153200926295,0.0671687168140686,0.9073028150437142,0.6139523477105366,0.0567546467515257
Random lead training,subcode,LVH,2-lead,sex,0,1132,969,109,105,0.0,1.0,0.0,1.0,0.0,,0,0,0,0,,,,,0.0,0.0,1.0,1.0,0.8265041656577614,0.4304194236944573,0.0701045226883853,0.9040957069959734,0.5926046708285678,0.0578529350197355
Random lead training,subcode,LVH,2-lead,sex,1,1066,935,105,97,0.0,1.0,0.0,1.0,0.0,,0,0,0,0,,,,,0.0,0.0,1.0,1.0,0.8815519548089787,0.5455349764365713,0.0640511443471582,0.9110252217432238,0.6408671886445371,0.0555883593972916
Random lead training,subcode,LVH,2-lead,age_band,40-64,866,755,51,51,0.0,1.0,0.0,1.0,0.0,,0,0,0,0,,,,,0.0,0.0,1.0,1.0,0.8077709611451942,0.3285643138306176,0.048149283853019,0.8844219896547576,0.4329649503076415,0.0446303569270399
Random lead training,subcode,LVH,2-lead,age_band,<40,284,266,9,9,0.0,1.0,0.0,1.0,0.0,,0,0,0,0,,,,,0.0,0.0,1.0,1.0,0.8533333333333334,0.3176407115777194,0.0326238326150669,0.9321212121212122,0.4559762377750442,0.0302793752863318
Random lead training,subcode,LVH,2-lead,age_band,65-79,708,615,106,99,0.0,1.0,0.0,1.0,0.0,,0,0,0,0,,,,,0.0,0.0,1.0,1.0,0.8411270607409266,0.5592491181059976,0.0942875214052552,0.9234626715978188,0.7339334696925935,0.0702604734540019
Random lead training,subcode,LVH,2-lead,age_band,80+,340,274,48,43,0.0,1.0,0.0,1.0,0.0,,0,0,0,0,,,,,0.0,0.0,1.0,1.0,0.8567351598173515,0.5861580027946232,0.0879965474206139,0.8551655251141553,0.6231323718001835,0.0816266666890746
Random lead training,subcode,LVH,2-lead,quality_flag,baseline_drift:present,236,231,22,22,0.0,1.0,0.0,1.0,0.0,,0,0,0,0,,,,,0.0,0.0,1.0,1.0,0.8491928632115547,0.4255077177809725,0.0726170758309474,0.9262956669498724,0.6264827539640928,0.0536888710822785
Random lead training,subcode,LVH,2-lead,quality_flag,baseline_drift:absent,1962,1727,192,182,0.0,1.0,0.0,1.0,0.0,,0,0,0,0,,,,,0.0,0.0,1.0,1.0,0.8516331214689266,0.494478817701227,0.066513358644862,0.9055320150659134,0.6133554658553277,0.0571234148748398
Random lead training,subcode,LVH,2-lead,quality_flag,static_noise:present,316,292,20,20,0.0,1.0,0.0,1.0,0.0,,0,0,0,0,,,,,0.0,0.0,1.0,1.0,0.9125,0.6263258142515101,0.0392472162734451,0.933108108108108,0.6293206464007123,0.0372152622744723
Random lead training,subcode,LVH,2-lead,quality_flag,static_noise:absent,1882,1668,194,184,0.0,1.0,0.0,1.0,0.0,,0,0,0,0,,,,,0.0,0.0,1.0,1.0,0.8447348170225241,0.4791892632661516,0.0718569177550022,0.9038146772853862,0.6158947500548408,0.060035436068608
Random lead training,subcode,LVH,2-lead,quality_flag,burst_noise:present,40,40,3,3,0.0,1.0,0.0,1.0,0.0,,0,0,0,0,,,,,0.0,0.0,1.0,1.0,0.8198198198198198,0.4365079365079364,0.0731930045461708,0.8738738738738739,0.2869047619047619,0.0790256146742892
Random lead training,subcode,LVH,2-lead,quality_flag,burst_noise:absent,2158,1872,211,199,0.0,1.0,0.0,1.0,0.0,,0,0,0,0,,,,,0.0,0.0,1.0,1.0,0.8526862325561017,0.4900654234130938,0.067057052537292,0.9075208669553596,0.6191049178965987,0.0563418391903994
Random lead training,subcode,LVH,2-lead,quality_flag,electrodes_problems:absent,2195,1901,214,202,0.0,1.0,0.0,1.0,0.0,,0,0,0,0,,,,,0.0,0.0,1.0,1.0,0.8518212740662462,0.4854306160598091,0.0672127620507383,0.907487958031203,0.6142442770658454,0.0568094692124876
Random lead training,subcode,LVH,2-lead,quality_flag,extra_beats:present,198,184,24,23,0.0,1.0,0.0,1.0,0.0,,0,0,0,0,,,,,0.0,0.0,1.0,1.0,0.810823754789272,0.3744613856747515,0.0961529633499388,0.9169061302681992,0.721870103211163,0.0616694032135737
Random lead training,subcode,LVH,2-lead,quality_flag,extra_beats:absent,2000,1757,190,180,0.0,1.0,0.0,1.0,0.0,,0,0,0,0,,,,,0.0,0.0,1.0,1.0,0.8543820878162255,0.501118332877833,0.0642992764070175,0.9076068624600174,0.6043997293698752,0.056268085861783
Random lead training,subcode,LVH,2-lead,quality_flag,pacemaker:present,29,26,0,0,0.0,1.0,0.0,1.0,0.0,,0,0,0,0,,,,,,0.0,,1.0,,,0.0091977979716217,,,0.0098462999149508
Random lead training,subcode,LVH,2-lead,quality_flag,pacemaker:absent,2169,1883,214,202,0.0,1.0,0.0,1.0,0.0,,0,0,0,0,,,,,0.0,0.0,1.0,1.0,0.8516863063795206,0.4861316521712584,0.0679438005606943,0.9077084877022732,0.6154028068825309,0.0573818215132872
Random lead training,subcode,LVH,2-lead,quality,any_flag,679,618,58,56,0.0,1.0,0.0,1.0,0.0,,0,0,0,0,,,,,0.0,0.0,1.0,1.0,0.8531567549558554,0.4056577041765316,0.0652840988321335,0.919429174301738,0.6052708985253699,0.0509969682675552
Random lead training,subcode,LVH,2-lead,quality,no_flags,1519,1382,156,149,0.0,1.0,0.0,1.0,0.0,,0,0,0,0,,,,,0.0,0.0,1.0,1.0,0.8521126098162047,0.5166680964601976,0.0680111497368691,0.9051206802490736,0.6208792358827062,0.0593283555669411
Random lead training,subcode,NDT,2-lead,overall,all,2198,1904,182,176,0.0,1.0,0.0,1.0,0.0,,0,0,0,0,,,,,0.0,0.0,1.0,1.0,0.8099489795918368,0.2602026615911001,0.0680761162115148,0.8494816195709053,0.340745415472376,0.0644396529567031
Random lead training,subcode,NDT,2-lead,sex,0,1132,969,74,69,0.0,1.0,0.0,1.0,0.0,,0,0,0,0,,,,,0.0,0.0,1.0,1.0,0.8267128186787922,0.2482980504220551,0.0560429318674063,0.8492694017268687,0.2733309250205389,0.0542383180857928
Random lead training,subcode,NDT,2-lead,sex,1,1066,935,108,107,0.0,1.0,0.0,1.0,0.0,,0,0,0,0,,,,,0.0,0.0,1.0,1.0,0.7955617412819919,0.2927780596316698,0.0808543194737389,0.8440037114358617,0.3941449360739302,0.0752725901742176
Random lead training,subcode,NDT,2-lead,age_band,40-64,866,755,74,73,0.0,1.0,0.0,1.0,0.0,,0,0,0,0,,,,,0.0,0.0,1.0,1.0,0.8407725907725908,0.3109691604949934,0.0671012773178959,0.8804770679770679,0.4293015208931549,0.0622831291064267
Random lead training,subcode,NDT,2-lead,age_band,<40,284,266,13,12,0.0,1.0,0.0,1.0,0.0,,0,0,0,0,,,,,0.0,0.0,1.0,1.0,0.8535339199545842,0.2741505999992815,0.0395665879191559,0.9128583593528244,0.4578323913441771,0.0346721310233424
Random lead training,subcode,NDT,2-lead,age_band,65-79,708,615,61,58,0.0,1.0,0.0,1.0,0.0,,0,0,0,0,,,,,0.0,0.0,1.0,1.0,0.7856183647097575,0.2615917012661733,0.0719599623376138,0.8193427420376517,0.3183285616935813,0.0695162198661938
Random lead training,subcode,NDT,2-lead,age_band,80+,340,274,34,33,0.0,1.0,0.0,1.0,0.0,,0,0,0,0,,,,,0.0,0.0,1.0,1.0,0.7421184159938485,0.2098039834802823,0.0862853910927672,0.7774894271434064,0.2584105566168959,0.08422587799051
Random lead training,subcode,NDT,2-lead,quality_flag,baseline_drift:present,236,231,15,15,0.0,1.0,0.0,1.0,0.0,,0,0,0,0,,,,,0.0,0.0,1.0,1.0,0.7665158371040723,0.1434755558801645,0.0620994721523075,0.8401206636500754,0.2592297560846964,0.0563889654498417
Random lead training,subcode,NDT,2-lead,quality_flag,baseline_drift:absent,1962,1727,167,162,0.0,1.0,0.0,1.0,0.0,,0,0,0,0,,,,,0.0,0.0,1.0,1.0,0.814117725551682,0.2805119020527606,0.0687950193705224,0.8512201224292362,0.3589802008588441,0.0654080333092104
Random lead training,subcode,NDT,2-lead,quality_flag,static_noise:present,316,292,26,25,0.0,1.0,0.0,1.0,0.0,,0,0,0,0,,,,,0.0,0.0,1.0,1.0,0.7744031830238727,0.2598230773332324,0.0692554009283251,0.8249336870026526,0.3135671110412484,0.0667857151338074
Random lead training,subcode,NDT,2-lead,quality_flag,static_noise:absent,1882,1668,156,153,0.0,1.0,0.0,1.0,0.0,,0,0,0,0,,,,,0.0,0.0,1.0,1.0,0.8158369729922453,0.2642197287343003,0.0678781066628899,0.8540348218795497,0.3454101660838515,0.0640457339089002
Random lead training,subcode,NDT,2-lead,quality_flag,burst_noise:present,40,40,5,5,0.0,1.0,0.0,1.0,0.0,,0,0,0,0,,,,,0.0,0.0,1.0,1.0,0.8514285714285715,0.5126315789473684,0.0878502476214906,0.8057142857142858,0.4166666666666667,0.0936205958379432
Random lead training,subcode,NDT,2-lead,quality_flag,burst_noise:absent,2158,1872,177,171,0.0,1.0,0.0,1.0,0.0,,0,0,0,0,,,,,0.0,0.0,1.0,1.0,0.8085256262174272,0.2564069267515517,0.0677095892159638,0.8505291797499978,0.3412254980820949,0.0638987643027413
Random lead training,subcode,NDT,2-lead,quality_flag,electrodes_problems:absent,2195,1901,182,176,0.0,1.0,0.0,1.0,0.0,,0,0,0,0,,,,,0.0,0.0,1.0,1.0,0.8098677279005149,0.2602986701679875,0.0681577715448161,0.8494702019292183,0.3408996740232228,0.0645094572453867
Random lead training,subcode,NDT,2-lead,quality_flag,extra_beats:present,198,184,17,16,0.0,1.0,0.0,1.0,0.0,,0,0,0,0,,,,,0.0,0.0,1.0,1.0,0.7335066623334416,0.19736902025407,0.0786838127485003,0.7380565485862853,0.1782622959230085,0.0862796995276591
Random lead training,subcode,NDT,2-lead,quality_flag,extra_beats:absent,2000,1757,165,162,0.0,1.0,0.0,1.0,0.0,,0,0,0,0,,,,,0.0,0.0,1.0,1.0,0.8182379654859219,0.2770804384000396,0.0670259542543532,0.858819255222525,0.3869123177669828,0.0622774883461784
Random lead training,subcode,NDT,2-lead,quality_flag,pacemaker:present,29,26,0,0,0.0,1.0,0.0,1.0,0.0,,0,0,0,0,,,,,,0.0,,1.0,,,0.0094611653263563,,,0.0049023432833688
Random lead training,subcode,NDT,2-lead,quality_flag,pacemaker:absent,2169,1883,182,176,0.0,1.0,0.0,1.0,0.0,,0,0,0,0,,,,,0.0,0.0,1.0,1.0,0.808543997522357,0.2619119386785234,0.0688598108061066,0.8479816610163868,0.3413393463217406,0.0652356796881585
Random lead training,subcode,NDT,2-lead,quality,any_flag,679,618,50,48,0.0,1.0,0.0,1.0,0.0,,0,0,0,0,,,,,0.0,0.0,1.0,1.0,0.7804133545310016,0.2006040149632428,0.0653143766605097,0.8165341812400636,0.2279470558815509,0.0655650390537467
Random lead training,subcode,NDT,2-lead,quality,no_flags,1519,1382,132,130,0.0,1.0,0.0,1.0,0.0,,0,0,0,0,,,,,0.0,0.0,1.0,1.0,0.8223547661182845,0.3081422088218745,0.0693106265177245,0.8619431517773263,0.4124188233367318,0.0639366001852136
Random lead training,subcode,NORM,2-lead,overall,all,2198,1904,963,882,0.0,1.0,0.0,1.0,0.0,,0,0,0,0,,,,,0.0,0.0,1.0,1.0,0.9016433967737458,0.8470899764625051,0.1246984536052984,0.9233728942533664,0.8875382428522531,0.1122732775039569
Random lead training,subcode,NORM,2-lead,sex,0,1132,969,516,465,0.0,1.0,0.0,1.0,0.0,,0,0,0,0,,,,,0.0,0.0,1.0,1.0,0.9072567451927916,0.8576713005050127,0.120399963069558,0.9294995217960336,0.8981610610121835,0.1062095803315216
Random lead training,subcode,NORM,2-lead,sex,1,1066,935,447,417,0.0,1.0,0.0,1.0,0.0,,0,0,0,0,,,,,0.0,0.0,1.0,1.0,0.8958123262966537,0.8362744598522645,0.1292630795775856,0.9165898667476228,0.8756647448072149,0.1187124005801264
Random lead training,subcode,NORM,2-lead,age_band,40-64,866,755,488,440,0.0,1.0,0.0,1.0,0.0,,0,0,0,0,,,,,0.0,0.0,1.0,1.0,0.8535215543412265,0.8587486955690247,0.1516702671117814,0.8925969294821754,0.907000554810482,0.1341392242305895
Random lead training,subcode,NORM,2-lead,age_band,<40,284,266,236,224,0.0,1.0,0.0,1.0,0.0,,0,0,0,0,,,,,0.0,0.0,1.0,1.0,0.7478813559322034,0.906414545119472,0.1297371124056103,0.7960805084745763,0.9471764943165986,0.1313570541603257
Random lead training,subcode,NORM,2-lead,age_band,65-79,708,615,218,201,0.0,1.0,0.0,1.0,0.0,,0,0,0,0,,,,,0.0,0.0,1.0,1.0,0.9080509267927354,0.7843398827457793,0.1144377288941171,0.9331211383636022,0.8158068968997744,0.0980097808738749
Random lead training,subcode,NORM,2-lead,age_band,80+,340,274,21,19,0.0,1.0,0.0,1.0,0.0,,0,0,0,0,,,,,0.0,0.0,1.0,1.0,0.9050604567845948,0.4273442804567612,0.0731573462512206,0.8823705030601583,0.3237410779199183,0.0703404927346201
Random lead training,subcode,NORM,2-lead,quality_flag,baseline_drift:present,236,231,115,113,0.0,1.0,0.0,1.0,0.0,,0,0,0,0,,,,,0.0,0.0,1.0,1.0,0.8924182536830758,0.8482908912582529,0.1330881370112241,0.9130434782608696,0.9106443241206136,0.1247054840361543
Random lead training,subcode,NORM,2-lead,quality_flag,baseline_drift:absent,1962,1727,848,789,0.0,1.0,0.0,1.0,0.0,,0,0,0,0,,,,,0.0,0.0,1.0,1.0,0.9029747891331594,0.847652077496055,0.1236892969876641,0.924654271535517,0.8852071240506745,0.1107778642819393
Random lead training,subcode,NORM,2-lead,quality_flag,static_noise:present,316,292,125,114,0.0,1.0,0.0,1.0,0.0,,0,0,0,0,,,,,0.0,0.0,1.0,1.0,0.8579267015706806,0.7688204028885539,0.1559064960991177,0.9015706806282722,0.8415217863548861,0.1324987654012386
Random lead training,subcode,NORM,2-lead,quality_flag,static_noise:absent,1882,1668,838,784,0.0,1.0,0.0,1.0,0.0,,0,0,0,0,,,,,0.0,0.0,1.0,1.0,0.909192430435538,0.8605747413836993,0.1194584209655285,0.92790716813431,0.8965028337127444,0.1088772869749765
Random lead training,subcode,NORM,2-lead,quality_flag,burst_noise:present,40,40,17,17,0.0,1.0,0.0,1.0,0.0,,0,0,0,0,,,,,0.0,0.0,1.0,1.0,0.9437340153452686,0.92745633995634,0.0895947767111119,0.9539641943734016,0.934257524482438,0.1009855793263685
Random lead training,subcode,NORM,2-lead,quality_flag,burst_noise:absent,2158,1872,946,868,0.0,1.0,0.0,1.0,0.0,,0,0,0,0,,,,,0.0,0.0,1.0,1.0,0.9006926855476244,0.8459196028392552,0.1253491241686754,0.9229507253050888,0.8870178668062758,0.1124825026787037
Random lead training,subcode,NORM,2-lead,quality_flag,electrodes_problems:absent,2195,1901,963,882,0.0,1.0,0.0,1.0,0.0,,0,0,0,0,,,,,0.0,0.0,1.0,1.0,0.9014038920580976,0.847089976462505,0.1248688745576287,0.923189673773786,0.8875398230593821,0.1124251148729521
Random lead training,subcode,NORM,2-lead,quality_flag,extra_beats:present,198,184,45,43,0.0,1.0,0.0,1.0,0.0,,0,0,0,0,,,,,0.0,0.0,1.0,1.0,0.9404502541757442,0.7882144504246108,0.0815311372565608,0.9387073347857662,0.793920107252589,0.0838349128975835
Random lead training,subcode,NORM,2-lead,quality_flag,extra_beats:absent,2000,1757,918,848,0.0,1.0,0.0,1.0,0.0,,0,0,0,0,,,,,0.0,0.0,1.0,1.0,0.8952496587051333,0.8503921004893809,0.1289720179238234,0.9199718909950508,0.8909260953486663,0.1150886755999879
Random lead training,subcode,NORM,2-lead,quality_flag,pacemaker:present,29,26,2,2,0.0,1.0,0.0,1.0,0.0,,0,0,0,0,,,,,0.0,0.0,1.0,1.0,0.9814814814814816,0.8333333333333333,0.044753118162768,0.9074074074074074,0.6428571428571428,0.0316200969635153
Random lead training,subcode,NORM,2-lead,quality_flag,pacemaker:absent,2169,1883,961,881,0.0,1.0,0.0,1.0,0.0,,0,0,0,0,,,,,0.0,0.0,1.0,1.0,0.9000515122905914,0.8474459025191043,0.1257673400634973,0.9220226240602022,0.887659479443061,0.1133516280044976
Random lead training,subcode,NORM,2-lead,quality,any_flag,679,618,259,240,0.0,1.0,0.0,1.0,0.0,,0,0,0,0,,,,,0.0,0.0,1.0,1.0,0.9052031623460196,0.8189280062222752,0.1212755217353705,0.9207850707850708,0.8624552547585771,0.1135622657467489
Random lead training,subcode,NORM,2-lead,quality,no_flags,1519,1382,704,673,0.0,1.0,0.0,1.0,0.0,,0,0,0,0,,,,,0.0,0.0,1.0,1.0,0.8992662437255996,0.8576320632986534,0.1262285199250357,0.9239978388176242,0.8967662908247441,0.1116970938193908
Random lead training,subcode,NST_,2-lead,overall,all,2198,1904,77,75,0.0,1.0,0.0,1.0,0.0,,0,0,0,0,,,,,0.0,0.0,1.0,1.0,0.8247457398801105,0.1686115481346529,0.0317737536104675,0.8208820882088209,0.1421464092512755,0.0318010838302834
Random lead training,subcode,NST_,2-lead,sex,0,1132,969,28,26,0.0,1.0,0.0,1.0,0.0,,0,0,0,0,,,,,0.0,0.0,1.0,1.0,0.8645186335403727,0.1204126807411501,0.0228419647471161,0.8602160973084886,0.1603320859350562,0.0224965315225023
Random lead training,subcode,NST_,2-lead,sex,1,1066,935,49,49,0.0,1.0,0.0,1.0,0.0,,0,0,0,0,,,,,0.0,0.0,1.0,1.0,0.7935303915076355,0.2275634486893527,0.0412585425347769,0.7819115846928741,0.1511239125760389,0.0416817153616233
Random lead training,subcode,NST_,2-lead,age_band,40-64,866,755,8,8,0.0,1.0,0.0,1.0,0.0,,0,0,0,0,,,,,0.0,0.0,1.0,1.0,0.8990384615384615,0.0490405129907507,0.0095147655959439,0.872960372960373,0.0552489357715044,0.0096831971909468
Random lead training,subcode,NST_,2-lead,age_band,<40,284,266,3,3,0.0,1.0,0.0,1.0,0.0,,0,0,0,0,,,,,0.0,0.0,1.0,1.0,0.9762752075919336,0.238095238095238,0.0094922670871436,0.9442467378410438,0.1279461279461279,0.01009606622497
Random lead training,subcode,NST_,2-lead,age_band,65-79,708,615,36,34,0.0,1.0,0.0,1.0,0.0,,0,0,0,0,,,,,0.0,0.0,1.0,1.0,0.767733134920635,0.1955418273506788,0.0457060115286051,0.792989417989418,0.1928937474861206,0.0450548204378712
Random lead training,subcode,NST_,2-lead,age_band,80+,340,274,30,30,0.0,1.0,0.0,1.0,0.0,,0,0,0,0,,,,,0.0,0.0,1.0,1.0,0.6940860215053763,0.2538441384018635,0.0780684218079973,0.6874193548387098,0.1887270788619897,0.0786677582755847
Random lead training,subcode,NST_,2-lead,quality_flag,baseline_drift:present,236,231,6,6,0.0,1.0,0.0,1.0,0.0,,0,0,0,0,,,,,0.0,0.0,1.0,1.0,0.8420289855072464,0.103341574351416,0.0241668172743866,0.8514492753623188,0.1977540088770198,0.0234289161350661
Random lead training,subcode,NST_,2-lead,quality_flag,baseline_drift:absent,1962,1727,71,70,0.0,1.0,0.0,1.0,0.0,,0,0,0,0,,,,,0.0,0.0,1.0,1.0,0.8251316465689962,0.1843757957513041,0.032688757165674,0.8200296437535844,0.1455209537292544,0.0328081335632454
Random lead training,subcode,NST_,2-lead,quality_flag,static_noise:present,316,292,10,10,0.0,1.0,0.0,1.0,0.0,,0,0,0,0,,,,,0.0,0.0,1.0,1.0,0.780718954248366,0.1011984942883781,0.0297168563977718,0.7558823529411764,0.1144954844054624,0.0298002815909295
Random lead training,subcode,NST_,2-lead,quality_flag,static_noise:absent,1882,1668,67,65,0.0,1.0,0.0,1.0,0.0,,0,0,0,0,,,,,0.0,0.0,1.0,1.0,0.8313309485629703,0.1837210816155679,0.0321191199862443,0.8310266847580281,0.1526537182487159,0.0321370314964024
Random lead training,subcode,NST_,2-lead,quality_flag,burst_noise:present,40,40,1,1,0.0,1.0,0.0,1.0,0.0,,0,0,0,0,,,,,0.0,0.0,1.0,1.0,0.6923076923076923,0.0769230769230769,0.0247817796173366,0.4358974358974359,0.0434782608695652,0.0253956725099915
Random lead training,subcode,NST_,2-lead,quality_flag,burst_noise:absent,2158,1872,76,74,0.0,1.0,0.0,1.0,0.0,,0,0,0,0,,,,,0.0,0.0,1.0,1.0,0.8259201678547955,0.1710142279752197,0.031903354611267,0.8242770109712322,0.143872806061245,0.0319198124923834
Random lead training,subcode,NST_,2-lead,quality_flag,electrodes_problems:absent,2195,1901,77,75,0.0,1.0,0.0,1.0,0.0,,0,0,0,0,,,,,0.0,0.0,1.0,1.0,0.8249635161816464,0.174024920883113,0.0317999493217475,0.8211005236500987,0.1435794450345831,0.0318269193195569
Random lead training,subcode,NST_,2-lead,quality_flag,extra_beats:present,198,184,11,11,0.0,1.0,0.0,1.0,0.0,,0,0,0,0,,,,,0.0,0.0,1.0,1.0,0.8881866796305298,0.3857103985218357,0.0465534943081688,0.917841516771998,0.571815683067557,0.0441395458979308
Random lead training,subcode,NST_,2-lead,quality_flag,extra_beats:absent,2000,1757,66,66,0.0,1.0,0.0,1.0,0.0,,0,0,0,0,,,,,0.0,0.0,1.0,1.0,0.818503024035599,0.1345734523013708,0.0303105592813951,0.8129406787628091,0.1098769527534029,0.0305795760855864
Random lead training,subcode,NST_,2-lead,quality_flag,pacemaker:present,29,26,0,0,0.0,1.0,0.0,1.0,0.0,,0,0,0,0,,,,,,0.0,,1.0,,,0.0021032016092262,,,0.0020640258290659
Random lead training,subcode,NST_,2-lead,quality_flag,pacemaker:absent,2169,1883,77,75,0.0,1.0,0.0,1.0,0.0,,0,0,0,0,,,,,0.0,0.0,1.0,1.0,0.8241973132030493,0.1705780151247178,0.0321704553200277,0.8199448734821585,0.1439905761081815,0.0321986747394745
Random lead training,subcode,NST_,2-lead,quality,any_flag,679,618,24,24,0.0,1.0,0.0,1.0,0.0,,0,0,0,0,,,,,0.0,0.0,1.0,1.0,0.8329516539440204,0.1960446742825464,0.0318576478635522,0.8235368956743003,0.2344439682672535,0.0311889787678085
Random lead training,subcode,NST_,2-lead,quality,no_flags,1519,1382,53,53,0.0,1.0,0.0,1.0,0.0,,0,0,0,0,,,,,0.0,0.0,1.0,1.0,0.8240237843959948,0.1658073029919741,0.0317362524927292,0.8228783237663776,0.1221147961685742,0.0320746976139704
Random lead training,rhythm,AFIB,2-lead,overall,all,2198,1904,152,130,0.0,1.0,0.0,1.0,0.0,,0,0,0,0,,,,,0.0,0.0,1.0,1.0,0.9471336883263878,0.6570599488267169,0.0362408662503869,0.9116761845963884,0.4339007129421812,0.0489784271682569
Random lead training,rhythm,AFIB,2-lead,sex,0,1132,969,81,66,0.0,1.0,0.0,1.0,0.0,,0,0,0,0,,,,,0.0,0.0,1.0,1.0,0.9492781712889546,0.683745775123087,0.037500852231545,0.91746837227332,0.4440151410057278,0.0508169125614438
Random lead training,rhythm,AFIB,2-lead,sex,1,1066,935,71,64,0.0,1.0,0.0,1.0,0.0,,0,0,0,0,,,,,0.0,0.0,1.0,1.0,0.9454313822634298,0.6344448091513254,0.0349028698801515,0.907948191662538,0.4388966449692756,0.0470261143492255
Random lead training,rhythm,AFIB,2-lead,age_band,40-64,866,755,28,25,0.0,1.0,0.0,1.0,0.0,,0,0,0,0,,,,,0.0,0.0,1.0,1.0,0.94672690078418,0.7286672273350611,0.015618907278381,0.9408029321513808,0.5371050132374906,0.0199710839811156
Random lead training,rhythm,AFIB,2-lead,age_band,<40,284,266,1,1,0.0,1.0,0.0,1.0,0.0,,0,0,0,0,,,,,0.0,0.0,1.0,1.0,0.8798586572438163,0.0285714285714285,0.0057794220899325,0.7314487632508834,0.0129870129870129,0.0080793547845904
Random lead training,rhythm,AFIB,2-lead,age_band,65-79,708,615,53,47,0.0,1.0,0.0,1.0,0.0,,0,0,0,0,,,,,0.0,0.0,1.0,1.0,0.9472562292956936,0.6506834200941117,0.0370670395321489,0.893849920783523,0.4155948443385081,0.0549972793544324
Random lead training,rhythm,AFIB,2-lead,age_band,80+,340,274,70,57,0.0,1.0,0.0,1.0,0.0,,0,0,0,0,,,,,0.0,0.0,1.0,1.0,0.8598941798941799,0.6646699436174941,0.1124900895675598,0.7821693121693122,0.4615329219963406,0.1444912166071203
Random lead training,rhythm,AFIB,2-lead,quality_flag,baseline_drift:present,236,231,13,13,0.0,1.0,0.0,1.0,0.0,,0,0,0,0,,,,,0.0,0.0,1.0,1.0,0.93515005174198,0.5350025705288863,0.0390286805407699,0.8789237668161436,0.307942966588599,0.0522716909280679
Random lead training,rhythm,AFIB,2-lead,quality_flag,baseline_drift:absent,1962,1727,139,120,0.0,1.0,0.0,1.0,0.0,,0,0,0,0,,,,,0.0,0.0,1.0,1.0,0.948602390714965,0.6782396168502116,0.0359055328291176,0.9156225211821764,0.4620558472764206,0.0485822955437333
Random lead training,rhythm,AFIB,2-lead,quality_flag,static_noise:present,316,292,28,26,0.0,1.0,0.0,1.0,0.0,,0,0,0,0,,,,,0.0,0.0,1.0,1.0,0.8978174603174603,0.5958121786244978,0.0530925838050478,0.8529265873015874,0.4574956283455159,0.0659392695452827
Random lead training,rhythm,AFIB,2-lead,quality_flag,static_noise:absent,1882,1668,124,110,0.0,1.0,0.0,1.0,0.0,,0,0,0,0,,,,,0.0,0.0,1.0,1.0,0.9576085360930676,0.677738036857576,0.0334113536322823,0.9255660758192962,0.4401482842818011,0.0461305917850794
Random lead training,rhythm,AFIB,2-lead,quality_flag,burst_noise:present,40,40,4,4,0.0,1.0,0.0,1.0,0.0,,0,0,0,0,,,,,0.0,0.0,1.0,1.0,1.0,1.0,0.0191284437301322,0.9722222222222222,0.875,0.0460752096530654
Random lead training,rhythm,AFIB,2-lead,quality_flag,burst_noise:absent,2158,1872,148,127,0.0,1.0,0.0,1.0,0.0,,0,0,0,0,,,,,0.0,0.0,1.0,1.0,0.9459156918112144,0.6449518368516131,0.0365580566585473,0.9103032136614226,0.4288476048092269,0.049032240282533
Random lead training,rhythm,AFIB,2-lead,quality_flag,electrodes_problems:absent,2195,1901,152,130,0.0,1.0,0.0,1.0,0.0,,0,0,0,0,,,,,0.0,0.0,1.0,1.0,0.9476550222840509,0.6634758984836246,0.0359406588482982,0.9123966303423756,0.4406957267396185,0.0486449757993826
Random lead training,rhythm,AFIB,2-lead,quality_flag,extra_beats:present,198,184,34,31,0.0,1.0,0.0,1.0,0.0,,0,0,0,0,,,,,0.0,0.0,1.0,1.0,0.8963414634146342,0.6122410655058765,0.0953130781273048,0.8368005738880918,0.542649610669137,0.115293309338569
Random lead training,rhythm,AFIB,2-lead,quality_flag,extra_beats:absent,2000,1757,118,103,0.0,1.0,0.0,1.0,0.0,,0,0,0,0,,,,,0.0,0.0,1.0,1.0,0.9484861038563376,0.6821546834953628,0.0303927172745721,0.9146778580305842,0.4245655670456639,0.042413253833396
Random lead training,rhythm,AFIB,2-lead,quality_flag,pacemaker:present,29,26,0,0,0.0,1.0,0.0,1.0,0.0,,0,0,0,0,,,,,,0.0,,1.0,,,0.0483595630026796,,,0.1020562637292336
Random lead training,rhythm,AFIB,2-lead,quality_flag,pacemaker:absent,2169,1883,152,130,0.0,1.0,0.0,1.0,0.0,,0,0,0,0,,,,,0.0,0.0,1.0,1.0,0.9491297654150248,0.6681717222833268,0.0360788366488118,0.916691673407614,0.4529120894309915,0.0482687649920152
Random lead training,rhythm,AFIB,2-lead,quality,any_flag,679,618,65,59,0.0,1.0,0.0,1.0,0.0,,0,0,0,0,,,,,0.0,0.0,1.0,1.0,0.9181658732147332,0.6139452532978249,0.0527402019869949,0.8690553745928339,0.4686629477748227,0.0677093265425072
Random lead training,rhythm,AFIB,2-lead,quality,no_flags,1519,1382,87,80,0.0,1.0,0.0,1.0,0.0,,0,0,0,0,,,,,0.0,0.0,1.0,1.0,0.9631092275091504,0.703367404371642,0.0288655871423179,0.9343414884736404,0.4428773353782937,0.0406056288304584
Random lead training,rhythm,PACE,2-lead,overall,all,2198,1904,28,25,0.95950864422202,0.0404913557779799,0.0,0.0404913557779799,0.95950864422202,0.0052157420578473,0,0,2109,11,,0.0052157420578473,0.0,1.0,0.0,0.966820276497696,0.6071428571428571,0.0331797235023041,0.9206221198156682,0.4172107242492825,0.0093150583433913,0.9694535878867676,0.5724713169887631,0.0078467586341475
Random lead training,rhythm,PACE,2-lead,sex,0,1132,969,17,17,0.9628975265017669,0.0371024734982332,0.0,0.0371024734982332,0.9628975265017669,0.0082568807339449,0,0,1090,9,,0.0082568807339449,0.0,1.0,0.0,0.9695067264573992,0.4705882352941176,0.0304932735426008,0.8981798997625956,0.360742096993799,0.0118479677943861,0.9631759430229492,0.565957531766444,0.0094786857808653
Random lead training,rhythm,PACE,2-lead,sex,1,1066,935,11,8,0.9559099437148216,0.0440900562851782,0.0,0.0440900562851782,0.9559099437148216,0.0019627085377821,0,0,1019,2,,0.0019627085377821,0.0,1.0,0.0,0.9639810426540284,0.8181818181818182,0.0360189573459715,0.9562257647565704,0.6108268367075186,0.0066253271065,0.9800947867298578,0.6257983171150707,0.0061137928460757
Random lead training,rhythm,PACE,2-lead,age_band,40-64,866,755,3,3,0.9884526558891455,0.0115473441108545,0.0,0.0115473441108545,0.9884526558891455,0.0035046728971962,0,0,856,3,,0.0035046728971962,0.0,1.0,0.0,0.9884125144843569,0.0,0.0115874855156431,0.9235225955967556,0.0284533172010485,0.0037609564676361,0.94708381614523,0.370722201924248,0.0030075980272848
Random lead training,rhythm,PACE,2-lead,age_band,<40,284,266,0,0,0.98943661971831,0.0105633802816901,0.0,0.0105633802816901,0.98943661971831,0.0,0,0,281,0,,0.0,,1.0,,0.98943661971831,,0.0105633802816901,,,4.7026205185832274e-05,,,0.0005900906207507
Random lead training,rhythm,PACE,2-lead,age_band,65-79,708,615,10,8,0.9576271186440678,0.0423728813559322,0.0,0.0423728813559322,0.9576271186440678,0.0044247787610619,0,0,678,3,,0.0044247787610619,0.0,1.0,0.0,0.9670487106017192,0.7,0.0329512893982808,0.9222063037249284,0.5964698391521104,0.008571854261922,0.9931232091690544,0.6934523371365476,0.0070333422484039
Random lead training,rhythm,PACE,2-lead,age_band,80+,340,274,15,14,0.8647058823529412,0.1352941176470588,0.0,0.1352941176470588,0.8647058823529412,0.0170068027210884,0,0,294,5,,0.0170068027210884,0.0,1.0,0.0,0.8892307692307693,0.6666666666666666,0.1107692307692307,0.854974358974359,0.4262500984917057,0.0327508284649636,0.914051282051282,0.5736551935028362,0.0279276574648956
Random lead training,rhythm,PACE,2-lead,quality_flag,baseline_drift:present,236,231,6,6,0.9661016949152542,0.0338983050847457,0.0,0.0338983050847457,0.9661016949152542,0.0175438596491228,0,0,228,4,,0.0175438596491228,0.0,1.0,0.0,0.9739130434782608,0.3333333333333333,0.0260869565217391,0.9202898550724636,0.3086522143125916,0.0199245247734045,0.9514492753623188,0.4510860484544695,0.0184489200394733
Random lead training,rhythm,PACE,2-lead,quality_flag,baseline_drift:absent,1962,1727,22,21,0.9587155963302753,0.0412844036697247,0.0,0.0412844036697247,0.9587155963302753,0.0037214247740563,0,0,1881,7,,0.0037214247740563,0.0,1.0,0.0,0.965979381443299,0.6818181818181818,0.034020618556701,0.9231958762886598,0.444797769856517,0.0080388941856527,0.976733833177132,0.6292781646797968,0.0065714731643937
Random lead training,rhythm,PACE,2-lead,quality_flag,static_noise:present,316,292,4,4,0.9493670886075948,0.050632911392405,0.0,0.050632911392405,0.9493670886075948,0.0033333333333333,0,0,300,1,,0.0033333333333333,0.0,1.0,0.0,0.9583333333333334,0.75,0.0416666666666666,0.9262820512820512,0.3863636363636363,0.0096635534264634,0.9439102564102564,0.5833333333333333,0.0071276149960516
Random lead training,rhythm,PACE,2-lead,quality_flag,static_noise:absent,1882,1668,24,21,0.961211477151966,0.038788522848034,0.0,0.038788522848034,0.961211477151966,0.0055279159756771,0,0,1809,10,,0.0055279159756771,0.0,1.0,0.0,0.9682454251883746,0.5833333333333334,0.0317545748116254,0.9201874775744529,0.4355832912069921,0.0092565437598361,0.9731566200215286,0.571188065862432,0.0079675075128076
Random lead training,rhythm,PACE,2-lead,quality_flag,burst_noise:present,40,40,2,2,1.0,0.0,0.0,0.0,1.0,0.05,0,0,40,2,,0.05,0.0,1.0,0.0,1.0,0.0,0.0,0.7631578947368421,0.1428571428571428,0.0494332614607235,0.986842105263158,0.8333333333333333,0.0444210694491617
Random lead training,rhythm,PACE,2-lead,quality_flag,burst_noise:absent,2158,1872,26,24,0.958758109360519,0.041241890639481,0.0,0.041241890639481,0.958758109360519,0.0043499275012083,0,0,2069,9,,0.0043499275012083,0.0,1.0,0.0,0.9662288930581614,0.6538461538461539,0.0337711069418386,0.9340272766632992,0.4458016954089753,0.0085714401206419,0.969945158031462,0.5986044610244011,0.0071688288692724
Random lead training,rhythm,PACE,2-lead,quality_flag,electrodes_problems:absent,2195,1901,27,24,0.9603644646924828,0.039635535307517,0.0,0.039635535307517,0.9603644646924828,0.0052182163187855,0,0,2108,11,,0.0052182163187855,0.0,1.0,0.0,0.9672509225092252,0.5925925925925926,0.0327490774907749,0.9179479294792948,0.3905760422752932,0.0092776346888424,0.968890938909389,0.5732843728702467,0.0076119528732202
Random lead training,rhythm,PACE,2-lead,quality_flag,extra_beats:present,198,184,6,6,0.8737373737373737,0.1262626262626262,0.0,0.1262626262626262,0.8737373737373737,0.0173410404624277,0,0,173,3,,0.0173410404624277,0.0,1.0,0.0,0.8854166666666666,0.5,0.1145833333333333,0.8151041666666666,0.3086803267112324,0.0267060315230873,0.8229166666666667,0.2096912675635885,0.0313110488397987
Random lead training,rhythm,PACE,2-lead,quality_flag,extra_beats:absent,2000,1757,22,19,0.968,0.032,0.0,0.032,0.968,0.0041322314049586,0,0,1936,8,,0.0041322314049586,0.0,1.0,0.0,0.974721941354904,0.6363636363636364,0.025278058645096,0.926302969022888,0.4898161402568369,0.0075933519986014,0.98271899990808,0.6840580411347539,0.005523793903788
Random lead training,rhythm,PACE,2-lead,quality_flag,pacemaker:present,29,26,28,25,0.4137931034482758,0.5862068965517241,0.0,0.5862068965517241,0.4137931034482758,0.9166666666666666,0,0,12,11,,0.9166666666666666,0.0,1.0,0.0,1.0,0.6071428571428571,0.0,0.9285714285714286,0.9974929627023222,0.6282413179566809,1.0,1.0,0.4114157808856225
Random lead training,rhythm,PACE,2-lead,quality_flag,pacemaker:absent,2169,1883,0,0,0.966804979253112,0.0331950207468879,0.0,0.0331950207468879,0.966804979253112,0.0,0,0,2097,0,,0.0,,1.0,,0.966804979253112,,0.0331950207468879,,,0.0010398801374045,,,0.0024509533573874
Random lead training,rhythm,PACE,2-lead,quality,any_flag,679,618,28,25,0.9234167893961708,0.0765832106038291,0.0,0.0765832106038291,0.9234167893961708,0.0175438596491228,0,0,627,11,,0.0175438596491228,0.0,1.0,0.0,0.946236559139785,0.6071428571428571,0.053763440860215,0.8957647575159096,0.4780483769309073,0.0293135642722357,0.956714944042133,0.6740091515040899,0.0212635849449562
Random lead training,rhythm,PACE,2-lead,quality,no_flags,1519,1382,0,0,0.9756418696510862,0.0243581303489137,0.0,0.0243581303489137,0.9756418696510862,0.0,0,0,1482,0,,0.0,,1.0,,0.9756418696510862,,0.0243581303489137,,,0.0003756340341844,,,0.0018493754445234
Random lead training,rhythm,SARRH,2-lead,overall,all,2198,1904,77,77,0.0,1.0,0.0,1.0,0.0,,0,0,0,0,,,,,0.0,0.0,1.0,1.0,0.6473300391263617,0.0761983614427656,0.0334556434040009,0.635561515335207,0.0617820820379841,0.0337824746739165
Random lead training,rhythm,SARRH,2-lead,sex,0,1132,969,29,29,0.0,1.0,0.0,1.0,0.0,,0,0,0,0,,,,,0.0,0.0,1.0,1.0,0.5766092475067996,0.0442418805996692,0.024979341391029,0.5910526151248945,0.037578094317207,0.0250379797582016
Random lead training,rhythm,SARRH,2-lead,sex,1,1066,935,48,48,0.0,1.0,0.0,1.0,0.0,,0,0,0,0,,,,,0.0,0.0,1.0,1.0,0.6889939423706615,0.1105759774148027,0.042456744603517,0.6782498362802881,0.1026181792083936,0.0430683735900414
Random lead training,rhythm,SARRH,2-lead,age_band,40-64,866,755,21,21,0.0,1.0,0.0,1.0,0.0,,0,0,0,0,,,,,0.0,0.0,1.0,1.0,0.6238377007607777,0.0421972155862275,0.0236843243096459,0.5472527472527473,0.0293154713153412,0.023771272032782
Random lead training,rhythm,SARRH,2-lead,age_band,<40,284,266,31,31,0.0,1.0,0.0,1.0,0.0,,0,0,0,0,,,,,0.0,0.0,1.0,1.0,0.659441540226954,0.2170249288390979,0.1010951203248572,0.6721917633558587,0.1853237994784686,0.1026534412736575
Random lead training,rhythm,SARRH,2-lead,age_band,65-79,708,615,16,16,0.0,1.0,0.0,1.0,0.0,,0,0,0,0,,,,,0.0,0.0,1.0,1.0,0.6038656069364161,0.0376605197110924,0.0221635239687223,0.6726878612716763,0.0489082268402869,0.0222205358320787
Random lead training,rhythm,SARRH,2-lead,age_band,80+,340,274,9,9,0.0,1.0,0.0,1.0,0.0,,0,0,0,0,,,,,0.0,0.0,1.0,1.0,0.62134944612286,0.1493411598792845,0.0253590888462522,0.5404498153742867,0.1417617111768958,0.0258301207707316
Random lead training,rhythm,SARRH,2-lead,quality_flag,baseline_drift:present,236,231,10,10,0.0,1.0,0.0,1.0,0.0,,0,0,0,0,,,,,0.0,0.0,1.0,1.0,0.7292035398230089,0.1268753184542658,0.0399695509537338,0.7579646017699115,0.0909613384229343,0.0405926953174592
Random lead training,rhythm,SARRH,2-lead,quality_flag,baseline_drift:absent,1962,1727,67,67,0.0,1.0,0.0,1.0,0.0,,0,0,0,0,,,,,0.0,0.0,1.0,1.0,0.6364667428031346,0.0739081470338356,0.0326721152787527,0.618532666482889,0.0606307789429097,0.0329633044028277
Random lead training,rhythm,SARRH,2-lead,quality_flag,static_noise:present,316,292,14,14,0.0,1.0,0.0,1.0,0.0,,0,0,0,0,,,,,0.0,0.0,1.0,1.0,0.6575212866603595,0.10854587676784,0.0419857541993671,0.5577105014191107,0.0591675310570391,0.042418529032551
Random lead training,rhythm,SARRH,2-lead,quality_flag,static_noise:absent,1882,1668,63,63,0.0,1.0,0.0,1.0,0.0,,0,0,0,0,,,,,0.0,0.0,1.0,1.0,0.6448685393160379,0.0760661947875423,0.0320233825053103,0.6527483267450283,0.0651563843550783,0.0323324251641776
Random lead training,rhythm,SARRH,2-lead,quality_flag,burst_noise:present,40,40,1,1,0.0,1.0,0.0,1.0,0.0,,0,0,0,0,,,,,0.0,0.0,1.0,1.0,0.1025641025641025,0.0277777777777777,0.0250936702288636,0.2051282051282051,0.03125,0.0245102296250252
Random lead training,rhythm,SARRH,2-lead,quality_flag,burst_noise:absent,2158,1872,76,76,0.0,1.0,0.0,1.0,0.0,,0,0,0,0,,,,,0.0,0.0,1.0,1.0,0.6548485767733454,0.0776095794612943,0.0336106382728635,0.6419497952373729,0.063254526818797,0.0339543420520238
Random lead training,rhythm,SARRH,2-lead,quality_flag,electrodes_problems:absent,2195,1901,77,77,0.0,1.0,0.0,1.0,0.0,,0,0,0,0,,,,,0.0,0.0,1.0,1.0,0.6471125663760224,0.0762183312956898,0.0335003033423287,0.6360509179206063,0.06191956774056,0.033826920697908
Random lead training,rhythm,SARRH,2-lead,quality_flag,extra_beats:present,198,184,11,11,0.0,1.0,0.0,1.0,0.0,,0,0,0,0,,,,,0.0,0.0,1.0,1.0,0.6762275157997083,0.1729259156494585,0.051429572972067,0.580943121050073,0.1585354259915357,0.0528520733310763
Random lead training,rhythm,SARRH,2-lead,quality_flag,extra_beats:absent,2000,1757,66,66,0.0,1.0,0.0,1.0,0.0,,0,0,0,0,,,,,0.0,0.0,1.0,1.0,0.6307856225126133,0.0628763925776183,0.0316762243767623,0.6367553508194665,0.054903197869448,0.0318945844068576
Random lead training,rhythm,SARRH,2-lead,quality_flag,pacemaker:present,29,26,0,0,0.0,1.0,0.0,1.0,0.0,,0,0,0,0,,,,,,0.0,,1.0,,,0.0022351755549512,,,0.0012848837680318
Random lead training,rhythm,SARRH,2-lead,quality_flag,pacemaker:absent,2169,1883,77,77,0.0,1.0,0.0,1.0,0.0,,0,0,0,0,,,,,0.0,0.0,1.0,1.0,0.6485622408184549,0.0787867643406977,0.0338730678242971,0.6408333540264707,0.0639748081693902,0.034216974506222
Random lead training,rhythm,SARRH,2-lead,quality,any_flag,679,618,33,33,0.0,1.0,0.0,1.0,0.0,,0,0,0,0,,,,,0.0,0.0,1.0,1.0,0.6691059198799137,0.1183343054556432,0.0456549402477664,0.5964443193545361,0.0919989732851187,0.0464001182227586
Random lead training,rhythm,SARRH,2-lead,quality,no_flags,1519,1382,44,44,0.0,1.0,0.0,1.0,0.0,,0,0,0,0,,,,,0.0,0.0,1.0,1.0,0.6196610169491525,0.0510594443182609,0.0280025014968799,0.649537750385208,0.0551280268777763,0.0281423298617612
Random lead training,rhythm,SBRAD,2-lead,overall,all,2198,1904,64,61,0.0,1.0,0.0,1.0,0.0,,0,0,0,0,,,,,0.0,0.0,1.0,1.0,0.9304782685098408,0.3616412352464035,0.0225086713526252,0.9199859418931584,0.3469848424752916,0.0228538086244063
Random lead training,rhythm,SBRAD,2-lead,sex,0,1132,969,37,34,0.0,1.0,0.0,1.0,0.0,,0,0,0,0,,,,,0.0,0.0,1.0,1.0,0.9179563124768604,0.3462900270222203,0.0257784363347061,0.9081327903245712,0.3065945324671706,0.0265928115974665
Random lead training,rhythm,SBRAD,2-lead,sex,1,1066,935,27,27,0.0,1.0,0.0,1.0,0.0,,0,0,0,0,,,,,0.0,0.0,1.0,1.0,0.9441057997362136,0.4037080935378021,0.019036463135256,0.9326631732791502,0.4061655958741847,0.0188833101577044
Random lead training,rhythm,SBRAD,2-lead,age_band,40-64,866,755,31,30,0.0,1.0,0.0,1.0,0.0,,0,0,0,0,,,,,0.0,0.0,1.0,1.0,0.9114545103341704,0.3805132898595366,0.0275450230577683,0.9055051187946688,0.3523504267567032,0.028294235272187
Random lead training,rhythm,SBRAD,2-lead,age_band,<40,284,266,11,10,0.0,1.0,0.0,1.0,0.0,,0,0,0,0,,,,,0.0,0.0,1.0,1.0,0.9873459873459874,0.6978482302011714,0.0198880004830959,0.9713619713619712,0.6868237513923936,0.0252538242003887
Random lead training,rhythm,SBRAD,2-lead,age_band,65-79,708,615,16,16,0.0,1.0,0.0,1.0,0.0,,0,0,0,0,,,,,0.0,0.0,1.0,1.0,0.9213330924855492,0.3244044074740293,0.0188041575355929,0.9176300578034682,0.2925792969755038,0.018821444218229
Random lead training,rhythm,SBRAD,2-lead,age_band,80+,340,274,6,6,0.0,1.0,0.0,1.0,0.0,,0,0,0,0,,,,,0.0,0.0,1.0,1.0,0.9311377245508982,0.1932098765432098,0.0195839235077761,0.9101796407185628,0.3747793265782747,0.0153888089156311
Random lead training,rhythm,SBRAD,2-lead,quality_flag,baseline_drift:present,236,231,5,5,0.0,1.0,0.0,1.0,0.0,,0,0,0,0,,,,,0.0,0.0,1.0,1.0,0.9186147186147188,0.1323973128320954,0.0243999206157719,0.9307359307359307,0.1852092352092352,0.0197211933021851
Random lead training,rhythm,SBRAD,2-lead,quality_flag,baseline_drift:absent,1962,1727,59,56,0.0,1.0,0.0,1.0,0.0,,0,0,0,0,,,,,0.0,0.0,1.0,1.0,0.9324171468778112,0.3935780211310329,0.0222811816349378,0.9192443688377852,0.3632284414785656,0.0232306165836541
Random lead training,rhythm,SBRAD,2-lead,quality_flag,static_noise:present,316,292,8,8,0.0,1.0,0.0,1.0,0.0,,0,0,0,0,,,,,0.0,0.0,1.0,1.0,0.9200487012987012,0.5714190323565324,0.0173823215395541,0.8944805194805195,0.4218323241397357,0.0194659275039653
Random lead training,rhythm,SBRAD,2-lead,quality_flag,static_noise:absent,1882,1668,56,53,0.0,1.0,0.0,1.0,0.0,,0,0,0,0,,,,,0.0,0.0,1.0,1.0,0.9325809732436238,0.3560611444830813,0.0233694187176254,0.9240924737912688,0.3446952718796831,0.0234226558263507
Random lead training,rhythm,SBRAD,2-lead,quality_flag,burst_noise:present,40,40,3,3,0.0,1.0,0.0,1.0,0.0,,0,0,0,0,,,,,0.0,0.0,1.0,1.0,1.0,1.0,0.0266606753251381,0.963963963963964,0.7,0.0558206291496942
Random lead training,rhythm,SBRAD,2-lead,quality_flag,burst_noise:absent,2158,1872,61,58,0.0,1.0,0.0,1.0,0.0,,0,0,0,0,,,,,0.0,0.0,1.0,1.0,0.9271011671630822,0.3426363066450034,0.0224317111307065,0.9179077057779654,0.3441109711950091,0.0222427461494241
Random lead training,rhythm,SBRAD,2-lead,quality_flag,electrodes_problems:absent,2195,1901,64,61,0.0,1.0,0.0,1.0,0.0,,0,0,0,0,,,,,0.0,0.0,1.0,1.0,0.930380396527452,0.3616412352464035,0.0225394348518002,0.9199172923510088,0.3469937621284049,0.0228849537898836
Random lead training,rhythm,SBRAD,2-lead,quality_flag,extra_beats:present,198,184,4,4,0.0,1.0,0.0,1.0,0.0,,0,0,0,0,,,,,0.0,0.0,1.0,1.0,0.9536082474226804,0.4097222222222222,0.0164720469184114,0.9329896907216494,0.4376623376623376,0.0164067456071815
Random lead training,rhythm,SBRAD,2-lead,quality_flag,extra_beats:absent,2000,1757,60,57,0.0,1.0,0.0,1.0,0.0,,0,0,0,0,,,,,0.0,0.0,1.0,1.0,0.928393470790378,0.3645754363130536,0.0231062971716124,0.9204123711340206,0.3534215379361589,0.0234920678631116
Random lead training,rhythm,SBRAD,2-lead,quality_flag,pacemaker:present,29,26,1,1,0.0,1.0,0.0,1.0,0.0,,0,0,0,0,,,,,0.0,0.0,1.0,1.0,1.0,1.0,0.0216585170142885,1.0,1.0,0.0180784592904409
Random lead training,rhythm,SBRAD,2-lead,quality_flag,pacemaker:absent,2169,1883,63,60,0.0,1.0,0.0,1.0,0.0,,0,0,0,0,,,,,0.0,0.0,1.0,1.0,0.9290462623795958,0.3588898659936577,0.0225200381003485,0.9187054372239556,0.3400524753309836,0.0229176560797705
Random lead training,rhythm,SBRAD,2-lead,quality,any_flag,679,618,19,19,0.0,1.0,0.0,1.0,0.0,,0,0,0,0,,,,,0.0,0.0,1.0,1.0,0.9358851674641148,0.3816395315006712,0.0217771687373233,0.9165869218500796,0.3956800745364788,0.0219184207946328
Random lead training,rhythm,SBRAD,2-lead,quality,no_flags,1519,1382,45,42,0.0,1.0,0.0,1.0,0.0,,0,0,0,0,,,,,0.0,0.0,1.0,1.0,0.929142167948138,0.3699925982949203,0.0228356563926449,0.9209859791949344,0.3492449347873556,0.023271931294858
Random lead training,rhythm,SR,2-lead,overall,all,2198,1904,1674,1506,0.0,1.0,0.0,1.0,0.0,,0,0,0,0,,,,,0.0,0.0,1.0,1.0,0.8351927093308527,0.9167086619047684,0.1172785150835075,0.8191354984632502,0.916337780213099,0.1254051268513759
Random lead training,rhythm,SR,2-lead,sex,0,1132,969,878,778,0.0,1.0,0.0,1.0,0.0,,0,0,0,0,,,,,0.0,0.0,1.0,1.0,0.8315382131903215,0.9231934704911714,0.1145651240005812,0.8169874266855595,0.919823043172118,0.1212198832010951
Random lead training,rhythm,SR,2-lead,sex,1,1066,935,796,728,0.0,1.0,0.0,1.0,0.0,,0,0,0,0,,,,,0.0,0.0,1.0,1.0,0.8390098641354923,0.9104363904672268,0.1201599022372342,0.8222361809045226,0.9137622160030764,0.1298494944049573
Random lead training,rhythm,SR,2-lead,age_band,40-64,866,755,716,633,0.0,1.0,0.0,1.0,0.0,,0,0,0,0,,,,,0.0,0.0,1.0,1.0,0.8196461824953445,0.9380417857250972,0.0961151133793141,0.7923556797020486,0.9293652555205756,0.1066441106442677
Random lead training,rhythm,SR,2-lead,age_band,<40,284,266,229,219,0.0,1.0,0.0,1.0,0.0,,0,0,0,0,,,,,0.0,0.0,1.0,1.0,0.7329098848749505,0.8981524703189732,0.1321613052482604,0.7483128225486304,0.9259330757392954,0.1381529371550851
Random lead training,rhythm,SR,2-lead,age_band,65-79,708,615,541,495,0.0,1.0,0.0,1.0,0.0,,0,0,0,0,,,,,0.0,0.0,1.0,1.0,0.8475433605985809,0.9186033827745688,0.1104925584967363,0.836906593467409,0.9215289894015584,0.1166787350503682
Random lead training,rhythm,SR,2-lead,age_band,80+,340,274,188,163,0.0,1.0,0.0,1.0,0.0,,0,0,0,0,,,,,0.0,0.0,1.0,1.0,0.8220534714445689,0.8273767096226796,0.1728821937084361,0.8035764277715567,0.8145731246547884,0.1807137953931867
Random lead training,rhythm,SR,2-lead,quality_flag,baseline_drift:present,236,231,179,176,0.0,1.0,0.0,1.0,0.0,,0,0,0,0,,,,,0.0,0.0,1.0,1.0,0.8283838086837205,0.904926781039692,0.1122863059793816,0.8326962658041753,0.9209813084785878,0.1176854677640862
Random lead training,rhythm,SR,2-lead,quality_flag,baseline_drift:absent,1962,1727,1495,1367,0.0,1.0,0.0,1.0,0.0,,0,0,0,0,,,,,0.0,0.0,1.0,1.0,0.836121833663962,0.9181162599399716,0.11787900506749,0.8175073227675407,0.915848663440379,0.1263336893103975
Random lead training,rhythm,SR,2-lead,quality_flag,static_noise:present,316,292,231,218,0.0,1.0,0.0,1.0,0.0,,0,0,0,0,,,,,0.0,0.0,1.0,1.0,0.8316271963330788,0.9164627338248076,0.1384020323285288,0.8016297428062134,0.8987117628525445,0.1449362012595426
Random lead training,rhythm,SR,2-lead,quality_flag,static_noise:absent,1882,1668,1443,1315,0.0,1.0,0.0,1.0,0.0,,0,0,0,0,,,,,0.0,0.0,1.0,1.0,0.8347232811925295,0.9169654908196376,0.1137317396055975,0.8223581913786925,0.9196252831269496,0.1221257328487294
Random lead training,rhythm,SR,2-lead,quality_flag,burst_noise:present,40,40,28,28,0.0,1.0,0.0,1.0,0.0,,0,0,0,0,,,,,0.0,0.0,1.0,1.0,0.8541666666666667,0.8892650675352003,0.1414917482914559,0.7321428571428572,0.8651163060445572,0.1862818843745271
Random lead training,rhythm,SR,2-lead,quality_flag,burst_noise:absent,2158,1872,1646,1483,0.0,1.0,0.0,1.0,0.0,,0,0,0,0,,,,,0.0,0.0,1.0,1.0,0.83505823777339,0.9172589444623528,0.1168297063122758,0.820498794425881,0.9171610899596012,0.124276734682272
Random lead training,rhythm,SR,2-lead,quality_flag,electrodes_problems:absent,2195,1901,1673,1505,0.0,1.0,0.0,1.0,0.0,,0,0,0,0,,,,,0.0,0.0,1.0,1.0,0.834845976095435,0.9167579729411186,0.1172301267102087,0.8187141734970331,0.916385792141279,0.1254000581123441
Random lead training,rhythm,SR,2-lead,quality_flag,extra_beats:present,198,184,111,109,0.0,1.0,0.0,1.0,0.0,,0,0,0,0,,,,,0.0,0.0,1.0,1.0,0.7795381588485037,0.8273117138592421,0.1966174229245341,0.7798488143315729,0.8114498846733232,0.1895448666108944
Random lead training,rhythm,SR,2-lead,quality_flag,extra_beats:absent,2000,1757,1563,1414,0.0,1.0,0.0,1.0,0.0,,0,0,0,0,,,,,0.0,0.0,1.0,1.0,0.8298876624926248,0.9195637001149654,0.1094239632072459,0.8126000137621864,0.920049833411986,0.1190552926151835
Random lead training,rhythm,SR,2-lead,quality_flag,pacemaker:present,29,26,1,1,0.0,1.0,0.0,1.0,0.0,,0,0,0,0,,,,,0.0,0.0,1.0,1.0,0.8571428571428572,0.2,0.2152596943582172,1.0,1.0,0.093231411399811
Random lead training,rhythm,SR,2-lead,quality_flag,pacemaker:absent,2169,1883,1673,1506,0.0,1.0,0.0,1.0,0.0,,0,0,0,0,,,,,0.0,0.0,1.0,1.0,0.8294521142240132,0.917564322741314,0.1159684854850905,0.8100536509650424,0.9165276846850032,0.1258352963986767
Random lead training,rhythm,SR,2-lead,quality,any_flag,679,618,465,439,0.0,1.0,0.0,1.0,0.0,,0,0,0,0,,,,,0.0,0.0,1.0,1.0,0.8259973871972668,0.888693361177787,0.1486181923126257,0.8192643955381369,0.8871259632841919,0.1490015809127475
Random lead training,rhythm,SR,2-lead,quality,no_flags,1519,1382,1209,1123,0.0,1.0,0.0,1.0,0.0,,0,0,0,0,,,,,0.0,0.0,1.0,1.0,0.8298513834413939,0.9245237679113592,0.103269534939616,0.8114037194162065,0.9259403653772044,0.1148574031465231
Random lead training,rhythm,STACH,2-lead,overall,all,2198,1904,82,79,0.0,1.0,0.0,1.0,0.0,,0,0,0,0,,,,,0.0,0.0,1.0,1.0,0.9820358246115544,0.6694177556120222,0.0199703686431242,0.9685209092166536,0.5373873136642086,0.02375543672507
Random lead training,rhythm,STACH,2-lead,sex,0,1132,969,33,31,0.0,1.0,0.0,1.0,0.0,,0,0,0,0,,,,,0.0,0.0,1.0,1.0,0.9819670775084788,0.631251816622296,0.0168232770780005,0.9712410731519012,0.5424295975966268,0.0193848147630671
Random lead training,rhythm,STACH,2-lead,sex,1,1066,935,49,48,0.0,1.0,0.0,1.0,0.0,,0,0,0,0,,,,,0.0,0.0,1.0,1.0,0.9811771316196096,0.6917960199874801,0.023312308278884,0.9649429093171192,0.5510753808929397,0.0283966600468216
Random lead training,rhythm,STACH,2-lead,age_band,40-64,866,755,27,27,0.0,1.0,0.0,1.0,0.0,,0,0,0,0,,,,,0.0,0.0,1.0,1.0,0.9933783604820554,0.7896486495343629,0.0114913914571702,0.9793404847040128,0.6749978971869166,0.015121952590247
Random lead training,rhythm,STACH,2-lead,age_band,<40,284,266,7,7,0.0,1.0,0.0,1.0,0.0,,0,0,0,0,,,,,0.0,0.0,1.0,1.0,0.9963898916967509,0.9047619047619048,0.0072710168578345,0.9922640536358948,0.8843537414965985,0.0077269590180202
Random lead training,rhythm,STACH,2-lead,age_band,65-79,708,615,23,21,0.0,1.0,0.0,1.0,0.0,,0,0,0,0,,,,,0.0,0.0,1.0,1.0,0.9727705490320532,0.5925943087565252,0.0234441486119177,0.9689622342113616,0.4645711858451741,0.0267760358683421
Random lead training,rhythm,STACH,2-lead,age_band,80+,340,274,25,24,0.0,1.0,0.0,1.0,0.0,,0,0,0,0,,,,,0.0,0.0,1.0,1.0,0.9507301587301588,0.5669663076878099,0.0449408802082788,0.9278730158730158,0.5242006433373263,0.0528439683018999
Random lead training,rhythm,STACH,2-lead,quality_flag,baseline_drift:present,236,231,10,10,0.0,1.0,0.0,1.0,0.0,,0,0,0,0,,,,,0.0,0.0,1.0,1.0,0.9663716814159292,0.6525059542300921,0.025741045131681,0.965929203539823,0.531345567817595,0.0305119000369455
Random lead training,rhythm,STACH,2-lead,quality_flag,baseline_drift:absent,1962,1727,72,70,0.0,1.0,0.0,1.0,0.0,,0,0,0,0,,,,,0.0,0.0,1.0,1.0,0.9833774250440916,0.6705206218056273,0.0192762403804843,0.9688639035861258,0.5587340796229102,0.0229427326773622
Random lead training,rhythm,STACH,2-lead,quality_flag,static_noise:present,316,292,12,12,0.0,1.0,0.0,1.0,0.0,,0,0,0,0,,,,,0.0,0.0,1.0,1.0,0.9761513157894736,0.6532410656299166,0.0239729314012207,0.9736842105263156,0.484590583028083,0.0247942710530055
Random lead training,rhythm,STACH,2-lead,quality_flag,static_noise:absent,1882,1668,70,67,0.0,1.0,0.0,1.0,0.0,,0,0,0,0,,,,,0.0,0.0,1.0,1.0,0.9832623777988015,0.6834720390181068,0.0192983124095649,0.9678965625985494,0.57644926909451,0.023581009707202
Random lead training,rhythm,STACH,2-lead,quality_flag,burst_noise:present,40,40,1,1,0.0,1.0,0.0,1.0,0.0,,0,0,0,0,,,,,0.0,0.0,1.0,1.0,0.9743589743589745,0.5,0.0221081374661707,0.8974358974358975,0.2,0.0266693208560135
Random lead training,rhythm,STACH,2-lead,quality_flag,burst_noise:absent,2158,1872,81,78,0.0,1.0,0.0,1.0,0.0,,0,0,0,0,,,,,0.0,0.0,1.0,1.0,0.9821620689860138,0.6741400970015806,0.0199307436417702,0.9690258385491896,0.541956988597713,0.023701425897805
Random lead training,rhythm,STACH,2-lead,quality_flag,electrodes_problems:absent,2195,1901,82,79,0.0,1.0,0.0,1.0,0.0,,0,0,0,0,,,,,0.0,0.0,1.0,1.0,0.9821488347396488,0.6703014474650064,0.0199481965518829,0.968643588470906,0.5380940176863882,0.0237659566200593
Random lead training,rhythm,STACH,2-lead,quality_flag,extra_beats:present,198,184,10,10,0.0,1.0,0.0,1.0,0.0,,0,0,0,0,,,,,0.0,0.0,1.0,1.0,0.9191489361702128,0.3520965389386442,0.047994083676479,0.9202127659574468,0.2692621774974716,0.0467581652018045
Random lead training,rhythm,STACH,2-lead,quality_flag,extra_beats:absent,2000,1757,72,70,0.0,1.0,0.0,1.0,0.0,,0,0,0,0,,,,,0.0,0.0,1.0,1.0,0.9864352812355924,0.7168100222923989,0.017196020854822,0.971703550023052,0.5703563560971113,0.0214781666058733
Random lead training,rhythm,STACH,2-lead,quality_flag,pacemaker:present,29,26,0,0,0.0,1.0,0.0,1.0,0.0,,0,0,0,0,,,,,,0.0,,1.0,,,0.0054728296183123,,,0.0009777403090605
Random lead training,rhythm,STACH,2-lead,quality_flag,pacemaker:absent,2169,1883,82,79,0.0,1.0,0.0,1.0,0.0,,0,0,0,0,,,,,0.0,0.0,1.0,1.0,0.9820024074701696,0.6705770754858907,0.0201642038813536,0.9684516227050148,0.5380812718564507,0.0240599794618447
Random lead training,rhythm,STACH,2-lead,quality,any_flag,679,618,25,25,0.0,1.0,0.0,1.0,0.0,,0,0,0,0,,,,,0.0,0.0,1.0,1.0,0.967645259938838,0.5813740686887545,0.026321511802691,0.967645259938838,0.4510441899546157,0.0267966405005563
Random lead training,rhythm,STACH,2-lead,quality,no_flags,1519,1382,57,56,0.0,1.0,0.0,1.0,0.0,,0,0,0,0,,,,,0.0,0.0,1.0,1.0,0.9873881008951928,0.7272846530745081,0.017131378382857,0.9696642426860584,0.5991231926293192,0.0223960046226636
Random lead training,rhythm,AFIB-or-AFLT,2-lead,overall,all,2198,1904,157,134,0.0,1.0,0.0,1.0,0.0,,0,0,0,0,,,,,0.0,0.0,1.0,1.0,0.9483174539769128,0.6799412983306361,0.0359532420474141,0.9133839100977728,0.4962361998579799,0.0485872170345295
Random lead training,rhythm,AFIB-or-AFLT,2-lead,sex,0,1132,969,85,69,0.0,1.0,0.0,1.0,0.0,,0,0,0,0,,,,,0.0,0.0,1.0,1.0,0.9516264958705546,0.7118221382616516,0.0373664939753133,0.9215124445193552,0.5282364402479305,0.049655191897177
Random lead training,rhythm,AFIB-or-AFLT,2-lead,sex,1,1066,935,72,65,0.0,1.0,0.0,1.0,0.0,,0,0,0,0,,,,,0.0,0.0,1.0,1.0,0.9456321260898726,0.6527613907891259,0.0344524904691947,0.9067320590207912,0.4691851114969755,0.0474531199008364
Random lead training,rhythm,AFIB-or-AFLT,2-lead,age_band,40-64,866,755,29,26,0.0,1.0,0.0,1.0,0.0,,0,0,0,0,,,,,0.0,0.0,1.0,1.0,0.948996827750999,0.772203238159102,0.014924327658661,0.9418695670086104,0.6076478459130721,0.0199328283516332
Random lead training,rhythm,AFIB-or-AFLT,2-lead,age_band,<40,284,266,1,1,0.0,1.0,0.0,1.0,0.0,,0,0,0,0,,,,,0.0,0.0,1.0,1.0,0.8763250883392226,0.0277777777777777,0.0060034397256512,0.7314487632508834,0.0129870129870129,0.0094855581595089
Random lead training,rhythm,AFIB-or-AFLT,2-lead,age_band,65-79,708,615,56,49,0.0,1.0,0.0,1.0,0.0,,0,0,0,0,,,,,0.0,0.0,1.0,1.0,0.949140008764242,0.680303601717497,0.0367109549552169,0.8980882997370727,0.5012337212806547,0.0541507405580621
Random lead training,rhythm,AFIB-or-AFLT,2-lead,age_band,80+,340,274,71,58,0.0,1.0,0.0,1.0,0.0,,0,0,0,0,,,,,0.0,0.0,1.0,1.0,0.8595214409131369,0.6722092886259092,0.1129541919924626,0.7864809675899261,0.4968092392997504,0.142647796638156
Random lead training,rhythm,AFIB-or-AFLT,2-lead,quality_flag,baseline_drift:present,236,231,14,14,0.0,1.0,0.0,1.0,0.0,,0,0,0,0,,,,,0.0,0.0,1.0,1.0,0.9436936936936936,0.6117994797959797,0.0341878216085962,0.8886743886743887,0.4389339059876225,0.0496669247814159
Random lead training,rhythm,AFIB-or-AFLT,2-lead,quality_flag,baseline_drift:absent,1962,1727,143,124,0.0,1.0,0.0,1.0,0.0,,0,0,0,0,,,,,0.0,0.0,1.0,1.0,0.9489768065908804,0.6914183259918075,0.0361655963917368,0.9165952244566868,0.5114262304821022,0.0484573439314382
Random lead training,rhythm,AFIB-or-AFLT,2-lead,quality_flag,static_noise:present,316,292,28,26,0.0,1.0,0.0,1.0,0.0,,0,0,0,0,,,,,0.0,0.0,1.0,1.0,0.8980654761904762,0.6057543455958045,0.0517226262066874,0.8520585317460319,0.4822147418319311,0.0661048511555933
Random lead training,rhythm,AFIB-or-AFLT,2-lead,quality_flag,static_noise:absent,1882,1668,129,114,0.0,1.0,0.0,1.0,0.0,,0,0,0,0,,,,,0.0,0.0,1.0,1.0,0.958750668842339,0.7026962209907931,0.033305460222584,0.9273670385651176,0.5127175956693647,0.0456458927081447
Random lead training,rhythm,AFIB-or-AFLT,2-lead,quality_flag,burst_noise:present,40,40,4,4,0.0,1.0,0.0,1.0,0.0,,0,0,0,0,,,,,0.0,0.0,1.0,1.0,1.0,1.0,0.0193096817042943,0.9722222222222222,0.875,0.0470487219102728
Random lead training,rhythm,AFIB-or-AFLT,2-lead,quality_flag,burst_noise:absent,2158,1872,153,131,0.0,1.0,0.0,1.0,0.0,,0,0,0,0,,,,,0.0,0.0,1.0,1.0,0.9472267044806284,0.6695766890631154,0.0362617417757389,0.9121346959398888,0.4929685949778214,0.0486157340896594
Random lead training,rhythm,AFIB-or-AFLT,2-lead,quality_flag,electrodes_problems:absent,2195,1901,157,134,0.0,1.0,0.0,1.0,0.0,,0,0,0,0,,,,,0.0,0.0,1.0,1.0,0.9488351887388036,0.6867447569881872,0.0356536920762241,0.9140846214910336,0.5039513989293313,0.0482681474854265
Random lead training,rhythm,AFIB-or-AFLT,2-lead,quality_flag,extra_beats:present,198,184,35,32,0.0,1.0,0.0,1.0,0.0,,0,0,0,0,,,,,0.0,0.0,1.0,1.0,0.902191060473269,0.6423699721402367,0.0921422238669775,0.8466257668711656,0.6293903016837623,0.1096009432546434
Random lead training,rhythm,AFIB-or-AFLT,2-lead,quality_flag,extra_beats:absent,2000,1757,122,107,0.0,1.0,0.0,1.0,0.0,,0,0,0,0,,,,,0.0,0.0,1.0,1.0,0.9492833324604132,0.7005790071447715,0.0303905328472774,0.9157282773791442,0.4723450073280132,0.0425468581387383
Random lead training,rhythm,AFIB-or-AFLT,2-lead,quality_flag,pacemaker:present,29,26,0,0,0.0,1.0,0.0,1.0,0.0,,0,0,0,0,,,,,,0.0,,1.0,,,0.04732899031029,,,0.0954866219772047
Random lead training,rhythm,AFIB-or-AFLT,2-lead,quality_flag,pacemaker:absent,2169,1883,157,134,0.0,1.0,0.0,1.0,0.0,,0,0,0,0,,,,,0.0,0.0,1.0,1.0,0.9502602221068494,0.6906019909357982,0.0358011458281318,0.9182927910245534,0.5141661105316672,0.0479601618278271
Random lead training,rhythm,AFIB-or-AFLT,2-lead,quality,any_flag,679,618,66,60,0.0,1.0,0.0,1.0,0.0,,0,0,0,0,,,,,0.0,0.0,1.0,1.0,0.9202629887784864,0.6354615893371721,0.0512420088106527,0.871348064659647,0.519271834161167,0.0665269071272895
Random lead training,rhythm,AFIB-or-AFLT,2-lead,quality,no_flags,1519,1382,91,84,0.0,1.0,0.0,1.0,0.0,,0,0,0,0,,,,,0.0,0.0,1.0,1.0,0.9638701634499952,0.7259218127947098,0.0291190928491001,0.93563579277865,0.5074977290328915,0.0405680928916829
Twelve-lead model masked to I+II,superclass,NORM,2-lead,overall,all,2198,1904,963,882,0.0,1.0,0.0,1.0,0.0,,0,0,0,0,,,,,0.0,0.0,1.0,1.0,0.7069927394570779,0.5817657864560961,0.2181880500422305,0.923176981514414,0.8861760785557906,0.1122967455429008
Twelve-lead model masked to I+II,superclass,NORM,2-lead,sex,0,1132,969,516,465,0.0,1.0,0.0,1.0,0.0,,0,0,0,0,,,,,0.0,0.0,1.0,1.0,0.7143045907580791,0.6039689208475296,0.2182613694620203,0.9295655894493104,0.8986649261353657,0.1058672147027537
Twelve-lead model masked to I+II,superclass,NORM,2-lead,sex,1,1066,935,447,417,0.0,1.0,0.0,1.0,0.0,,0,0,0,0,,,,,0.0,0.0,1.0,1.0,0.6991539359506744,0.5602510181673327,0.2181101911461685,0.915975467395272,0.8727659980787889,0.1191243524012934
Twelve-lead model masked to I+II,superclass,NORM,2-lead,age_band,40-64,866,755,488,440,0.0,1.0,0.0,1.0,0.0,,0,0,0,0,,,,,0.0,0.0,1.0,1.0,0.6514983953508544,0.6570221115949013,0.2419404450005571,0.8917349726775956,0.9059570613045632,0.1343452656174828
Twelve-lead model masked to I+II,superclass,NORM,2-lead,age_band,<40,284,266,236,224,0.0,1.0,0.0,1.0,0.0,,0,0,0,0,,,,,0.0,0.0,1.0,1.0,0.622263418079096,0.8706862333153189,0.2417473648342012,0.796433615819209,0.9468567167274224,0.13083913131406
Twelve-lead model masked to I+II,superclass,NORM,2-lead,age_band,65-79,708,615,218,201,0.0,1.0,0.0,1.0,0.0,,0,0,0,0,,,,,0.0,0.0,1.0,1.0,0.7067777569743494,0.444377379481257,0.2053484444675979,0.9333270923048118,0.8142630686641743,0.0977887577316869
Twelve-lead model masked to I+II,superclass,NORM,2-lead,age_band,80+,340,274,21,19,0.0,1.0,0.0,1.0,0.0,,0,0,0,0,,,,,0.0,0.0,1.0,1.0,0.7456336766681595,0.131187506201325,0.1647469362540226,0.883266159128228,0.3221301233716741,0.0708602732686134
Twelve-lead model masked to I+II,superclass,NORM,2-lead,quality_flag,baseline_drift:present,236,231,115,113,0.0,1.0,0.0,1.0,0.0,,0,0,0,0,,,,,0.0,0.0,1.0,1.0,0.7028386633129716,0.6351636278980078,0.2208615473277776,0.9119655048508803,0.9069241033604954,0.1240485171853906
Twelve-lead model masked to I+II,superclass,NORM,2-lead,quality_flag,baseline_drift:absent,1962,1727,848,789,0.0,1.0,0.0,1.0,0.0,,0,0,0,0,,,,,0.0,0.0,1.0,1.0,0.7065087141357,0.5756486052746006,0.2178664672902482,0.9244880762846788,0.8839153141161532,0.1108831787194413
Twelve-lead model masked to I+II,superclass,NORM,2-lead,quality_flag,static_noise:present,316,292,125,114,0.0,1.0,0.0,1.0,0.0,,0,0,0,0,,,,,0.0,0.0,1.0,1.0,0.6767748691099476,0.5140990287054469,0.2236734788076992,0.9000209424083769,0.8322830727048126,0.133804489742087
Twelve-lead model masked to I+II,superclass,NORM,2-lead,quality_flag,static_noise:absent,1882,1668,838,784,0.0,1.0,0.0,1.0,0.0,,0,0,0,0,,,,,0.0,0.0,1.0,1.0,0.7128208469353232,0.5954755477040036,0.2172670109934057,0.9278671622820251,0.8962769278305661,0.1086854558686485
Twelve-lead model masked to I+II,superclass,NORM,2-lead,quality_flag,burst_noise:present,40,40,17,17,0.0,1.0,0.0,1.0,0.0,,0,0,0,0,,,,,0.0,0.0,1.0,1.0,0.8132992327365729,0.679640374224397,0.1949997896538242,0.946291560102302,0.9261818343133222,0.1056330765335237
Twelve-lead model masked to I+II,superclass,NORM,2-lead,quality_flag,burst_noise:absent,2158,1872,946,868,0.0,1.0,0.0,1.0,0.0,,0,0,0,0,,,,,0.0,0.0,1.0,1.0,0.7049658454217514,0.5813657843507238,0.2186178602440545,0.9228198982688968,0.8857129469250409,0.1124202611871896
Twelve-lead model masked to I+II,superclass,NORM,2-lead,quality_flag,electrodes_problems:absent,2195,1901,963,882,0.0,1.0,0.0,1.0,0.0,,0,0,0,0,,,,,0.0,0.0,1.0,1.0,0.7064132648244797,0.5818196964291357,0.2183959387748249,0.9229924410999176,0.8861772442448176,0.1124486469996104
Twelve-lead model masked to I+II,superclass,NORM,2-lead,quality_flag,extra_beats:present,198,184,45,43,0.0,1.0,0.0,1.0,0.0,,0,0,0,0,,,,,0.0,0.0,1.0,1.0,0.7445170660856935,0.3932961079509341,0.1795450558773252,0.9374001452432824,0.7872161805267454,0.08474724793933
Twelve-lead model masked to I+II,superclass,NORM,2-lead,quality_flag,extra_beats:absent,2000,1757,918,848,0.0,1.0,0.0,1.0,0.0,,0,0,0,0,,,,,0.0,0.0,1.0,1.0,0.6989668531203814,0.5941079229354536,0.2220137064645561,0.919809801102614,0.8896577464737372,0.1150241458056543
Twelve-lead model masked to I+II,superclass,NORM,2-lead,quality_flag,pacemaker:present,29,26,2,2,0.0,1.0,0.0,1.0,0.0,,0,0,0,0,,,,,0.0,0.0,1.0,1.0,0.8333333333333334,0.2428571428571428,0.1243863168117103,0.962962962962963,0.75,0.0302138479313084
Twelve-lead model masked to I+II,superclass,NORM,2-lead,quality_flag,pacemaker:absent,2169,1883,961,881,0.0,1.0,0.0,1.0,0.0,,0,0,0,0,,,,,0.0,0.0,1.0,1.0,0.7038318942051257,0.5842656633629235,0.2194421995413937,0.9217753995217456,0.886260642688826,0.1133942116704878
Twelve-lead model masked to I+II,superclass,NORM,2-lead,quality,any_flag,679,618,259,240,0.0,1.0,0.0,1.0,0.0,,0,0,0,0,,,,,0.0,0.0,1.0,1.0,0.7399338113623828,0.5644218448096342,0.2045376517975075,0.9200680272108844,0.8562205689497717,0.1143504336773082
Twelve-lead model masked to I+II,superclass,NORM,2-lead,quality,no_flags,1519,1382,704,673,0.0,1.0,0.0,1.0,0.0,,0,0,0,0,,,,,0.0,0.0,1.0,1.0,0.6923696319018405,0.5910876035260986,0.2242898409626827,0.92408149749024,0.8968993103597085,0.1113787374828201
Twelve-lead model masked to I+II,superclass,MI,2-lead,overall,all,2198,1904,550,476,0.0,1.0,0.0,1.0,0.0,,0,0,0,0,,,,,0.0,0.0,1.0,1.0,0.6072605913503972,0.4116616720315968,0.1807566235793978,0.8837047661076789,0.7473407620919253,0.1120696061830364
Twelve-lead model masked to I+II,superclass,MI,2-lead,sex,0,1132,969,297,250,0.0,1.0,0.0,1.0,0.0,,0,0,0,0,,,,,0.0,0.0,1.0,1.0,0.6385975523700075,0.4687456134895712,0.182729638380172,0.8987681203250065,0.784174825432963,0.107261587004337
Twelve-lead model masked to I+II,superclass,MI,2-lead,sex,1,1066,935,253,226,0.0,1.0,0.0,1.0,0.0,,0,0,0,0,,,,,0.0,0.0,1.0,1.0,0.5693401202786731,0.3418727361576056,0.1786614521399264,0.8663273193996762,0.7060615126630594,0.1171753075998165
Twelve-lead model masked to I+II,superclass,MI,2-lead,age_band,40-64,866,755,164,142,0.0,1.0,0.0,1.0,0.0,,0,0,0,0,,,,,0.0,0.0,1.0,1.0,0.6448561601000624,0.4115768120093898,0.1453912758774664,0.8661055520811618,0.671449747664431,0.1013516672577206
Twelve-lead model masked to I+II,superclass,MI,2-lead,age_band,<40,284,266,7,7,0.0,1.0,0.0,1.0,0.0,,0,0,0,0,,,,,0.0,0.0,1.0,1.0,0.6828261990716864,0.2069810414048002,0.056582895041025,0.9195461578133058,0.2124655189397732,0.0247955163884857
Twelve-lead model masked to I+II,superclass,MI,2-lead,age_band,65-79,708,615,228,201,0.0,1.0,0.0,1.0,0.0,,0,0,0,0,,,,,0.0,0.0,1.0,1.0,0.5619791666666667,0.4260415023939666,0.2239088220181826,0.8650402046783625,0.7687054941513075,0.1356449552307738
Twelve-lead model masked to I+II,superclass,MI,2-lead,age_band,80+,340,274,151,126,0.0,1.0,0.0,1.0,0.0,,0,0,0,0,,,,,0.0,0.0,1.0,1.0,0.5971127229405375,0.578523936727633,0.2846977221679588,0.8362591541399489,0.8125499563777933,0.1631761634923826
Twelve-lead model masked to I+II,superclass,MI,2-lead,quality_flag,baseline_drift:present,236,231,59,57,0.0,1.0,0.0,1.0,0.0,,0,0,0,0,,,,,0.0,0.0,1.0,1.0,0.6643684764914296,0.4636308927639266,0.1765664259597902,0.865364358900699,0.7214847942057484,0.1234283145273525
Twelve-lead model masked to I+II,superclass,MI,2-lead,quality_flag,baseline_drift:absent,1962,1727,491,433,0.0,1.0,0.0,1.0,0.0,,0,0,0,0,,,,,0.0,0.0,1.0,1.0,0.6006775943876245,0.408041966156624,0.1812606432726839,0.8860093511902207,0.7508354946920088,0.1107033191446782
Twelve-lead model masked to I+II,superclass,MI,2-lead,quality_flag,static_noise:present,316,292,88,85,0.0,1.0,0.0,1.0,0.0,,0,0,0,0,,,,,0.0,0.0,1.0,1.0,0.5893141945773525,0.3941931689753328,0.1983147609242967,0.8407097288676237,0.6936753110098309,0.1410374722871158
Twelve-lead model masked to I+II,superclass,MI,2-lead,quality_flag,static_noise:absent,1882,1668,462,407,0.0,1.0,0.0,1.0,0.0,,0,0,0,0,,,,,0.0,0.0,1.0,1.0,0.6094811291994391,0.4154220767182568,0.1778084984991703,0.8915310042070606,0.7579740788063721,0.1072057136809699
Twelve-lead model masked to I+II,superclass,MI,2-lead,quality_flag,burst_noise:present,40,40,10,10,0.0,1.0,0.0,1.0,0.0,,0,0,0,0,,,,,0.0,0.0,1.0,1.0,0.62,0.4956253040463567,0.1836428443620973,0.8266666666666667,0.5376690466396349,0.1635300867654778
Twelve-lead model masked to I+II,superclass,MI,2-lead,quality_flag,burst_noise:absent,2158,1872,540,467,0.0,1.0,0.0,1.0,0.0,,0,0,0,0,,,,,0.0,0.0,1.0,1.0,0.6070548917273269,0.4113914849314296,0.1807031255111364,0.8847079155793619,0.7546870371588585,0.1111157511212673
Twelve-lead model masked to I+II,superclass,MI,2-lead,quality_flag,electrodes_problems:absent,2195,1901,550,476,0.0,1.0,0.0,1.0,0.0,,0,0,0,0,,,,,0.0,0.0,1.0,1.0,0.6069389334070185,0.4117535734184988,0.1809622660198053,0.8837015750207239,0.7474616309237689,0.1121972935051671
Twelve-lead model masked to I+II,superclass,MI,2-lead,quality_flag,extra_beats:present,198,184,72,67,0.0,1.0,0.0,1.0,0.0,,0,0,0,0,,,,,0.0,0.0,1.0,1.0,0.5303130511463845,0.4740507999166042,0.2428366354121321,0.8529541446208113,0.7738138761158401,0.1489762279274553
Twelve-lead model masked to I+II,superclass,MI,2-lead,quality_flag,extra_beats:absent,2000,1757,478,419,0.0,1.0,0.0,1.0,0.0,,0,0,0,0,,,,,0.0,0.0,1.0,1.0,0.6131865141110299,0.4041475237234979,0.1746107024079571,0.8851681612500618,0.7431738897126529,0.1084158506303389
Twelve-lead model masked to I+II,superclass,MI,2-lead,quality_flag,pacemaker:present,29,26,0,0,0.0,1.0,0.0,1.0,0.0,,0,0,0,0,,,,,,0.0,,1.0,,,0.0514118932899974,,,0.1431541449290312
Twelve-lead model masked to I+II,superclass,MI,2-lead,quality_flag,pacemaker:absent,2169,1883,550,476,0.0,1.0,0.0,1.0,0.0,,0,0,0,0,,,,,0.0,0.0,1.0,1.0,0.6072839575495536,0.4152626231121223,0.1824859906510403,0.8862058509742265,0.7564498819283041,0.1116539991643024
Twelve-lead model masked to I+II,superclass,MI,2-lead,quality,any_flag,679,618,193,177,0.0,1.0,0.0,1.0,0.0,,0,0,0,0,,,,,0.0,0.0,1.0,1.0,0.5945222712637797,0.4237271816655836,0.1998352749920451,0.8607432994306915,0.7190011247078605,0.1325846744042202
Twelve-lead model masked to I+II,superclass,MI,2-lead,quality,no_flags,1519,1382,357,321,0.0,1.0,0.0,1.0,0.0,,0,0,0,0,,,,,0.0,0.0,1.0,1.0,0.6109479936552935,0.4064952221430867,0.1722283784778918,0.8932657400309523,0.7627197443462029,0.1028992761486823
Twelve-lead model masked to I+II,superclass,STTC,2-lead,overall,all,2198,1904,521,475,0.0,1.0,0.0,1.0,0.0,,0,0,0,0,,,,,0.0,0.0,1.0,1.0,0.6739836812148556,0.4102128099338303,0.1667013297049531,0.9143658644618338,0.7722954755311621,0.0951047847519449
Twelve-lead model masked to I+II,superclass,STTC,2-lead,sex,0,1132,969,229,206,0.0,1.0,0.0,1.0,0.0,,0,0,0,0,,,,,0.0,0.0,1.0,1.0,0.6606024556669423,0.3379435038912658,0.1535015317750848,0.9252467514882464,0.7626192523756322,0.0805432449619962
Twelve-lead model masked to I+II,superclass,STTC,2-lead,sex,1,1066,935,292,269,0.0,1.0,0.0,1.0,0.0,,0,0,0,0,,,,,0.0,0.0,1.0,1.0,0.6809139499486744,0.4718296210977725,0.1807183759119053,0.9009504088350856,0.7810267553576106,0.1105678832906147
Twelve-lead model masked to I+II,superclass,STTC,2-lead,age_band,40-64,866,755,151,139,0.0,1.0,0.0,1.0,0.0,,0,0,0,0,,,,,0.0,0.0,1.0,1.0,0.6770620108368453,0.3102262302646266,0.137939048697739,0.9309683693789654,0.7525299607414985,0.073415253975755
Twelve-lead model masked to I+II,superclass,STTC,2-lead,age_band,<40,284,266,20,19,0.0,1.0,0.0,1.0,0.0,,0,0,0,0,,,,,0.0,0.0,1.0,1.0,0.740719696969697,0.164062133625679,0.082232432616035,0.8918560606060606,0.5124751829094198,0.0525997575732739
Twelve-lead model masked to I+II,superclass,STTC,2-lead,age_band,65-79,708,615,207,192,0.0,1.0,0.0,1.0,0.0,,0,0,0,0,,,,,0.0,0.0,1.0,1.0,0.6490979393869267,0.4423641488325148,0.1958362877982896,0.9023691746940902,0.7953285736788318,0.1093163293276301
Twelve-lead model masked to I+II,superclass,STTC,2-lead,age_band,80+,340,274,143,125,0.0,1.0,0.0,1.0,0.0,,0,0,0,0,,,,,0.0,0.0,1.0,1.0,0.6294771218629087,0.5738247484537466,0.2498476585150061,0.8513364807781051,0.8053415363897062,0.1562600430205859
Twelve-lead model masked to I+II,superclass,STTC,2-lead,quality_flag,baseline_drift:present,236,231,48,48,0.0,1.0,0.0,1.0,0.0,,0,0,0,0,,,,,0.0,0.0,1.0,1.0,0.6131427304964538,0.2581365422855824,0.1638376897052912,0.8956117021276596,0.7355329996819774,0.1005698460505066
Twelve-lead model masked to I+II,superclass,STTC,2-lead,quality_flag,baseline_drift:absent,1962,1727,473,432,0.0,1.0,0.0,1.0,0.0,,0,0,0,0,,,,,0.0,0.0,1.0,1.0,0.6797785593293738,0.428900157040628,0.1670457838537402,0.9168930153046227,0.7785505160441895,0.0944474175417204
Twelve-lead model masked to I+II,superclass,STTC,2-lead,quality_flag,static_noise:present,316,292,68,65,0.0,1.0,0.0,1.0,0.0,,0,0,0,0,,,,,0.0,0.0,1.0,1.0,0.6373932637571157,0.3181880927173008,0.1650539054813262,0.8898244781783681,0.7309558645456669,0.0998485995795147
Twelve-lead model masked to I+II,superclass,STTC,2-lead,quality_flag,static_noise:absent,1882,1668,453,420,0.0,1.0,0.0,1.0,0.0,,0,0,0,0,,,,,0.0,0.0,1.0,1.0,0.6796120104366041,0.4279715162434623,0.1669779429114707,0.91752518394592,0.7782876965075115,0.0943082674907802
Twelve-lead model masked to I+II,superclass,STTC,2-lead,quality_flag,burst_noise:present,40,40,11,11,0.0,1.0,0.0,1.0,0.0,,0,0,0,0,,,,,0.0,0.0,1.0,1.0,0.768025078369906,0.5613871635610765,0.168971426675502,0.8620689655172414,0.6651815575728619,0.1478425234073551
Twelve-lead model masked to I+II,superclass,STTC,2-lead,quality_flag,burst_noise:absent,2158,1872,510,464,0.0,1.0,0.0,1.0,0.0,,0,0,0,0,,,,,0.0,0.0,1.0,1.0,0.6723491338282886,0.4074462323984964,0.1666592519112451,0.9152305825242716,0.7753053199401444,0.0941272548417427
Twelve-lead model masked to I+II,superclass,STTC,2-lead,quality_flag,electrodes_problems:absent,2195,1901,520,474,0.0,1.0,0.0,1.0,0.0,,0,0,0,0,,,,,0.0,0.0,1.0,1.0,0.6738358208955224,0.410204903052305,0.1666412316800609,0.9142055109070036,0.7719106334671428,0.0952065827528069
Twelve-lead model masked to I+II,superclass,STTC,2-lead,quality_flag,extra_beats:present,198,184,64,60,0.0,1.0,0.0,1.0,0.0,,0,0,0,0,,,,,0.0,0.0,1.0,1.0,0.6524020522388061,0.4388282082453743,0.21101812936604,0.8671875,0.7342829257114432,0.1389041059397029
Twelve-lead model masked to I+II,superclass,STTC,2-lead,quality_flag,extra_beats:absent,2000,1757,457,422,0.0,1.0,0.0,1.0,0.0,,0,0,0,0,,,,,0.0,0.0,1.0,1.0,0.6733054338716106,0.407437122672364,0.1623139665385055,0.9186911739471404,0.7808956387779596,0.0907686519543569
Twelve-lead model masked to I+II,superclass,STTC,2-lead,quality_flag,pacemaker:present,29,26,0,0,0.0,1.0,0.0,1.0,0.0,,0,0,0,0,,,,,,0.0,,1.0,,,0.0510744334440349,,,0.042473705110085
Twelve-lead model masked to I+II,superclass,STTC,2-lead,quality_flag,pacemaker:absent,2169,1883,521,475,0.0,1.0,0.0,1.0,0.0,,0,0,0,0,,,,,0.0,0.0,1.0,1.0,0.67291592903863,0.4133032647159127,0.1682472863631212,0.9142099770791794,0.7740911038806917,0.0958084736913705
Twelve-lead model masked to I+II,superclass,STTC,2-lead,quality,any_flag,679,618,155,147,0.0,1.0,0.0,1.0,0.0,,0,0,0,0,,,,,0.0,0.0,1.0,1.0,0.6427973405565132,0.3226437921267315,0.1711254860712319,0.8949766067471067,0.7211193163376265,0.1050139385766182
Twelve-lead model masked to I+II,superclass,STTC,2-lead,quality,no_flags,1519,1382,366,344,0.0,1.0,0.0,1.0,0.0,,0,0,0,0,,,,,0.0,0.0,1.0,1.0,0.6869985165806473,0.4526608745462451,0.1647237114214091,0.9229238053260914,0.7962927430921514,0.0906753473280126
Twelve-lead model masked to I+II,superclass,CD,2-lead,overall,all,2198,1904,496,439,0.0,1.0,0.0,1.0,0.0,,0,0,0,0,,,,,0.0,0.0,1.0,1.0,0.5149314373981275,0.3112912524110841,0.1733530811833677,0.8812888537204806,0.7590563963707647,0.1010909126515119
Twelve-lead model masked to I+II,superclass,CD,2-lead,sex,0,1132,969,266,235,0.0,1.0,0.0,1.0,0.0,,0,0,0,0,,,,,0.0,0.0,1.0,1.0,0.4868985396516695,0.2915179152622091,0.1800914192106388,0.8853209814374272,0.7752016186099289,0.1018303237788227
Twelve-lead model masked to I+II,superclass,CD,2-lead,sex,1,1066,935,230,204,0.0,1.0,0.0,1.0,0.0,,0,0,0,0,,,,,0.0,0.0,1.0,1.0,0.5469731641356356,0.3409091208082,0.1661975477435262,0.8770438943207821,0.7408006372125476,0.1003057218484013
Twelve-lead model masked to I+II,superclass,CD,2-lead,age_band,40-64,866,755,140,128,0.0,1.0,0.0,1.0,0.0,,0,0,0,0,,,,,0.0,0.0,1.0,1.0,0.411491538764266,0.1968112434626007,0.1428645489613095,0.8637937819756002,0.6670043707736991,0.088986800141718
Twelve-lead model masked to I+II,superclass,CD,2-lead,age_band,<40,284,266,37,35,0.0,1.0,0.0,1.0,0.0,,0,0,0,0,,,,,0.0,0.0,1.0,1.0,0.4163475216106795,0.1232392223997254,0.1252626458938073,0.8114673377831274,0.4419114205391531,0.0930414796279532
Twelve-lead model masked to I+II,superclass,CD,2-lead,age_band,65-79,708,615,184,164,0.0,1.0,0.0,1.0,0.0,,0,0,0,0,,,,,0.0,0.0,1.0,1.0,0.5440901924991703,0.3669912723934123,0.1896056582069263,0.8961998008629273,0.8217840180052363,0.0979363050039258
Twelve-lead model masked to I+II,superclass,CD,2-lead,age_band,80+,340,274,135,114,0.0,1.0,0.0,1.0,0.0,,0,0,0,0,,,,,0.0,0.0,1.0,1.0,0.5891960252935863,0.5215973414139856,0.2573352223417735,0.8644986449864498,0.8230970940463257,0.1452134497887563
Twelve-lead model masked to I+II,superclass,CD,2-lead,quality_flag,baseline_drift:present,236,231,48,48,0.0,1.0,0.0,1.0,0.0,,0,0,0,0,,,,,0.0,0.0,1.0,1.0,0.5139627659574468,0.2387303081528366,0.1630672797814711,0.8457446808510638,0.6687424627078874,0.1120280005691034
Twelve-lead model masked to I+II,superclass,CD,2-lead,quality_flag,baseline_drift:absent,1962,1727,448,399,0.0,1.0,0.0,1.0,0.0,,0,0,0,0,,,,,0.0,0.0,1.0,1.0,0.5149468060011323,0.3208136552835334,0.1745903131562767,0.8850387455180223,0.769064826824509,0.0997753404045437
Twelve-lead model masked to I+II,superclass,CD,2-lead,quality_flag,static_noise:present,316,292,75,72,0.0,1.0,0.0,1.0,0.0,,0,0,0,0,,,,,0.0,0.0,1.0,1.0,0.5150760719225449,0.3396339484106637,0.1793689121812284,0.8585892116182573,0.7549813028690574,0.1070470646799342
Twelve-lead model masked to I+II,superclass,CD,2-lead,quality_flag,static_noise:absent,1882,1668,421,376,0.0,1.0,0.0,1.0,0.0,,0,0,0,0,,,,,0.0,0.0,1.0,1.0,0.5160117122785454,0.3093408082318392,0.1723429841614102,0.8852671436770116,0.7607256960984943,0.1000908361153899
Twelve-lead model masked to I+II,superclass,CD,2-lead,quality_flag,burst_noise:present,40,40,9,9,0.0,1.0,0.0,1.0,0.0,,0,0,0,0,,,,,0.0,0.0,1.0,1.0,0.4193548387096774,0.2424627945991839,0.1806807178274524,0.7921146953405018,0.6262369060980172,0.1397135521235105
Twelve-lead model masked to I+II,superclass,CD,2-lead,quality_flag,burst_noise:absent,2158,1872,487,431,0.0,1.0,0.0,1.0,0.0,,0,0,0,0,,,,,0.0,0.0,1.0,1.0,0.5166648848517468,0.3155225340938625,0.1732172584466839,0.8830957375300603,0.7620330744855939,0.1003750157196861
Twelve-lead model masked to I+II,superclass,CD,2-lead,quality_flag,electrodes_problems:absent,2195,1901,495,438,0.0,1.0,0.0,1.0,0.0,,0,0,0,0,,,,,0.0,0.0,1.0,1.0,0.5142043969102793,0.3094092714769597,0.1733458421722034,0.8813749257278669,0.7594812850692154,0.1008962937501514
Twelve-lead model masked to I+II,superclass,CD,2-lead,quality_flag,extra_beats:present,198,184,69,64,0.0,1.0,0.0,1.0,0.0,,0,0,0,0,,,,,0.0,0.0,1.0,1.0,0.5429726996966633,0.4134422615559894,0.2369449130235745,0.8364228738344006,0.7795534744764362,0.1508827329778926
Twelve-lead model masked to I+II,superclass,CD,2-lead,quality_flag,extra_beats:absent,2000,1757,427,386,0.0,1.0,0.0,1.0,0.0,,0,0,0,0,,,,,0.0,0.0,1.0,1.0,0.5072051644331823,0.3008914418551763,0.1670574898311872,0.883451868548739,0.7555913849460644,0.0961615224392002
Twelve-lead model masked to I+II,superclass,CD,2-lead,quality_flag,pacemaker:present,29,26,0,0,0.0,1.0,0.0,1.0,0.0,,0,0,0,0,,,,,,0.0,,1.0,,,0.0830984672589572,,,0.3439441764591136
Twelve-lead model masked to I+II,superclass,CD,2-lead,quality_flag,pacemaker:absent,2169,1883,496,439,0.0,1.0,0.0,1.0,0.0,,0,0,0,0,,,,,0.0,0.0,1.0,1.0,0.5183150801149181,0.3335669567729662,0.1745598049287839,0.8864062530127451,0.7778110316824178,0.0978439118905988
Twelve-lead model masked to I+II,superclass,CD,2-lead,quality,any_flag,679,618,164,152,0.0,1.0,0.0,1.0,0.0,,0,0,0,0,,,,,0.0,0.0,1.0,1.0,0.525171678901255,0.2911036376149659,0.182695010513549,0.8423869287236561,0.7096815643713843,0.1236542745653803
Twelve-lead model masked to I+II,superclass,CD,2-lead,quality,no_flags,1519,1382,332,304,0.0,1.0,0.0,1.0,0.0,,0,0,0,0,,,,,0.0,0.0,1.0,1.0,0.5109215294201237,0.3343019667574866,0.169177195722411,0.8988439013002305,0.7888773583449228,0.0910049858973863
Twelve-lead model masked to I+II,superclass,HYP,2-lead,overall,all,2198,1904,262,249,0.0,1.0,0.0,1.0,0.0,,0,0,0,0,,,,,0.0,0.0,1.0,1.0,0.701546826698631,0.283086521888871,0.0973898658594362,0.874516986310012,0.5859710686197047,0.0722346894812561
Twelve-lead model masked to I+II,superclass,HYP,2-lead,sex,0,1132,969,135,130,0.0,1.0,0.0,1.0,0.0,,0,0,0,0,,,,,0.0,0.0,1.0,1.0,0.7093205542553586,0.2650808764463899,0.0990064551919953,0.8827668189754448,0.590018516427795,0.0714847982362659
Twelve-lead model masked to I+II,superclass,HYP,2-lead,sex,1,1066,935,127,119,0.0,1.0,0.0,1.0,0.0,,0,0,0,0,,,,,0.0,0.0,1.0,1.0,0.6957476960747319,0.3160180656315947,0.0956731875062872,0.8654038053550015,0.5868377900015076,0.0730310092648667
Twelve-lead model masked to I+II,superclass,HYP,2-lead,age_band,40-64,866,755,68,67,0.0,1.0,0.0,1.0,0.0,,0,0,0,0,,,,,0.0,0.0,1.0,1.0,0.6753648827952234,0.2081664944151846,0.0699335176800913,0.8622843874391861,0.4317846939531263,0.0576967161249492
Twelve-lead model masked to I+II,superclass,HYP,2-lead,age_band,<40,284,266,10,10,0.0,1.0,0.0,1.0,0.0,,0,0,0,0,,,,,0.0,0.0,1.0,1.0,0.7956204379562043,0.3847869266980576,0.0387508412469823,0.9302919708029196,0.5867769812345086,0.0282432541780992
Twelve-lead model masked to I+II,superclass,HYP,2-lead,age_band,65-79,708,615,124,117,0.0,1.0,0.0,1.0,0.0,,0,0,0,0,,,,,0.0,0.0,1.0,1.0,0.700535793194874,0.3583762269978113,0.1356581251865962,0.8881186478126382,0.7011557936865034,0.0877925566005625
Twelve-lead model masked to I+II,superclass,HYP,2-lead,age_band,80+,340,274,60,55,0.0,1.0,0.0,1.0,0.0,,0,0,0,0,,,,,0.0,0.0,1.0,1.0,0.6925595238095238,0.3553891523975767,0.1366156097112608,0.7796428571428571,0.550268611054376,0.1136125795759305
Twelve-lead model masked to I+II,superclass,HYP,2-lead,quality_flag,baseline_drift:present,236,231,27,27,0.0,1.0,0.0,1.0,0.0,,0,0,0,0,,,,,0.0,0.0,1.0,1.0,0.6586921850079746,0.3006858808809273,0.0939292748759317,0.9011164274322168,0.6135604626753863,0.0654991508254786
Twelve-lead model masked to I+II,superclass,HYP,2-lead,quality_flag,baseline_drift:absent,1962,1727,235,224,0.0,1.0,0.0,1.0,0.0,,0,0,0,0,,,,,0.0,0.0,1.0,1.0,0.7065332824107726,0.2843135102089233,0.0978061245098476,0.8717392107824415,0.5833258887833441,0.0730448765978531
Twelve-lead model masked to I+II,superclass,HYP,2-lead,quality_flag,static_noise:present,316,292,30,30,0.0,1.0,0.0,1.0,0.0,,0,0,0,0,,,,,0.0,0.0,1.0,1.0,0.7851981351981352,0.2394035869537287,0.0817652175077733,0.8934731934731935,0.5755276748174847,0.0593152384514872
Twelve-lead model masked to I+II,superclass,HYP,2-lead,quality_flag,static_noise:absent,1882,1668,232,222,0.0,1.0,0.0,1.0,0.0,,0,0,0,0,,,,,0.0,0.0,1.0,1.0,0.689937304075235,0.2903289866615218,0.1000133456039237,0.8713401253918496,0.5892783303494618,0.0744039490590494
Twelve-lead model masked to I+II,superclass,HYP,2-lead,quality_flag,burst_noise:present,40,40,3,3,0.0,1.0,0.0,1.0,0.0,,0,0,0,0,,,,,0.0,0.0,1.0,1.0,0.7837837837837838,0.2096171802054155,0.0687100778120942,0.882882882882883,0.3035714285714285,0.0748980195352211
Twelve-lead model masked to I+II,superclass,HYP,2-lead,quality_flag,burst_noise:absent,2158,1872,259,246,0.0,1.0,0.0,1.0,0.0,,0,0,0,0,,,,,0.0,0.0,1.0,1.0,0.7001124347095912,0.2850951858601168,0.0979214652671719,0.8746891780067136,0.5901827649865345,0.0721853228444819
Twelve-lead model masked to I+II,superclass,HYP,2-lead,quality_flag,electrodes_problems:absent,2195,1901,262,249,0.0,1.0,0.0,1.0,0.0,,0,0,0,0,,,,,0.0,0.0,1.0,1.0,0.7020886728298772,0.2839263971591817,0.0974683351679893,0.8748000774021317,0.5864452333902396,0.0722745131971557
Twelve-lead model masked to I+II,superclass,HYP,2-lead,quality_flag,extra_beats:present,198,184,31,30,0.0,1.0,0.0,1.0,0.0,,0,0,0,0,,,,,0.0,0.0,1.0,1.0,0.6557852037859764,0.2686655938633689,0.1261169077669549,0.8557079389607881,0.6415192105811888,0.090545056093446
Twelve-lead model masked to I+II,superclass,HYP,2-lead,quality_flag,extra_beats:absent,2000,1757,231,220,0.0,1.0,0.0,1.0,0.0,,0,0,0,0,,,,,0.0,0.0,1.0,1.0,0.7047687567755403,0.2831831739814118,0.0945458887105919,0.8762844466631917,0.5803829990553582,0.0704219631866493
Twelve-lead model masked to I+II,superclass,HYP,2-lead,quality_flag,pacemaker:present,29,26,0,0,0.0,1.0,0.0,1.0,0.0,,0,0,0,0,,,,,,0.0,,1.0,,,0.0508177745971605,,,0.0180823806823227
Twelve-lead model masked to I+II,superclass,HYP,2-lead,quality_flag,pacemaker:absent,2169,1883,262,249,0.0,1.0,0.0,1.0,0.0,,0,0,0,0,,,,,0.0,0.0,1.0,1.0,0.7045277142868581,0.2929848693529161,0.0980125448113062,0.8752666952209017,0.5879581612846624,0.0729587175841464
Twelve-lead model masked to I+II,superclass,HYP,2-lead,quality,any_flag,679,618,77,75,0.0,1.0,0.0,1.0,0.0,,0,0,0,0,,,,,0.0,0.0,1.0,1.0,0.6956896923674332,0.2408965617211408,0.0957160262601017,0.8813478879924063,0.5661339045115412,0.0701507408250839
Twelve-lead model masked to I+II,superclass,HYP,2-lead,quality,no_flags,1519,1382,185,178,0.0,1.0,0.0,1.0,0.0,,0,0,0,0,,,,,0.0,0.0,1.0,1.0,0.7038939989464728,0.3030041732772262,0.0981380798738853,0.8731310020665344,0.5925128847057076,0.0731662241340151
Twelve-lead model masked to I+II,subcode,1AVB,2-lead,overall,all,2198,1904,79,69,0.0,1.0,0.0,1.0,0.0,,0,0,0,0,,,,,0.0,0.0,1.0,1.0,0.6923315870275566,0.0978305960358748,0.0338785460994999,0.8025877981613013,0.1237488977008827,0.0330610200548485
Twelve-lead model masked to I+II,subcode,1AVB,2-lead,sex,0,1132,969,39,35,0.0,1.0,0.0,1.0,0.0,,0,0,0,0,,,,,0.0,0.0,1.0,1.0,0.672109226546555,0.1094744028030859,0.032505413929645,0.7876932460647007,0.1498516348728424,0.0317104393486227
Twelve-lead model masked to I+II,subcode,1AVB,2-lead,sex,1,1066,935,40,34,0.0,1.0,0.0,1.0,0.0,,0,0,0,0,,,,,0.0,0.0,1.0,1.0,0.7152777777777778,0.0942751259755628,0.0353366939571695,0.8200536062378168,0.1147346263911557,0.0344952202044242
Twelve-lead model masked to I+II,subcode,1AVB,2-lead,age_band,40-64,866,755,9,8,0.0,1.0,0.0,1.0,0.0,,0,0,0,0,,,,,0.0,0.0,1.0,1.0,0.5271619343964735,0.012583342393677,0.0111310715803451,0.7916504602618955,0.0357578516310664,0.0107132792431688
Twelve-lead model masked to I+II,subcode,1AVB,2-lead,age_band,<40,284,266,0,0,0.0,1.0,0.0,1.0,0.0,,0,0,0,0,,,,,,0.0,,1.0,,,0.000938186008678,,,0.0004678023379446
Twelve-lead model masked to I+II,subcode,1AVB,2-lead,age_band,65-79,708,615,36,33,0.0,1.0,0.0,1.0,0.0,,0,0,0,0,,,,,0.0,0.0,1.0,1.0,0.6865906084656084,0.1651400378017597,0.0471786545752968,0.7664930555555556,0.2231219363573056,0.04575557792841
Twelve-lead model masked to I+II,subcode,1AVB,2-lead,age_band,80+,340,274,34,28,0.0,1.0,0.0,1.0,0.0,,0,0,0,0,,,,,0.0,0.0,1.0,1.0,0.657920030757401,0.1848031758312726,0.0916370708010212,0.6060169165705498,0.130278776883886,0.0907724035843597
Twelve-lead model masked to I+II,subcode,1AVB,2-lead,quality_flag,baseline_drift:present,236,231,10,10,0.0,1.0,0.0,1.0,0.0,,0,0,0,0,,,,,0.0,0.0,1.0,1.0,0.8004424778761062,0.2295238095238094,0.0390283756993779,0.7991150442477876,0.1642207209198572,0.0385861935041639
Twelve-lead model masked to I+II,subcode,1AVB,2-lead,quality_flag,baseline_drift:absent,1962,1727,69,63,0.0,1.0,0.0,1.0,0.0,,0,0,0,0,,,,,0.0,0.0,1.0,1.0,0.678273119119257,0.0922978400104804,0.0332590966675064,0.8032874740653972,0.1239087787543747,0.0323964222291409
Twelve-lead model masked to I+II,subcode,1AVB,2-lead,quality_flag,static_noise:present,316,292,10,9,0.0,1.0,0.0,1.0,0.0,,0,0,0,0,,,,,0.0,0.0,1.0,1.0,0.7836601307189542,0.2962261176845651,0.0287991142560883,0.8258169934640524,0.2313582494698501,0.0286939376136617
Twelve-lead model masked to I+II,subcode,1AVB,2-lead,quality_flag,static_noise:absent,1882,1668,69,60,0.0,1.0,0.0,1.0,0.0,,0,0,0,0,,,,,0.0,0.0,1.0,1.0,0.6768587576040992,0.0812289187784384,0.0347314156332502,0.7999232595505887,0.1148062582997569,0.0337942815061849
Twelve-lead model masked to I+II,subcode,1AVB,2-lead,quality_flag,burst_noise:present,40,40,1,1,0.0,1.0,0.0,1.0,0.0,,0,0,0,0,,,,,0.0,0.0,1.0,1.0,0.9743589743589745,0.5,0.0224429485674524,0.7948717948717949,0.1111111111111111,0.0242365700958405
Twelve-lead model masked to I+II,subcode,1AVB,2-lead,quality_flag,burst_noise:absent,2158,1872,78,68,0.0,1.0,0.0,1.0,0.0,,0,0,0,0,,,,,0.0,0.0,1.0,1.0,0.6895833333333332,0.0963648748079332,0.0340905126895286,0.8026257396449704,0.1250733469552966,0.033224587245933
Twelve-lead model masked to I+II,subcode,1AVB,2-lead,quality_flag,electrodes_problems:absent,2195,1901,79,69,0.0,1.0,0.0,1.0,0.0,,0,0,0,0,,,,,0.0,0.0,1.0,1.0,0.6927568136680147,0.0982201891961028,0.0339197520188582,0.803133449785839,0.1240767997077876,0.0330974867048993
Twelve-lead model masked to I+II,subcode,1AVB,2-lead,quality_flag,extra_beats:present,198,184,18,18,0.0,1.0,0.0,1.0,0.0,,0,0,0,0,,,,,0.0,0.0,1.0,1.0,0.6422839506172839,0.182458079408679,0.0833788858327863,0.6895061728395062,0.2793840436773055,0.0808218365334128
Twelve-lead model masked to I+II,subcode,1AVB,2-lead,quality_flag,extra_beats:absent,2000,1757,61,56,0.0,1.0,0.0,1.0,0.0,,0,0,0,0,,,,,0.0,0.0,1.0,1.0,0.6941046170495186,0.0859707011593291,0.0289780124659045,0.8086727145139881,0.1073906305514143,0.0283326992234707
Twelve-lead model masked to I+II,subcode,1AVB,2-lead,quality_flag,pacemaker:present,29,26,0,0,0.0,1.0,0.0,1.0,0.0,,0,0,0,0,,,,,,0.0,,1.0,,,0.0037323738163884,,,0.0060073044653777
Twelve-lead model masked to I+II,subcode,1AVB,2-lead,quality_flag,pacemaker:absent,2169,1883,79,69,0.0,1.0,0.0,1.0,0.0,,0,0,0,0,,,,,0.0,0.0,1.0,1.0,0.6945612016231603,0.1023393950828206,0.0342816069552907,0.806789413118527,0.1276753186019495,0.0334227340945418
Twelve-lead model masked to I+II,subcode,1AVB,2-lead,quality,any_flag,679,618,33,30,0.0,1.0,0.0,1.0,0.0,,0,0,0,0,,,,,0.0,0.0,1.0,1.0,0.7239422084623323,0.1563567169936308,0.0449211670909618,0.7710385589642555,0.1777418463555156,0.0440678090434988
Twelve-lead model masked to I+II,subcode,1AVB,2-lead,quality,no_flags,1519,1382,46,44,0.0,1.0,0.0,1.0,0.0,,0,0,0,0,,,,,0.0,0.0,1.0,1.0,0.6687918769739366,0.0726193445674098,0.0289424436286621,0.8160069659671183,0.1042701510480643,0.028140934654392
Twelve-lead model masked to I+II,subcode,AMI,2-lead,overall,all,2198,1904,35,34,0.0,1.0,0.0,1.0,0.0,,0,0,0,0,,,,,0.0,0.0,1.0,1.0,0.4201968165907139,0.0183808833670067,0.0157048713192221,0.7279968297998811,0.0309551778071329,0.0155599449779361
Twelve-lead model masked to I+II,subcode,AMI,2-lead,sex,0,1132,969,21,21,0.0,1.0,0.0,1.0,0.0,,0,0,0,0,,,,,0.0,0.0,1.0,1.0,0.4521452145214522,0.0255491242116809,0.0182447674896448,0.7631477433457632,0.0386695824571679,0.0180150783231088
Twelve-lead model masked to I+II,subcode,AMI,2-lead,sex,1,1066,935,14,13,0.0,1.0,0.0,1.0,0.0,,0,0,0,0,,,,,0.0,0.0,1.0,1.0,0.3654942965779467,0.0132351416884975,0.0130077207892799,0.6738864747419879,0.0287588090709779,0.0129528052530436
Twelve-lead model masked to I+II,subcode,AMI,2-lead,age_band,40-64,866,755,11,11,0.0,1.0,0.0,1.0,0.0,,0,0,0,0,,,,,0.0,0.0,1.0,1.0,0.4966507177033493,0.0439340148889037,0.0125473227216486,0.6882509303561934,0.0234757188466552,0.0125377194404951
Twelve-lead model masked to I+II,subcode,AMI,2-lead,age_band,<40,284,266,2,2,0.0,1.0,0.0,1.0,0.0,,0,0,0,0,,,,,0.0,0.0,1.0,1.0,0.3563829787234042,0.008624486200822,0.0070844593510462,0.9609929078014184,0.2121212121212121,0.0067637024111651
Twelve-lead model masked to I+II,subcode,AMI,2-lead,age_band,65-79,708,615,14,13,0.0,1.0,0.0,1.0,0.0,,0,0,0,0,,,,,0.0,0.0,1.0,1.0,0.3265747221078633,0.0144499794063675,0.0194933508383329,0.7597776862906546,0.0444738332569482,0.0191323220626432
Twelve-lead model masked to I+II,subcode,AMI,2-lead,age_band,80+,340,274,8,8,0.0,1.0,0.0,1.0,0.0,,0,0,0,0,,,,,0.0,0.0,1.0,1.0,0.4642319277108433,0.0345216166565879,0.0230589612748993,0.53125,0.0291710642036428,0.0231662309438607
Twelve-lead model masked to I+II,subcode,AMI,2-lead,quality_flag,baseline_drift:present,236,231,6,6,0.0,1.0,0.0,1.0,0.0,,0,0,0,0,,,,,0.0,0.0,1.0,1.0,0.5876811594202899,0.1963776798191459,0.0247714460241685,0.6855072463768116,0.0506565241910069,0.0247435028226109
Twelve-lead model masked to I+II,subcode,AMI,2-lead,quality_flag,baseline_drift:absent,1962,1727,29,28,0.0,1.0,0.0,1.0,0.0,,0,0,0,0,,,,,0.0,0.0,1.0,1.0,0.3851080150561036,0.0119104864588135,0.0146142945453346,0.7363933139483027,0.0301201603652879,0.0144552968375981
Twelve-lead model masked to I+II,subcode,AMI,2-lead,quality_flag,static_noise:present,316,292,9,9,0.0,1.0,0.0,1.0,0.0,,0,0,0,0,,,,,0.0,0.0,1.0,1.0,0.4039087947882736,0.0776609167201261,0.0278594299395198,0.8099891422366993,0.1236049350102975,0.0271385610982942
Twelve-lead model masked to I+II,subcode,AMI,2-lead,quality_flag,static_noise:absent,1882,1668,26,25,0.0,1.0,0.0,1.0,0.0,,0,0,0,0,,,,,0.0,0.0,1.0,1.0,0.4270349801061008,0.0122823914655088,0.0136640421353677,0.7013635610079576,0.0240388051678666,0.0136158202733489
Twelve-lead model masked to I+II,subcode,AMI,2-lead,quality_flag,burst_noise:present,40,40,0,0,0.0,1.0,0.0,1.0,0.0,,0,0,0,0,,,,,,0.0,,1.0,,,0.0002467465840499,,,0.0007113286857711
Twelve-lead model masked to I+II,subcode,AMI,2-lead,quality_flag,burst_noise:absent,2158,1872,35,34,0.0,1.0,0.0,1.0,0.0,,0,0,0,0,,,,,0.0,0.0,1.0,1.0,0.4205638920664827,0.0186166788656919,0.0159913981910511,0.7299105040037683,0.0318539912729197,0.0158351741955852
Twelve-lead model masked to I+II,subcode,AMI,2-lead,quality_flag,electrodes_problems:absent,2195,1901,35,34,0.0,1.0,0.0,1.0,0.0,,0,0,0,0,,,,,0.0,0.0,1.0,1.0,0.4195767195767196,0.0183840508242251,0.0157261941915348,0.7278042328042328,0.0309652804197863,0.0155810158353943
Twelve-lead model masked to I+II,subcode,AMI,2-lead,quality_flag,extra_beats:present,198,184,6,5,0.0,1.0,0.0,1.0,0.0,,0,0,0,0,,,,,0.0,0.0,1.0,1.0,0.3741319444444444,0.0774520721156797,0.0296080444840767,0.65625,0.0483436794778033,0.0293539622483499
Twelve-lead model masked to I+II,subcode,AMI,2-lead,quality_flag,extra_beats:absent,2000,1757,29,29,0.0,1.0,0.0,1.0,0.0,,0,0,0,0,,,,,0.0,0.0,1.0,1.0,0.4217358596196574,0.0126522602843254,0.0143284571759015,0.729194002694239,0.0299382254092643,0.0141943372681652
Twelve-lead model masked to I+II,subcode,AMI,2-lead,quality_flag,pacemaker:present,29,26,0,0,0.0,1.0,0.0,1.0,0.0,,0,0,0,0,,,,,,0.0,,1.0,,,0.0001837013655525,,,0.0003300458628474
Twelve-lead model masked to I+II,subcode,AMI,2-lead,quality_flag,pacemaker:absent,2169,1883,35,34,0.0,1.0,0.0,1.0,0.0,,0,0,0,0,,,,,0.0,0.0,1.0,1.0,0.4173517204445039,0.0184905294191107,0.0159123927247807,0.7270317311554425,0.0312415858183721,0.0157635720292674
Twelve-lead model masked to I+II,subcode,AMI,2-lead,quality,any_flag,679,618,15,14,0.0,1.0,0.0,1.0,0.0,,0,0,0,0,,,,,0.0,0.0,1.0,1.0,0.4043172690763051,0.0340856840701242,0.0216848146872299,0.744277108433735,0.0504566602596868,0.0213487225090155
Twelve-lead model masked to I+II,subcode,AMI,2-lead,quality,no_flags,1519,1382,20,20,0.0,1.0,0.0,1.0,0.0,,0,0,0,0,,,,,0.0,0.0,1.0,1.0,0.4300200133422281,0.012598179083518,0.01303180907638,0.709339559706471,0.0238231959876056,0.0129723347451495
Twelve-lead model masked to I+II,subcode,ASMI,2-lead,overall,all,2198,1904,234,199,0.0,1.0,0.0,1.0,0.0,,0,0,0,0,,,,,0.0,0.0,1.0,1.0,0.5786072379758734,0.1632487742887177,0.0942078133653816,0.892766375963932,0.5333846349725755,0.0676005112245322
Twelve-lead model masked to I+II,subcode,ASMI,2-lead,sex,0,1132,969,119,100,0.0,1.0,0.0,1.0,0.0,,0,0,0,0,,,,,0.0,0.0,1.0,1.0,0.6143744763453258,0.1771749052164455,0.0923887560434846,0.9058707392137506,0.5522439706341972,0.0651080791161802
Twelve-lead model masked to I+II,subcode,ASMI,2-lead,sex,1,1066,935,115,99,0.0,1.0,0.0,1.0,0.0,,0,0,0,0,,,,,0.0,0.0,1.0,1.0,0.5408768801719014,0.1518771960589295,0.0961394952494224,0.8778402596808852,0.515293738048737,0.070247259016891
Twelve-lead model masked to I+II,subcode,ASMI,2-lead,age_band,40-64,866,755,50,43,0.0,1.0,0.0,1.0,0.0,,0,0,0,0,,,,,0.0,0.0,1.0,1.0,0.5865196078431372,0.1230252905192956,0.0559896071168179,0.8928186274509804,0.4178199713362373,0.0430982566589517
Twelve-lead model masked to I+II,subcode,ASMI,2-lead,age_band,<40,284,266,2,2,0.0,1.0,0.0,1.0,0.0,,0,0,0,0,,,,,0.0,0.0,1.0,1.0,0.7411347517730497,0.0203176567656765,0.0147304344272624,0.874113475177305,0.0404081632653061,0.007896376089806
Twelve-lead model masked to I+II,subcode,ASMI,2-lead,age_band,65-79,708,615,90,79,0.0,1.0,0.0,1.0,0.0,,0,0,0,0,,,,,0.0,0.0,1.0,1.0,0.5336030204962243,0.1731100787741027,0.111237814682143,0.8652642934196332,0.5408593234121516,0.0809117673428557
Twelve-lead model masked to I+II,subcode,ASMI,2-lead,age_band,80+,340,274,92,75,0.0,1.0,0.0,1.0,0.0,,0,0,0,0,,,,,0.0,0.0,1.0,1.0,0.5535589060308556,0.3360045996319386,0.2224763465930727,0.8118425666199158,0.6240741106926309,0.1521609744606553
Twelve-lead model masked to I+II,subcode,ASMI,2-lead,quality_flag,baseline_drift:present,236,231,26,25,0.0,1.0,0.0,1.0,0.0,,0,0,0,0,,,,,0.0,0.0,1.0,1.0,0.6804029304029304,0.2309374648396605,0.0955725653254693,0.8831501831501831,0.5789652598114813,0.0678475378917858
Twelve-lead model masked to I+II,subcode,ASMI,2-lead,quality_flag,baseline_drift:absent,1962,1727,208,179,0.0,1.0,0.0,1.0,0.0,,0,0,0,0,,,,,0.0,0.0,1.0,1.0,0.5669650688536092,0.1587482048797253,0.0940436535985209,0.8939840803438295,0.5299028371755575,0.06757079751736
Twelve-lead model masked to I+II,subcode,ASMI,2-lead,quality_flag,static_noise:present,316,292,31,31,0.0,1.0,0.0,1.0,0.0,,0,0,0,0,,,,,0.0,0.0,1.0,1.0,0.6279569892473119,0.1947351238731258,0.0865465303843377,0.8448217317487267,0.3905083667830378,0.072104232629987
Twelve-lead model masked to I+II,subcode,ASMI,2-lead,quality_flag,static_noise:absent,1882,1668,203,173,0.0,1.0,0.0,1.0,0.0,,0,0,0,0,,,,,0.0,0.0,1.0,1.0,0.5706774792642817,0.1605222741526031,0.0954941924419012,0.8998084128190308,0.5552513036707301,0.0668443072053379
Twelve-lead model masked to I+II,subcode,ASMI,2-lead,quality_flag,burst_noise:present,40,40,4,4,0.0,1.0,0.0,1.0,0.0,,0,0,0,0,,,,,0.0,0.0,1.0,1.0,0.736111111111111,0.3457792207792207,0.0867539004004299,0.875,0.3471590909090909,0.0849973339813516
Twelve-lead model masked to I+II,subcode,ASMI,2-lead,quality_flag,burst_noise:absent,2158,1872,230,196,0.0,1.0,0.0,1.0,0.0,,0,0,0,0,,,,,0.0,0.0,1.0,1.0,0.576102742197366,0.1623012391048956,0.0943459767196903,0.8930881291719286,0.5393753490203199,0.0672780492642575
Twelve-lead model masked to I+II,subcode,ASMI,2-lead,quality_flag,electrodes_problems:absent,2195,1901,234,199,0.0,1.0,0.0,1.0,0.0,,0,0,0,0,,,,,0.0,0.0,1.0,1.0,0.5785618710147011,0.1633801523424033,0.094321786390494,0.892767949371723,0.5334573094240179,0.0676860825906831
Twelve-lead model masked to I+II,subcode,ASMI,2-lead,quality_flag,extra_beats:present,198,184,38,35,0.0,1.0,0.0,1.0,0.0,,0,0,0,0,,,,,0.0,0.0,1.0,1.0,0.5046052631578948,0.2192427843078156,0.1615194449586592,0.8411184210526316,0.5473248984397421,0.1193003275489473
Twelve-lead model masked to I+II,subcode,ASMI,2-lead,quality_flag,extra_beats:absent,2000,1757,196,168,0.0,1.0,0.0,1.0,0.0,,0,0,0,0,,,,,0.0,0.0,1.0,1.0,0.5811150957056881,0.1568686041340559,0.0875439618376472,0.8963810579664239,0.5387785002911002,0.0624822294084151
Twelve-lead model masked to I+II,subcode,ASMI,2-lead,quality_flag,pacemaker:present,29,26,0,0,0.0,1.0,0.0,1.0,0.0,,0,0,0,0,,,,,,0.0,,1.0,,,0.013583881388175,,,0.0694424362844871
Twelve-lead model masked to I+II,subcode,ASMI,2-lead,quality_flag,pacemaker:absent,2169,1883,234,199,0.0,1.0,0.0,1.0,0.0,,0,0,0,0,,,,,0.0,0.0,1.0,1.0,0.5797411603613154,0.1668510599733665,0.095285772806294,0.8948364584023499,0.5460537123687396,0.0675758842873544
Twelve-lead model masked to I+II,subcode,ASMI,2-lead,quality,any_flag,679,618,84,79,0.0,1.0,0.0,1.0,0.0,,0,0,0,0,,,,,0.0,0.0,1.0,1.0,0.598499399759904,0.192819814217955,0.1071454377004191,0.8647458983593437,0.4863090028018991,0.0822311886199421
Twelve-lead model masked to I+II,subcode,ASMI,2-lead,quality,no_flags,1519,1382,150,131,0.0,1.0,0.0,1.0,0.0,,0,0,0,0,,,,,0.0,0.0,1.0,1.0,0.5651375700024349,0.1516661327620976,0.0884246356672312,0.905390796201607,0.5684866153737055,0.0610605310063075
Twelve-lead model masked to I+II,subcode,CLBBB,2-lead,overall,all,2198,1904,54,42,0.0,1.0,0.0,1.0,0.0,,0,0,0,0,,,,,0.0,0.0,1.0,1.0,0.8955396627971255,0.3360432534014859,0.0194557597105229,0.9880199695964622,0.6445739025615728,0.0127450651776186
Twelve-lead model masked to I+II,subcode,CLBBB,2-lead,sex,0,1132,969,23,16,0.0,1.0,0.0,1.0,0.0,,0,0,0,0,,,,,0.0,0.0,1.0,1.0,0.9098286744815148,0.3196838984243608,0.0164628229014653,0.9938840318343984,0.6972069496505543,0.0091029700114848
Twelve-lead model masked to I+II,subcode,CLBBB,2-lead,sex,1,1066,935,31,26,0.0,1.0,0.0,1.0,0.0,,0,0,0,0,,,,,0.0,0.0,1.0,1.0,0.8848059841047218,0.3775478636144065,0.0226340002995035,0.9852267414679756,0.6450405630066185,0.0166126559168902
Twelve-lead model masked to I+II,subcode,CLBBB,2-lead,age_band,40-64,866,755,9,6,0.0,1.0,0.0,1.0,0.0,,0,0,0,0,,,,,0.0,0.0,1.0,1.0,0.8818877220277453,0.521547287821336,0.0076665620505552,0.9954622066640736,0.7592594986712633,0.0050333858968592
Twelve-lead model masked to I+II,subcode,CLBBB,2-lead,age_band,<40,284,266,0,0,0.0,1.0,0.0,1.0,0.0,,0,0,0,0,,,,,,0.0,,1.0,,,0.000497858035213,,,5.561910978816682e-05
Twelve-lead model masked to I+II,subcode,CLBBB,2-lead,age_band,65-79,708,615,23,21,0.0,1.0,0.0,1.0,0.0,,0,0,0,0,,,,,0.0,0.0,1.0,1.0,0.879086004443034,0.2835927658806054,0.0271161286602808,0.9801967629324024,0.5578900027894325,0.0202143632768567
Twelve-lead model masked to I+II,subcode,CLBBB,2-lead,age_band,80+,340,274,22,17,0.0,1.0,0.0,1.0,0.0,,0,0,0,0,,,,,0.0,0.0,1.0,1.0,0.8842195540308747,0.4453295938267287,0.0493673715719686,0.9735563178959404,0.6936020447550507,0.027432870725092
Twelve-lead model masked to I+II,subcode,CLBBB,2-lead,quality_flag,baseline_drift:present,236,231,2,2,0.0,1.0,0.0,1.0,0.0,,0,0,0,0,,,,,0.0,0.0,1.0,1.0,0.903846153846154,0.0611111111111111,0.0106618790966673,0.9914529914529916,0.4166666666666666,0.0078282914123167
Twelve-lead model masked to I+II,subcode,CLBBB,2-lead,quality_flag,baseline_drift:absent,1962,1727,52,41,0.0,1.0,0.0,1.0,0.0,,0,0,0,0,,,,,0.0,0.0,1.0,1.0,0.8936065243656867,0.375134138786365,0.0205135353603038,0.9878775674587192,0.6640688856847521,0.0133364813899587
Twelve-lead model masked to I+II,subcode,CLBBB,2-lead,quality_flag,static_noise:present,316,292,5,5,0.0,1.0,0.0,1.0,0.0,,0,0,0,0,,,,,0.0,0.0,1.0,1.0,0.9562700964630224,0.3687743950039032,0.0124721850801074,0.990353697749196,0.5768253968253969,0.0086532620991664
Twelve-lead model masked to I+II,subcode,CLBBB,2-lead,quality_flag,static_noise:absent,1882,1668,49,39,0.0,1.0,0.0,1.0,0.0,,0,0,0,0,,,,,0.0,0.0,1.0,1.0,0.8871371789304919,0.3357815311439319,0.0206283471617511,0.9877194740416624,0.64967749312438,0.0134321054394629
Twelve-lead model masked to I+II,subcode,CLBBB,2-lead,quality_flag,burst_noise:present,40,40,0,0,0.0,1.0,0.0,1.0,0.0,,0,0,0,0,,,,,,0.0,,1.0,,,0.0050317519086874,,,0.0002771072389459
Twelve-lead model masked to I+II,subcode,CLBBB,2-lead,quality_flag,burst_noise:absent,2158,1872,54,42,0.0,1.0,0.0,1.0,0.0,,0,0,0,0,,,,,0.0,0.0,1.0,1.0,0.8959829601464582,0.3454507924135169,0.0197231185205662,0.98790663286861,0.6449626314111753,0.0129761672710138
Twelve-lead model masked to I+II,subcode,CLBBB,2-lead,quality_flag,electrodes_problems:absent,2195,1901,53,41,0.0,1.0,0.0,1.0,0.0,,0,0,0,0,,,,,0.0,0.0,1.0,1.0,0.8940418934869545,0.3251681689686706,0.019333598820274,0.9881436851470148,0.6423905989115926,0.0124987521332249
Twelve-lead model masked to I+II,subcode,CLBBB,2-lead,quality_flag,extra_beats:present,198,184,13,9,0.0,1.0,0.0,1.0,0.0,,0,0,0,0,,,,,0.0,0.0,1.0,1.0,0.8848232848232849,0.4891354546561016,0.0483730302181712,0.9862785862785864,0.7962129975287868,0.0263633829580814
Twelve-lead model masked to I+II,subcode,CLBBB,2-lead,quality_flag,extra_beats:absent,2000,1757,41,34,0.0,1.0,0.0,1.0,0.0,,0,0,0,0,,,,,0.0,0.0,1.0,1.0,0.8936490743161644,0.306781204753654,0.0165929499302658,0.9876741493295484,0.615769248389909,0.0113968517173528
Twelve-lead model masked to I+II,subcode,CLBBB,2-lead,quality_flag,pacemaker:present,29,26,0,0,0.0,1.0,0.0,1.0,0.0,,0,0,0,0,,,,,,0.0,,1.0,,,0.0547033444657718,,,0.1268042834736536
Twelve-lead model masked to I+II,subcode,CLBBB,2-lead,quality_flag,pacemaker:absent,2169,1883,54,42,0.0,1.0,0.0,1.0,0.0,,0,0,0,0,,,,,0.0,0.0,1.0,1.0,0.900017511601436,0.4106374716124764,0.018984491864556,0.9915506523071534,0.7652482644620819,0.0112200687135407
Twelve-lead model masked to I+II,subcode,CLBBB,2-lead,quality,any_flag,679,618,16,12,0.0,1.0,0.0,1.0,0.0,,0,0,0,0,,,,,0.0,0.0,1.0,1.0,0.90026395173454,0.2748586390979949,0.0202395315072454,0.9875565610859728,0.5368022898384254,0.0143221502472173
Twelve-lead model masked to I+II,subcode,CLBBB,2-lead,quality,no_flags,1519,1382,38,32,0.0,1.0,0.0,1.0,0.0,,0,0,0,0,,,,,0.0,0.0,1.0,1.0,0.8944525391804967,0.4320008100542329,0.0191054101055364,0.9911333025338498,0.7584759316866619,0.0120401008838349
Twelve-lead model masked to I+II,subcode,CRBBB,2-lead,overall,all,2198,1904,54,45,0.0,1.0,0.0,1.0,0.0,,0,0,0,0,,,,,0.0,0.0,1.0,1.0,0.5373652570480929,0.046810939307931,0.0239698577201043,0.9769295881702598,0.5345087668115032,0.0165169812794429
Twelve-lead model masked to I+II,subcode,CRBBB,2-lead,sex,0,1132,969,36,30,0.0,1.0,0.0,1.0,0.0,,0,0,0,0,,,,,0.0,0.0,1.0,1.0,0.545088199513382,0.0711638357351581,0.0309076951812723,0.9839061232765612,0.7179512759058182,0.0186901030460331
Twelve-lead model masked to I+II,subcode,CRBBB,2-lead,sex,1,1066,935,18,15,0.0,1.0,0.0,1.0,0.0,,0,0,0,0,,,,,0.0,0.0,1.0,1.0,0.518871925360475,0.0219625322517169,0.0166024730990516,0.9643765903307888,0.2395668274591839,0.0142093135122947
Twelve-lead model masked to I+II,subcode,CRBBB,2-lead,age_band,40-64,866,755,8,6,0.0,1.0,0.0,1.0,0.0,,0,0,0,0,,,,,0.0,0.0,1.0,1.0,0.5238927738927739,0.0108283486596967,0.0092489082343547,0.9951923076923076,0.7662037037037037,0.0048705560950938
Twelve-lead model masked to I+II,subcode,CRBBB,2-lead,age_band,<40,284,266,0,0,0.0,1.0,0.0,1.0,0.0,,0,0,0,0,,,,,,0.0,,1.0,,,0.0003214443977319,,,8.722367923624942e-06
Twelve-lead model masked to I+II,subcode,CRBBB,2-lead,age_band,65-79,708,615,30,25,0.0,1.0,0.0,1.0,0.0,,0,0,0,0,,,,,0.0,0.0,1.0,1.0,0.5474434611602753,0.1178373700046213,0.0410298255384186,0.976204523107178,0.5996954969284082,0.027617682658194
Twelve-lead model masked to I+II,subcode,CRBBB,2-lead,age_band,80+,340,274,16,14,0.0,1.0,0.0,1.0,0.0,,0,0,0,0,,,,,0.0,0.0,1.0,1.0,0.4511959876543209,0.0455977750262868,0.0456934883755352,0.9068287037037036,0.3758943541155415,0.0368547847040372
Twelve-lead model masked to I+II,subcode,CRBBB,2-lead,quality_flag,baseline_drift:present,236,231,6,6,0.0,1.0,0.0,1.0,0.0,,0,0,0,0,,,,,0.0,0.0,1.0,1.0,0.6173913043478261,0.0633505922186487,0.0247572104661853,0.9710144927536232,0.5157647907647908,0.0194385188173548
Twelve-lead model masked to I+II,subcode,CRBBB,2-lead,quality_flag,baseline_drift:absent,1962,1727,48,40,0.0,1.0,0.0,1.0,0.0,,0,0,0,0,,,,,0.0,0.0,1.0,1.0,0.5275491988854057,0.0484608395386347,0.023875150661962,0.9780564263322884,0.5478515478689413,0.0161655629007746
Twelve-lead model masked to I+II,subcode,CRBBB,2-lead,quality_flag,static_noise:present,316,292,13,12,0.0,1.0,0.0,1.0,0.0,,0,0,0,0,,,,,0.0,0.0,1.0,1.0,0.6631124650926631,0.2166549712542785,0.0397105460991867,0.978167047473978,0.760912829395276,0.0234115686939227
Twelve-lead model masked to I+II,subcode,CRBBB,2-lead,quality_flag,static_noise:absent,1882,1668,41,35,0.0,1.0,0.0,1.0,0.0,,0,0,0,0,,,,,0.0,0.0,1.0,1.0,0.4977544017699818,0.0353369832592644,0.0213268941027876,0.9765768868986896,0.4649382914919777,0.015359335358627
Twelve-lead model masked to I+II,subcode,CRBBB,2-lead,quality_flag,burst_noise:present,40,40,0,0,0.0,1.0,0.0,1.0,0.0,,0,0,0,0,,,,,,0.0,,1.0,,,0.000383337528702,,,0.0005471608535634
Twelve-lead model masked to I+II,subcode,CRBBB,2-lead,quality_flag,burst_noise:absent,2158,1872,54,45,0.0,1.0,0.0,1.0,0.0,,0,0,0,0,,,,,0.0,0.0,1.0,1.0,0.5379171947613012,0.0476804321207274,0.024407049938666,0.9767814392339108,0.535317623145096,0.0168129927794592
Twelve-lead model masked to I+II,subcode,CRBBB,2-lead,quality_flag,electrodes_problems:absent,2195,1901,54,45,0.0,1.0,0.0,1.0,0.0,,0,0,0,0,,,,,0.0,0.0,1.0,1.0,0.5378154894735931,0.0471535909964789,0.0240017443093741,0.9770010552355252,0.5347312331011346,0.0165350178202452
Twelve-lead model masked to I+II,subcode,CRBBB,2-lead,quality_flag,extra_beats:present,198,184,10,10,0.0,1.0,0.0,1.0,0.0,,0,0,0,0,,,,,0.0,0.0,1.0,1.0,0.5558510638297872,0.1175596344386414,0.0487990984053137,0.9329787234042554,0.6529151699364465,0.0320378965883971
Twelve-lead model masked to I+II,subcode,CRBBB,2-lead,quality_flag,extra_beats:absent,2000,1757,44,39,0.0,1.0,0.0,1.0,0.0,,0,0,0,0,,,,,0.0,0.0,1.0,1.0,0.5278629856850716,0.0431338778436559,0.0215117628922686,0.9806306934374418,0.5071851844745722,0.0149804106638565
Twelve-lead model masked to I+II,subcode,CRBBB,2-lead,quality_flag,pacemaker:present,29,26,0,0,0.0,1.0,0.0,1.0,0.0,,0,0,0,0,,,,,,0.0,,1.0,,,0.0005528054059496,,,0.007078121498857
Twelve-lead model masked to I+II,subcode,CRBBB,2-lead,quality_flag,pacemaker:absent,2169,1883,54,45,0.0,1.0,0.0,1.0,0.0,,0,0,0,0,,,,,0.0,0.0,1.0,1.0,0.5402854391034061,0.0509427840291821,0.024282948783779,0.978022940197881,0.5420550642877197,0.0166431808800132
Twelve-lead model masked to I+II,subcode,CRBBB,2-lead,quality,any_flag,679,618,26,24,0.0,1.0,0.0,1.0,0.0,,0,0,0,0,,,,,0.0,0.0,1.0,1.0,0.6210389916362351,0.0832023117135878,0.0370581499725141,0.9674873365531864,0.6711795230959766,0.0238825413417484
Twelve-lead model masked to I+II,subcode,CRBBB,2-lead,quality,no_flags,1519,1382,28,25,0.0,1.0,0.0,1.0,0.0,,0,0,0,0,,,,,0.0,0.0,1.0,1.0,0.4562613777905528,0.03464738182137,0.0181193307685663,0.9807894988981508,0.4289452294955823,0.0132245419889193
Twelve-lead model masked to I+II,subcode,ILMI,2-lead,overall,all,2198,1904,48,43,0.0,1.0,0.0,1.0,0.0,,0,0,0,0,,,,,0.0,0.0,1.0,1.0,0.758265503875969,0.1744152488946503,0.0207660699794111,0.8994476744186046,0.294882138810822,0.0181433647844466
Twelve-lead model masked to I+II,subcode,ILMI,2-lead,sex,0,1132,969,25,23,0.0,1.0,0.0,1.0,0.0,,0,0,0,0,,,,,0.0,0.0,1.0,1.0,0.7726106594399277,0.1948552692075099,0.0208601870596911,0.9019692863595304,0.3008644198096689,0.0185972862557902
Twelve-lead model masked to I+II,subcode,ILMI,2-lead,sex,1,1066,935,23,20,0.0,1.0,0.0,1.0,0.0,,0,0,0,0,,,,,0.0,0.0,1.0,1.0,0.750302221851682,0.1464653936840478,0.0206661257628285,0.8959523114760932,0.3473001900482459,0.0176613393570911
Twelve-lead model masked to I+II,subcode,ILMI,2-lead,age_band,40-64,866,755,12,11,0.0,1.0,0.0,1.0,0.0,,0,0,0,0,,,,,0.0,0.0,1.0,1.0,0.8427985948477752,0.2600147854179581,0.0131420743338603,0.8719750195160032,0.1246758363686718,0.0130686930439935
Twelve-lead model masked to I+II,subcode,ILMI,2-lead,age_band,<40,284,266,0,0,0.0,1.0,0.0,1.0,0.0,,0,0,0,0,,,,,,0.0,,1.0,,,0.0003305254962186,,,6.507379056007092e-05
Twelve-lead model masked to I+II,subcode,ILMI,2-lead,age_band,65-79,708,615,20,19,0.0,1.0,0.0,1.0,0.0,,0,0,0,0,,,,,0.0,0.0,1.0,1.0,0.6834302325581395,0.184615505284434,0.026915902650282,0.8802325581395349,0.3086741288302752,0.0235224135719218
Twelve-lead model masked to I+II,subcode,ILMI,2-lead,age_band,80+,340,274,16,13,0.0,1.0,0.0,1.0,0.0,,0,0,0,0,,,,,0.0,0.0,1.0,1.0,0.7355324074074073,0.170694704236546,0.0444484033067549,0.8794367283950617,0.483857505940103,0.0349684642784573
Twelve-lead model masked to I+II,subcode,ILMI,2-lead,quality_flag,baseline_drift:present,236,231,3,3,0.0,1.0,0.0,1.0,0.0,,0,0,0,0,,,,,0.0,0.0,1.0,1.0,0.8154506437768242,0.138647342995169,0.0122933902167097,0.988555078683834,0.5873015873015872,0.0098873335776492
Twelve-lead model masked to I+II,subcode,ILMI,2-lead,quality_flag,baseline_drift:absent,1962,1727,45,41,0.0,1.0,0.0,1.0,0.0,,0,0,0,0,,,,,0.0,0.0,1.0,1.0,0.7529357213238278,0.1791945639672884,0.0217852098489307,0.8926099808728917,0.2891456081878368,0.0191364449907688
Twelve-lead model masked to I+II,subcode,ILMI,2-lead,quality_flag,static_noise:present,316,292,6,6,0.0,1.0,0.0,1.0,0.0,,0,0,0,0,,,,,0.0,0.0,1.0,1.0,0.885483870967742,0.2449652777777777,0.0179651017769962,0.8698924731182796,0.2818122542127677,0.0164464489026198
Twelve-lead model masked to I+II,subcode,ILMI,2-lead,quality_flag,static_noise:absent,1882,1668,42,37,0.0,1.0,0.0,1.0,0.0,,0,0,0,0,,,,,0.0,0.0,1.0,1.0,0.7430383022774327,0.1716373936904938,0.0212363706977761,0.9038172877846792,0.3030410693898917,0.0184282879612039
Twelve-lead model masked to I+II,subcode,ILMI,2-lead,quality_flag,burst_noise:present,40,40,1,1,0.0,1.0,0.0,1.0,0.0,,0,0,0,0,,,,,0.0,0.0,1.0,1.0,0.3846153846153846,0.04,0.0246265052501072,0.8717948717948718,0.1666666666666666,0.0238392900728522
Twelve-lead model masked to I+II,subcode,ILMI,2-lead,quality_flag,burst_noise:absent,2158,1872,47,42,0.0,1.0,0.0,1.0,0.0,,0,0,0,0,,,,,0.0,0.0,1.0,1.0,0.76365945352107,0.1783384142211732,0.0206945141819931,0.8989386899422478,0.299944820382528,0.0180377869292398
Twelve-lead model masked to I+II,subcode,ILMI,2-lead,quality_flag,electrodes_problems:absent,2195,1901,48,43,0.0,1.0,0.0,1.0,0.0,,0,0,0,0,,,,,0.0,0.0,1.0,1.0,0.758102390933085,0.1744253924713432,0.0207940932427263,0.8994333178077939,0.2948946566658112,0.0181680051653932
Twelve-lead model masked to I+II,subcode,ILMI,2-lead,quality_flag,extra_beats:present,198,184,6,6,0.0,1.0,0.0,1.0,0.0,,0,0,0,0,,,,,0.0,0.0,1.0,1.0,0.9375,0.5013888888888889,0.027529036675412,0.8446180555555556,0.2462750106428267,0.0260573484486302
Twelve-lead model masked to I+II,subcode,ILMI,2-lead,quality_flag,extra_beats:absent,2000,1757,42,38,0.0,1.0,0.0,1.0,0.0,,0,0,0,0,,,,,0.0,0.0,1.0,1.0,0.7371102680091445,0.1438381687243528,0.020096536276507,0.9036188530570554,0.3089992681898503,0.0173598804016924
Twelve-lead model masked to I+II,subcode,ILMI,2-lead,quality_flag,pacemaker:present,29,26,0,0,0.0,1.0,0.0,1.0,0.0,,0,0,0,0,,,,,,0.0,,1.0,,,0.0005851326474185,,,0.0053132458656157
Twelve-lead model masked to I+II,subcode,ILMI,2-lead,quality_flag,pacemaker:absent,2169,1883,48,43,0.0,1.0,0.0,1.0,0.0,,0,0,0,0,,,,,0.0,0.0,1.0,1.0,0.7585847870501335,0.1751582704637602,0.0210358934845414,0.9012651265126512,0.3002436123045036,0.0183149062545462
Twelve-lead model masked to I+II,subcode,ILMI,2-lead,quality,any_flag,679,618,15,14,0.0,1.0,0.0,1.0,0.0,,0,0,0,0,,,,,0.0,0.0,1.0,1.0,0.851004016064257,0.2258698373176422,0.0208067493154125,0.8927710843373494,0.2373820387280861,0.0190672964495803
Twelve-lead model masked to I+II,subcode,ILMI,2-lead,quality,no_flags,1519,1382,33,30,0.0,1.0,0.0,1.0,0.0,,0,0,0,0,,,,,0.0,0.0,1.0,1.0,0.7205636445205759,0.1668008886142814,0.020747886128756,0.9038704678004812,0.3282487432308656,0.0177303630723822
Twelve-lead model masked to I+II,subcode,IMI,2-lead,overall,all,2198,1904,267,240,0.0,1.0,0.0,1.0,0.0,,0,0,0,0,,,,,0.0,0.0,1.0,1.0,0.6465513395671257,0.2186611850821489,0.1031979044873808,0.8212895454995082,0.3535659649381316,0.0899011202826871
Twelve-lead model masked to I+II,subcode,IMI,2-lead,sex,0,1132,969,160,140,0.0,1.0,0.0,1.0,0.0,,0,0,0,0,,,,,0.0,0.0,1.0,1.0,0.6664158950617284,0.263768469961265,0.1166098645077373,0.8258551954732509,0.3956435115007828,0.1007810496513096
Twelve-lead model masked to I+II,subcode,IMI,2-lead,sex,1,1066,935,107,100,0.0,1.0,0.0,1.0,0.0,,0,0,0,0,,,,,0.0,0.0,1.0,1.0,0.6128658162221161,0.1640604142947082,0.0889555604507546,0.8189020884293413,0.3077867056582239,0.078347574273981
Twelve-lead model masked to I+II,subcode,IMI,2-lead,age_band,40-64,866,755,92,78,0.0,1.0,0.0,1.0,0.0,,0,0,0,0,,,,,0.0,0.0,1.0,1.0,0.651471744747781,0.2031852245565019,0.0917904145053404,0.8136866644197281,0.344249050232521,0.0810723859552054
Twelve-lead model masked to I+II,subcode,IMI,2-lead,age_band,<40,284,266,3,3,0.0,1.0,0.0,1.0,0.0,,0,0,0,0,,,,,0.0,0.0,1.0,1.0,0.9549228944246738,0.4563492063492063,0.0170632885205352,0.896797153024911,0.0641666666666666,0.0121037909126851
Twelve-lead model masked to I+II,subcode,IMI,2-lead,age_band,65-79,708,615,116,107,0.0,1.0,0.0,1.0,0.0,,0,0,0,0,,,,,0.0,0.0,1.0,1.0,0.629222972972973,0.271401375867822,0.1351654899754856,0.7978943383038211,0.4023393303287671,0.1159110720749855
Twelve-lead model masked to I+II,subcode,IMI,2-lead,age_band,80+,340,274,56,52,0.0,1.0,0.0,1.0,0.0,,0,0,0,0,,,,,0.0,0.0,1.0,1.0,0.6258174044265594,0.2521336968614663,0.1376333948798895,0.7708752515090543,0.3409451332953802,0.1232101779289591
Twelve-lead model masked to I+II,subcode,IMI,2-lead,quality_flag,baseline_drift:present,236,231,24,24,0.0,1.0,0.0,1.0,0.0,,0,0,0,0,,,,,0.0,0.0,1.0,1.0,0.6591981132075472,0.1993493442585224,0.0884798046183861,0.7670990566037736,0.2277397538840274,0.0909330988896342
Twelve-lead model masked to I+II,subcode,IMI,2-lead,quality_flag,baseline_drift:absent,1962,1727,243,220,0.0,1.0,0.0,1.0,0.0,,0,0,0,0,,,,,0.0,0.0,1.0,1.0,0.645367557461152,0.2229960920224173,0.1049682773564342,0.827009674013746,0.3739595629297039,0.0897769882993846
Twelve-lead model masked to I+II,subcode,IMI,2-lead,quality_flag,static_noise:present,316,292,46,43,0.0,1.0,0.0,1.0,0.0,,0,0,0,0,,,,,0.0,0.0,1.0,1.0,0.6072463768115942,0.2408733932299135,0.1225911738384862,0.7717391304347826,0.3836458798471294,0.1093013736228767
Twelve-lead model masked to I+II,subcode,IMI,2-lead,quality_flag,static_noise:absent,1882,1668,221,206,0.0,1.0,0.0,1.0,0.0,,0,0,0,0,,,,,0.0,0.0,1.0,1.0,0.6541744192698615,0.2194550003612331,0.0999416488471314,0.8305932478117909,0.3526277720516013,0.086643691985397
Twelve-lead model masked to I+II,subcode,IMI,2-lead,quality_flag,burst_noise:present,40,40,5,5,0.0,1.0,0.0,1.0,0.0,,0,0,0,0,,,,,0.0,0.0,1.0,1.0,0.4228571428571429,0.2974735111435879,0.1137669004961753,0.6342857142857143,0.200076726342711,0.1287510328995376
Twelve-lead model masked to I+II,subcode,IMI,2-lead,quality_flag,burst_noise:absent,2158,1872,262,235,0.0,1.0,0.0,1.0,0.0,,0,0,0,0,,,,,0.0,0.0,1.0,1.0,0.6505560118529972,0.2198017796174528,0.1030020009469027,0.8244093632234999,0.3612521789410141,0.0891810106883062
Twelve-lead model masked to I+II,subcode,IMI,2-lead,quality_flag,electrodes_problems:absent,2195,1901,267,240,0.0,1.0,0.0,1.0,0.0,,0,0,0,0,,,,,0.0,0.0,1.0,1.0,0.6460713009153496,0.2186691290480756,0.1033366278416133,0.8210988857289385,0.3535893359313758,0.090020941676955
Twelve-lead model masked to I+II,subcode,IMI,2-lead,quality_flag,extra_beats:present,198,184,36,35,0.0,1.0,0.0,1.0,0.0,,0,0,0,0,,,,,0.0,0.0,1.0,1.0,0.4866255144032922,0.1903182527560602,0.1572220860417038,0.8353909465020577,0.4475260099198747,0.1212238505938047
Twelve-lead model masked to I+II,subcode,IMI,2-lead,quality_flag,extra_beats:absent,2000,1757,231,208,0.0,1.0,0.0,1.0,0.0,,0,0,0,0,,,,,0.0,0.0,1.0,1.0,0.6668257312689194,0.2301045036006377,0.0978495105135028,0.8180276478750194,0.3429766302864018,0.0868001699818864
Twelve-lead model masked to I+II,subcode,IMI,2-lead,quality_flag,pacemaker:present,29,26,0,0,0.0,1.0,0.0,1.0,0.0,,0,0,0,0,,,,,,0.0,,1.0,,,0.0076948244878711,,,0.0153709582622529
Twelve-lead model masked to I+II,subcode,IMI,2-lead,quality_flag,pacemaker:absent,2169,1883,267,240,0.0,1.0,0.0,1.0,0.0,,0,0,0,0,,,,,0.0,0.0,1.0,1.0,0.6444349925369314,0.2196732928925374,0.1044748013615098,0.8205378135374946,0.355890536663016,0.0908976046988201
Twelve-lead model masked to I+II,subcode,IMI,2-lead,quality,any_flag,679,618,95,87,0.0,1.0,0.0,1.0,0.0,,0,0,0,0,,,,,0.0,0.0,1.0,1.0,0.5936733958183129,0.2062428600852686,0.1194920791284855,0.7957642393655371,0.3399997768836537,0.1062418114904013
Twelve-lead model masked to I+II,subcode,IMI,2-lead,quality,no_flags,1519,1382,172,158,0.0,1.0,0.0,1.0,0.0,,0,0,0,0,,,,,0.0,0.0,1.0,1.0,0.6744876642323164,0.2315605721752709,0.0959143333344446,0.8330139327704977,0.3701737147109691,0.0825967560101144
Twelve-lead model masked to I+II,subcode,IRBBB,2-lead,overall,all,2198,1904,112,106,0.0,1.0,0.0,1.0,0.0,,0,0,0,0,,,,,0.0,0.0,1.0,1.0,0.3953097178468703,0.0410353798581023,0.0485379414027836,0.8074792836597726,0.2396596893525557,0.044396577200864
Twelve-lead model masked to I+II,subcode,IRBBB,2-lead,sex,0,1132,969,68,62,0.0,1.0,0.0,1.0,0.0,,0,0,0,0,,,,,0.0,0.0,1.0,1.0,0.385172490048651,0.0505273179709343,0.0565722258772437,0.8060730871295887,0.2808568880469171,0.0505578125165009
Twelve-lead model masked to I+II,subcode,IRBBB,2-lead,sex,1,1066,935,44,44,0.0,1.0,0.0,1.0,0.0,,0,0,0,0,,,,,0.0,0.0,1.0,1.0,0.4074452944315958,0.0334688086815649,0.0400062246813119,0.8073963707525351,0.1831705778399364,0.0378538770345403
Twelve-lead model masked to I+II,subcode,IRBBB,2-lead,age_band,40-64,866,755,46,43,0.0,1.0,0.0,1.0,0.0,,0,0,0,0,,,,,0.0,0.0,1.0,1.0,0.3711293743372216,0.0427779888432678,0.050458840248471,0.8396076352067869,0.3102555845602231,0.0445823086443191
Twelve-lead model masked to I+II,subcode,IRBBB,2-lead,age_band,<40,284,266,19,19,0.0,1.0,0.0,1.0,0.0,,0,0,0,0,,,,,0.0,0.0,1.0,1.0,0.4347567030784508,0.0592907851852501,0.0625404876342359,0.8663356504468719,0.3478536741695628,0.0547264355495469
Twelve-lead model masked to I+II,subcode,IRBBB,2-lead,age_band,65-79,708,615,33,31,0.0,1.0,0.0,1.0,0.0,,0,0,0,0,,,,,0.0,0.0,1.0,1.0,0.3753984287317621,0.0454951761886879,0.0447238454390352,0.778226711560045,0.1916359995209685,0.0437405258764077
Twelve-lead model masked to I+II,subcode,IRBBB,2-lead,age_band,80+,340,274,14,13,0.0,1.0,0.0,1.0,0.0,,0,0,0,0,,,,,0.0,0.0,1.0,1.0,0.4796231375985977,0.0425084113538046,0.0398913484975957,0.7925065731814198,0.4055090574554241,0.0366611687792666
Twelve-lead model masked to I+II,subcode,IRBBB,2-lead,quality_flag,baseline_drift:present,236,231,14,14,0.0,1.0,0.0,1.0,0.0,,0,0,0,0,,,,,0.0,0.0,1.0,1.0,0.36003861003861,0.0477261763839571,0.0559256868676272,0.8194980694980696,0.2460674041023565,0.0512561934455301
Twelve-lead model masked to I+II,subcode,IRBBB,2-lead,quality_flag,baseline_drift:absent,1962,1727,98,92,0.0,1.0,0.0,1.0,0.0,,0,0,0,0,,,,,0.0,0.0,1.0,1.0,0.4008824559866865,0.0409853673126879,0.0476493033142499,0.8067903126916002,0.2441436664966862,0.0435714653589979
Twelve-lead model masked to I+II,subcode,IRBBB,2-lead,quality_flag,static_noise:present,316,292,19,18,0.0,1.0,0.0,1.0,0.0,,0,0,0,0,,,,,0.0,0.0,1.0,1.0,0.3418394471026049,0.0450177956801617,0.0566398342314522,0.782562466772993,0.3479065742377322,0.0496548640775415
Twelve-lead model masked to I+II,subcode,IRBBB,2-lead,quality_flag,static_noise:absent,1882,1668,93,89,0.0,1.0,0.0,1.0,0.0,,0,0,0,0,,,,,0.0,0.0,1.0,1.0,0.4061378676139129,0.0411117857252899,0.0471775810766097,0.8116085757045746,0.2248151547832661,0.0435136767476067
Twelve-lead model masked to I+II,subcode,IRBBB,2-lead,quality_flag,burst_noise:present,40,40,1,1,0.0,1.0,0.0,1.0,0.0,,0,0,0,0,,,,,0.0,0.0,1.0,1.0,0.3846153846153846,0.04,0.0257551477828557,0.9230769230769232,0.25,0.026738516017912
Twelve-lead model masked to I+II,subcode,IRBBB,2-lead,quality_flag,burst_noise:absent,2158,1872,111,105,0.0,1.0,0.0,1.0,0.0,,0,0,0,0,,,,,0.0,0.0,1.0,1.0,0.3961807435183107,0.0415901248662196,0.0489602360018555,0.8069246579261234,0.2412330517817874,0.044723881393319
Twelve-lead model masked to I+II,subcode,IRBBB,2-lead,quality_flag,electrodes_problems:absent,2195,1901,112,106,0.0,1.0,0.0,1.0,0.0,,0,0,0,0,,,,,0.0,0.0,1.0,1.0,0.3953818325217749,0.0410969314488762,0.0485991611449693,0.8075406350730403,0.2397344492084357,0.0444540487130945
Twelve-lead model masked to I+II,subcode,IRBBB,2-lead,quality_flag,extra_beats:present,198,184,15,15,0.0,1.0,0.0,1.0,0.0,,0,0,0,0,,,,,0.0,0.0,1.0,1.0,0.3500910746812386,0.059406376885955,0.0704180255882291,0.8306010928961748,0.4540612681812629,0.05440916481939
Twelve-lead model masked to I+II,subcode,IRBBB,2-lead,quality_flag,extra_beats:absent,2000,1757,97,91,0.0,1.0,0.0,1.0,0.0,,0,0,0,0,,,,,0.0,0.0,1.0,1.0,0.4013034221603437,0.0401864540184309,0.0463718130684245,0.805163848725019,0.219458584987861,0.0434053310266299
Twelve-lead model masked to I+II,subcode,IRBBB,2-lead,quality_flag,pacemaker:present,29,26,0,0,0.0,1.0,0.0,1.0,0.0,,0,0,0,0,,,,,,0.0,,1.0,,,0.0037322461791214,,,0.0107687594929547
Twelve-lead model masked to I+II,subcode,IRBBB,2-lead,quality_flag,pacemaker:absent,2169,1883,112,106,0.0,1.0,0.0,1.0,0.0,,0,0,0,0,,,,,0.0,0.0,1.0,1.0,0.3952184179456907,0.0416085377044852,0.0491370032568575,0.8080075005208694,0.2417330125215601,0.0448461884104211
Twelve-lead model masked to I+II,subcode,IRBBB,2-lead,quality,any_flag,679,618,38,37,0.0,1.0,0.0,1.0,0.0,,0,0,0,0,,,,,0.0,0.0,1.0,1.0,0.3793825437228015,0.0430361811649059,0.0529565165129433,0.7750636341243123,0.2696346390421683,0.0484712831613863
Twelve-lead model masked to I+II,subcode,IRBBB,2-lead,quality,no_flags,1519,1382,74,70,0.0,1.0,0.0,1.0,0.0,,0,0,0,0,,,,,0.0,0.0,1.0,1.0,0.4036472458617788,0.0416064052454812,0.0465628179664449,0.8239783035630787,0.2389441740188396,0.0425751648590636
Twelve-lead model masked to I+II,subcode,ISCAL,2-lead,overall,all,2198,1904,66,65,0.0,1.0,0.0,1.0,0.0,,0,0,0,0,,,,,0.0,0.0,1.0,1.0,0.7790238217067486,0.1107837812706853,0.0282258956230674,0.9066746261868212,0.2063521564829761,0.0259531971846117
Twelve-lead model masked to I+II,subcode,ISCAL,2-lead,sex,0,1132,969,32,32,0.0,1.0,0.0,1.0,0.0,,0,0,0,0,,,,,0.0,0.0,1.0,1.0,0.8301704545454546,0.145285330118783,0.0263061868098668,0.9176704545454546,0.2486358157749925,0.0238053775584911
Twelve-lead model masked to I+II,subcode,ISCAL,2-lead,sex,1,1066,935,34,33,0.0,1.0,0.0,1.0,0.0,,0,0,0,0,,,,,0.0,0.0,1.0,1.0,0.730078659370725,0.1013695663345885,0.0302644607042522,0.893781349749202,0.1802914062025765,0.0282339962622556
Twelve-lead model masked to I+II,subcode,ISCAL,2-lead,age_band,40-64,866,755,21,21,0.0,1.0,0.0,1.0,0.0,,0,0,0,0,,,,,0.0,0.0,1.0,1.0,0.7657368272752888,0.0984180865888781,0.0230695589674194,0.92690898844745,0.2322106215781409,0.0207081922822934
Twelve-lead model masked to I+II,subcode,ISCAL,2-lead,age_band,<40,284,266,0,0,0.0,1.0,0.0,1.0,0.0,,0,0,0,0,,,,,,0.0,,1.0,,,0.0006292875079008,,,0.0003379851650967
Twelve-lead model masked to I+II,subcode,ISCAL,2-lead,age_band,65-79,708,615,20,20,0.0,1.0,0.0,1.0,0.0,,0,0,0,0,,,,,0.0,0.0,1.0,1.0,0.7327034883720931,0.0912531694949998,0.0268312244370632,0.8901889534883721,0.1652623203993956,0.0256615349221736
Twelve-lead model masked to I+II,subcode,ISCAL,2-lead,age_band,80+,340,274,25,24,0.0,1.0,0.0,1.0,0.0,,0,0,0,0,,,,,0.0,0.0,1.0,1.0,0.7447619047619047,0.1930788791449924,0.0673148704706836,0.817015873015873,0.2622181997053991,0.0613161128927176
Twelve-lead model masked to I+II,subcode,ISCAL,2-lead,quality_flag,baseline_drift:present,236,231,9,9,0.0,1.0,0.0,1.0,0.0,,0,0,0,0,,,,,0.0,0.0,1.0,1.0,0.7743514439549682,0.2163902528981894,0.0356697136625548,0.936368086147822,0.4312508266531255,0.0293096350530693
Twelve-lead model masked to I+II,subcode,ISCAL,2-lead,quality_flag,baseline_drift:absent,1962,1727,57,56,0.0,1.0,0.0,1.0,0.0,,0,0,0,0,,,,,0.0,0.0,1.0,1.0,0.7808168715752636,0.1124078395936673,0.0273305128211719,0.9024450891007044,0.1793373662369714,0.0255494666357044
Twelve-lead model masked to I+II,subcode,ISCAL,2-lead,quality_flag,static_noise:present,316,292,11,11,0.0,1.0,0.0,1.0,0.0,,0,0,0,0,,,,,0.0,0.0,1.0,1.0,0.7847988077496275,0.1428400453114524,0.0325342474342799,0.94575260804769,0.2885478833531372,0.0273863142714834
Twelve-lead model masked to I+II,subcode,ISCAL,2-lead,quality_flag,static_noise:absent,1882,1668,55,54,0.0,1.0,0.0,1.0,0.0,,0,0,0,0,,,,,0.0,0.0,1.0,1.0,0.7787729511867443,0.1110271403568575,0.027502495425223,0.8976066079514355,0.1943696553819274,0.0257125675355939
Twelve-lead model masked to I+II,subcode,ISCAL,2-lead,quality_flag,burst_noise:present,40,40,0,0,0.0,1.0,0.0,1.0,0.0,,0,0,0,0,,,,,,0.0,,1.0,,,0.0021030666240824,,,0.007639931315866
Twelve-lead model masked to I+II,subcode,ISCAL,2-lead,quality_flag,burst_noise:absent,2158,1872,66,65,0.0,1.0,0.0,1.0,0.0,,0,0,0,0,,,,,0.0,0.0,1.0,1.0,0.779825018830755,0.1141652345560358,0.0287101000530764,0.9077510284489252,0.211278662673897,0.0262926460422344
Twelve-lead model masked to I+II,subcode,ISCAL,2-lead,quality_flag,electrodes_problems:absent,2195,1901,66,65,0.0,1.0,0.0,1.0,0.0,,0,0,0,0,,,,,0.0,0.0,1.0,1.0,0.7787836087507295,0.1107886844318751,0.0282638427251693,0.9067423886587812,0.2065119395734309,0.0259819915444332
Twelve-lead model masked to I+II,subcode,ISCAL,2-lead,quality_flag,extra_beats:present,198,184,14,14,0.0,1.0,0.0,1.0,0.0,,0,0,0,0,,,,,0.0,0.0,1.0,1.0,0.7511645962732919,0.2181449693267146,0.06455405874784,0.8101708074534162,0.2594029367358277,0.0596801828606396
Twelve-lead model masked to I+II,subcode,ISCAL,2-lead,quality_flag,extra_beats:absent,2000,1757,52,51,0.0,1.0,0.0,1.0,0.0,,0,0,0,0,,,,,0.0,0.0,1.0,1.0,0.775341573211183,0.10192386861222,0.0246294074737149,0.9136491075659454,0.194169033167647,0.0226142256026849
Twelve-lead model masked to I+II,subcode,ISCAL,2-lead,quality_flag,pacemaker:present,29,26,0,0,0.0,1.0,0.0,1.0,0.0,,0,0,0,0,,,,,,0.0,,1.0,,,0.0008363590330014,,,0.00143589680302
Twelve-lead model masked to I+II,subcode,ISCAL,2-lead,quality_flag,pacemaker:absent,2169,1883,66,65,0.0,1.0,0.0,1.0,0.0,,0,0,0,0,,,,,0.0,0.0,1.0,1.0,0.7781668323751062,0.1111134449470024,0.0285920996623076,0.9062882750471908,0.2067435179682825,0.0262809988033605
Twelve-lead model masked to I+II,subcode,ISCAL,2-lead,quality,any_flag,679,618,25,25,0.0,1.0,0.0,1.0,0.0,,0,0,0,0,,,,,0.0,0.0,1.0,1.0,0.7409785932721713,0.0984751752009461,0.0346726215858884,0.9071559633027524,0.257762986262636,0.030828120442762
Twelve-lead model masked to I+II,subcode,ISCAL,2-lead,quality,no_flags,1519,1382,41,40,0.0,1.0,0.0,1.0,0.0,,0,0,0,0,,,,,0.0,0.0,1.0,1.0,0.7990032674345687,0.1255316660677757,0.0253441794092718,0.9054589260371628,0.1814073447548454,0.0237740840231343
Twelve-lead model masked to I+II,subcode,ISC_,2-lead,overall,all,2198,1904,128,121,0.0,1.0,0.0,1.0,0.0,,0,0,0,0,,,,,0.0,0.0,1.0,1.0,0.7474713164251209,0.2048084717678288,0.0516471677814891,0.9517814009661836,0.6181438628907956,0.033626206077189
Twelve-lead model masked to I+II,subcode,ISC_,2-lead,sex,0,1132,969,61,57,0.0,1.0,0.0,1.0,0.0,,0,0,0,0,,,,,0.0,0.0,1.0,1.0,0.7263932895562597,0.1538693963145184,0.0502933976093548,0.95483001943947,0.5803875833876541,0.0329329510630999
Twelve-lead model masked to I+II,subcode,ISC_,2-lead,sex,1,1066,935,67,64,0.0,1.0,0.0,1.0,0.0,,0,0,0,0,,,,,0.0,0.0,1.0,1.0,0.7702628001135463,0.2769344801063179,0.0530847548685961,0.9488891876951576,0.661185707728133,0.0343623830715124
Twelve-lead model masked to I+II,subcode,ISC_,2-lead,age_band,40-64,866,755,23,23,0.0,1.0,0.0,1.0,0.0,,0,0,0,0,,,,,0.0,0.0,1.0,1.0,0.7721904172468926,0.1684900953870445,0.0243614927611937,0.9563670122234256,0.5214345265035804,0.0178291041636619
Twelve-lead model masked to I+II,subcode,ISC_,2-lead,age_band,<40,284,266,3,3,0.0,1.0,0.0,1.0,0.0,,0,0,0,0,,,,,0.0,0.0,1.0,1.0,0.8398576512455516,0.3580917874396135,0.0110979952998518,0.99644128113879,0.7555555555555555,0.0059913654227323
Twelve-lead model masked to I+II,subcode,ISC_,2-lead,age_band,65-79,708,615,65,62,0.0,1.0,0.0,1.0,0.0,,0,0,0,0,,,,,0.0,0.0,1.0,1.0,0.7169517884914464,0.2446630388727738,0.080397185160948,0.9394664433544684,0.6655907654258189,0.0499931129763589
Twelve-lead model masked to I+II,subcode,ISC_,2-lead,age_band,80+,340,274,37,33,0.0,1.0,0.0,1.0,0.0,,0,0,0,0,,,,,0.0,0.0,1.0,1.0,0.676121666220676,0.2545971249888095,0.0951481890982653,0.9106234947819106,0.6251808728673871,0.0628638970135648
Twelve-lead model masked to I+II,subcode,ISC_,2-lead,quality_flag,baseline_drift:present,236,231,13,13,0.0,1.0,0.0,1.0,0.0,,0,0,0,0,,,,,0.0,0.0,1.0,1.0,0.6954122111072784,0.2082187173078782,0.0493960460135489,0.9589513625388064,0.690373490260368,0.0283925715407992
Twelve-lead model masked to I+II,subcode,ISC_,2-lead,quality_flag,baseline_drift:absent,1962,1727,115,110,0.0,1.0,0.0,1.0,0.0,,0,0,0,0,,,,,0.0,0.0,1.0,1.0,0.7532591040700548,0.2069747433390252,0.0519179449156552,0.951140509875003,0.6128414939042623,0.0342557360214234
Twelve-lead model masked to I+II,subcode,ISC_,2-lead,quality_flag,static_noise:present,316,292,12,12,0.0,1.0,0.0,1.0,0.0,,0,0,0,0,,,,,0.0,0.0,1.0,1.0,0.8116776315789473,0.1331307107889045,0.0364863948658348,0.9805372807017544,0.6526555580434892,0.0222888901967657
Twelve-lead model masked to I+II,subcode,ISC_,2-lead,quality_flag,static_noise:absent,1882,1668,116,110,0.0,1.0,0.0,1.0,0.0,,0,0,0,0,,,,,0.0,0.0,1.0,1.0,0.7399246299839888,0.2161105435022666,0.0541927598332143,0.9483588471902216,0.6195031101505863,0.0355298149072706
Twelve-lead model masked to I+II,subcode,ISC_,2-lead,quality_flag,burst_noise:present,40,40,2,2,0.0,1.0,0.0,1.0,0.0,,0,0,0,0,,,,,0.0,0.0,1.0,1.0,0.8421052631578947,0.2,0.048337702777682,0.8421052631578948,0.2159090909090909,0.0562658289523894
Twelve-lead model masked to I+II,subcode,ISC_,2-lead,quality_flag,burst_noise:absent,2158,1872,126,119,0.0,1.0,0.0,1.0,0.0,,0,0,0,0,,,,,0.0,0.0,1.0,1.0,0.746031746031746,0.2067055693785462,0.0517085109696969,0.95312695288089,0.628383527917466,0.0332065652453966
Twelve-lead model masked to I+II,subcode,ISC_,2-lead,quality_flag,electrodes_problems:absent,2195,1901,127,120,0.0,1.0,0.0,1.0,0.0,,0,0,0,0,,,,,0.0,0.0,1.0,1.0,0.7470072648075663,0.2048046393647036,0.0513145703209239,0.9521124293699263,0.6198491162713656,0.0332903109673764
Twelve-lead model masked to I+II,subcode,ISC_,2-lead,quality_flag,extra_beats:present,198,184,18,17,0.0,1.0,0.0,1.0,0.0,,0,0,0,0,,,,,0.0,0.0,1.0,1.0,0.7487654320987654,0.2622963680617721,0.0769346489830972,0.954320987654321,0.7176993368363338,0.0456452384358525
Twelve-lead model masked to I+II,subcode,ISC_,2-lead,quality_flag,extra_beats:absent,2000,1757,110,105,0.0,1.0,0.0,1.0,0.0,,0,0,0,0,,,,,0.0,0.0,1.0,1.0,0.7427320827320827,0.1996777437272863,0.0491437071425299,0.9521837421837422,0.6083051707019602,0.0324363218736813
Twelve-lead model masked to I+II,subcode,ISC_,2-lead,quality_flag,pacemaker:present,29,26,0,0,0.0,1.0,0.0,1.0,0.0,,0,0,0,0,,,,,,0.0,,1.0,,,0.01363699043215,,,0.0023344678982913
Twelve-lead model masked to I+II,subcode,ISC_,2-lead,quality_flag,pacemaker:absent,2169,1883,128,121,0.0,1.0,0.0,1.0,0.0,,0,0,0,0,,,,,0.0,0.0,1.0,1.0,0.7494564551690347,0.2101636131323745,0.0521553720890644,0.9518082435080842,0.6190017627095847,0.0340445833972388
Twelve-lead model masked to I+II,subcode,ISC_,2-lead,quality,any_flag,679,618,38,37,0.0,1.0,0.0,1.0,0.0,,0,0,0,0,,,,,0.0,0.0,1.0,1.0,0.7647179571393382,0.1666234841115084,0.0508909827777507,0.9593152147138516,0.6218454688053094,0.0321827668546407
Twelve-lead model masked to I+II,subcode,ISC_,2-lead,quality,no_flags,1519,1382,90,87,0.0,1.0,0.0,1.0,0.0,,0,0,0,0,,,,,0.0,0.0,1.0,1.0,0.7393437524298265,0.2207089813994806,0.0519851859628837,0.9499883368322836,0.623237325824502,0.0342714300614617
Twelve-lead model masked to I+II,subcode,IVCD,2-lead,overall,all,2198,1904,79,77,0.0,1.0,0.0,1.0,0.0,,0,0,0,0,,,,,0.0,0.0,1.0,1.0,0.6351037329526109,0.0624994533866128,0.0343982950577999,0.6624034503975484,0.0907787681880722,0.0341785305912824
Twelve-lead model masked to I+II,subcode,IVCD,2-lead,sex,0,1132,969,45,44,0.0,1.0,0.0,1.0,0.0,,0,0,0,0,,,,,0.0,0.0,1.0,1.0,0.6349790452826332,0.0677525680098146,0.0379203455648429,0.6886640089951958,0.1206101428843785,0.0374902587501536
Twelve-lead model masked to I+II,subcode,IVCD,2-lead,sex,1,1066,935,34,33,0.0,1.0,0.0,1.0,0.0,,0,0,0,0,,,,,0.0,0.0,1.0,1.0,0.6339489284085728,0.0645453009681282,0.0306581813861557,0.6259974920200638,0.0646334848683584,0.0306617611017493
Twelve-lead model masked to I+II,subcode,IVCD,2-lead,age_band,40-64,866,755,31,31,0.0,1.0,0.0,1.0,0.0,,0,0,0,0,,,,,0.0,0.0,1.0,1.0,0.5736526946107785,0.0644519972054647,0.0343769557767647,0.6588757967935097,0.1201518418708555,0.0340863389368515
Twelve-lead model masked to I+II,subcode,IVCD,2-lead,age_band,<40,284,266,4,3,0.0,1.0,0.0,1.0,0.0,,0,0,0,0,,,,,0.0,0.0,1.0,1.0,0.5357142857142857,0.0257567036836403,0.0143448193113694,0.4455357142857143,0.0295600909314131,0.0141189681052881
Twelve-lead model masked to I+II,subcode,IVCD,2-lead,age_band,65-79,708,615,29,29,0.0,1.0,0.0,1.0,0.0,,0,0,0,0,,,,,0.0,0.0,1.0,1.0,0.6253618404347163,0.0642344085540276,0.0390902260229903,0.6616728454623939,0.1136386137896223,0.0387301636787054
Twelve-lead model masked to I+II,subcode,IVCD,2-lead,age_band,80+,340,274,15,14,0.0,1.0,0.0,1.0,0.0,,0,0,0,0,,,,,0.0,0.0,1.0,1.0,0.7677948717948718,0.1170264645148936,0.0414329415460584,0.660923076923077,0.0874570462141921,0.0416908761585293
Twelve-lead model masked to I+II,subcode,IVCD,2-lead,quality_flag,baseline_drift:present,236,231,8,8,0.0,1.0,0.0,1.0,0.0,,0,0,0,0,,,,,0.0,0.0,1.0,1.0,0.6754385964912281,0.0598225854755705,0.0326096365250702,0.700109649122807,0.0799377204625538,0.0322786305964791
Twelve-lead model masked to I+II,subcode,IVCD,2-lead,quality_flag,baseline_drift:absent,1962,1727,71,69,0.0,1.0,0.0,1.0,0.0,,0,0,0,0,,,,,0.0,0.0,1.0,1.0,0.6313672622727374,0.0653521973699837,0.0346134446060793,0.6582849822360923,0.0954630056083839,0.0344070608658866
Twelve-lead model masked to I+II,subcode,IVCD,2-lead,quality_flag,static_noise:present,316,292,11,11,0.0,1.0,0.0,1.0,0.0,,0,0,0,0,,,,,0.0,0.0,1.0,1.0,0.6673621460506707,0.0663886395189918,0.0333966256056511,0.6461997019374068,0.0990587671507672,0.0332958027126739
Twelve-lead model masked to I+II,subcode,IVCD,2-lead,quality_flag,static_noise:absent,1882,1668,68,66,0.0,1.0,0.0,1.0,0.0,,0,0,0,0,,,,,0.0,0.0,1.0,1.0,0.6311288021272456,0.0648549934550861,0.0345664818521033,0.6651452753096828,0.0924447612417311,0.0343267463243537
Twelve-lead model masked to I+II,subcode,IVCD,2-lead,quality_flag,burst_noise:present,40,40,4,4,0.0,1.0,0.0,1.0,0.0,,0,0,0,0,,,,,0.0,0.0,1.0,1.0,0.5486111111111112,0.1358497346306943,0.0941046305020772,0.5138888888888888,0.1203262463343108,0.0940708432727144
Twelve-lead model masked to I+II,subcode,IVCD,2-lead,quality_flag,burst_noise:absent,2158,1872,75,73,0.0,1.0,0.0,1.0,0.0,,0,0,0,0,,,,,0.0,0.0,1.0,1.0,0.6381052968474956,0.062332500338252,0.0332915974592035,0.6664682349175869,0.0926889319155868,0.0330683857779101
Twelve-lead model masked to I+II,subcode,IVCD,2-lead,quality_flag,electrodes_problems:absent,2195,1901,79,77,0.0,1.0,0.0,1.0,0.0,,0,0,0,0,,,,,0.0,0.0,1.0,1.0,0.6351367519322343,0.0625669900499504,0.0344434301749824,0.6625768706180756,0.0908337179353691,0.0342226496254649
Twelve-lead model masked to I+II,subcode,IVCD,2-lead,quality_flag,extra_beats:present,198,184,9,9,0.0,1.0,0.0,1.0,0.0,,0,0,0,0,,,,,0.0,0.0,1.0,1.0,0.7054673721340388,0.1004560760373094,0.042851613544632,0.6660787771898884,0.0969175844940494,0.042851144926493
Twelve-lead model masked to I+II,subcode,IVCD,2-lead,quality_flag,extra_beats:absent,2000,1757,70,68,0.0,1.0,0.0,1.0,0.0,,0,0,0,0,,,,,0.0,0.0,1.0,1.0,0.6244855662472243,0.0603653933891547,0.0335614165276035,0.659940784603997,0.0931095544069501,0.0333199417720965
Twelve-lead model masked to I+II,subcode,IVCD,2-lead,quality_flag,pacemaker:present,29,26,0,0,0.0,1.0,0.0,1.0,0.0,,0,0,0,0,,,,,,0.0,,1.0,,,0.001853860015396,,,0.0018997091332851
Twelve-lead model masked to I+II,subcode,IVCD,2-lead,quality_flag,pacemaker:absent,2169,1883,79,77,0.0,1.0,0.0,1.0,0.0,,0,0,0,0,,,,,0.0,0.0,1.0,1.0,0.6360123553994306,0.0643322883850203,0.0348334212063613,0.6635212888377445,0.0921001668319378,0.0346101054286645
Twelve-lead model masked to I+II,subcode,IVCD,2-lead,quality,any_flag,679,618,22,22,0.0,1.0,0.0,1.0,0.0,,0,0,0,0,,,,,0.0,0.0,1.0,1.0,0.6837553618375536,0.0615583316425722,0.0310928208300338,0.6448733914487339,0.0732776320624112,0.031110950407767
Twelve-lead model masked to I+II,subcode,IVCD,2-lead,quality,no_flags,1519,1382,57,55,0.0,1.0,0.0,1.0,0.0,,0,0,0,0,,,,,0.0,0.0,1.0,1.0,0.6173830609355124,0.0681450947562222,0.0358758572702115,0.6700506395948832,0.1052079193280564,0.0355497530696279
Twelve-lead model masked to I+II,subcode,LAFB,2-lead,overall,all,2198,1904,162,150,0.0,1.0,0.0,1.0,0.0,,0,0,0,0,,,,,0.0,0.0,1.0,1.0,0.3924634359310194,0.0714648473290107,0.0690021590297517,0.8960440466661815,0.3678364567886188,0.0545089617309158
Twelve-lead model masked to I+II,subcode,LAFB,2-lead,sex,0,1132,969,88,81,0.0,1.0,0.0,1.0,0.0,,0,0,0,0,,,,,0.0,0.0,1.0,1.0,0.4000674851967956,0.0737604816755273,0.0723911661371035,0.8946577847439916,0.3608613634006717,0.0576385733391943
Twelve-lead model masked to I+II,subcode,LAFB,2-lead,sex,1,1066,935,74,69,0.0,1.0,0.0,1.0,0.0,,0,0,0,0,,,,,0.0,0.0,1.0,1.0,0.3804489973844812,0.0761021417487949,0.06540332596641,0.8968913469921534,0.3874747224331732,0.0511855843007364
Twelve-lead model masked to I+II,subcode,LAFB,2-lead,age_band,40-64,866,755,41,40,0.0,1.0,0.0,1.0,0.0,,0,0,0,0,,,,,0.0,0.0,1.0,1.0,0.2693569844789356,0.044352106557392,0.0473387062791434,0.9046563192904656,0.3039014700824704,0.0384790779754065
Twelve-lead model masked to I+II,subcode,LAFB,2-lead,age_band,<40,284,266,4,4,0.0,1.0,0.0,1.0,0.0,,0,0,0,0,,,,,0.0,0.0,1.0,1.0,0.2535714285714285,0.011602667273201,0.0187410459478095,0.8401785714285713,0.061479828042328,0.0156806751031702
Twelve-lead model masked to I+II,subcode,LAFB,2-lead,age_band,65-79,708,615,66,59,0.0,1.0,0.0,1.0,0.0,,0,0,0,0,,,,,0.0,0.0,1.0,1.0,0.4543094496365525,0.1077535991065749,0.0848603685636085,0.9127017841971112,0.4287610522240637,0.0642170101779551
Twelve-lead model masked to I+II,subcode,LAFB,2-lead,age_band,80+,340,274,51,47,0.0,1.0,0.0,1.0,0.0,,0,0,0,0,,,,,0.0,0.0,1.0,1.0,0.3700386729086098,0.1256255726245221,0.1331406703454216,0.7939480290386051,0.4407461636511066,0.1075554747722308
Twelve-lead model masked to I+II,subcode,LAFB,2-lead,quality_flag,baseline_drift:present,236,231,11,11,0.0,1.0,0.0,1.0,0.0,,0,0,0,0,,,,,0.0,0.0,1.0,1.0,0.4569696969696969,0.0529701100487629,0.0461880148309606,0.8650505050505051,0.1862237610048471,0.0498305096276067
Twelve-lead model masked to I+II,subcode,LAFB,2-lead,quality_flag,baseline_drift:absent,1962,1727,151,142,0.0,1.0,0.0,1.0,0.0,,0,0,0,0,,,,,0.0,0.0,1.0,1.0,0.3879456302726897,0.0748869820810428,0.0717463680159468,0.8990239924523059,0.3956216437141807,0.0550717113213241
Twelve-lead model masked to I+II,subcode,LAFB,2-lead,quality_flag,static_noise:present,316,292,23,22,0.0,1.0,0.0,1.0,0.0,,0,0,0,0,,,,,0.0,0.0,1.0,1.0,0.4055497848345452,0.094454758638816,0.0680576285171711,0.8556165603205224,0.294816868920113,0.0602733980565325
Twelve-lead model masked to I+II,subcode,LAFB,2-lead,quality_flag,static_noise:absent,1882,1668,139,129,0.0,1.0,0.0,1.0,0.0,,0,0,0,0,,,,,0.0,0.0,1.0,1.0,0.3894550452581137,0.0702107070699216,0.0691607518257004,0.902623856164638,0.3873647303946192,0.0535410755040854
Twelve-lead model masked to I+II,subcode,LAFB,2-lead,quality_flag,burst_noise:present,40,40,3,3,0.0,1.0,0.0,1.0,0.0,,0,0,0,0,,,,,0.0,0.0,1.0,1.0,0.2432432432432431,0.0637333762333762,0.0711340890126469,0.9729729729729728,0.8333333333333333,0.0419241284432137
Twelve-lead model masked to I+II,subcode,LAFB,2-lead,quality_flag,burst_noise:absent,2158,1872,159,148,0.0,1.0,0.0,1.0,0.0,,0,0,0,0,,,,,0.0,0.0,1.0,1.0,0.3954178347035152,0.0726512353026426,0.0689626422552773,0.8951740020953873,0.3653859841868977,0.0547422301885192
Twelve-lead model masked to I+II,subcode,LAFB,2-lead,quality_flag,electrodes_problems:absent,2195,1901,162,150,0.0,1.0,0.0,1.0,0.0,,0,0,0,0,,,,,0.0,0.0,1.0,1.0,0.3924778196790002,0.0715564244377846,0.0690862319680867,0.8960515688667845,0.3679181301881795,0.054578074327896
Twelve-lead model masked to I+II,subcode,LAFB,2-lead,quality_flag,extra_beats:present,198,184,17,17,0.0,1.0,0.0,1.0,0.0,,0,0,0,0,,,,,0.0,0.0,1.0,1.0,0.4757881052973675,0.1113004523997006,0.078675838062384,0.8462788430289243,0.3697006711043345,0.0709056264398056
Twelve-lead model masked to I+II,subcode,LAFB,2-lead,quality_flag,extra_beats:absent,2000,1757,145,136,0.0,1.0,0.0,1.0,0.0,,0,0,0,0,,,,,0.0,0.0,1.0,1.0,0.3817789757412398,0.0689067332237601,0.0680444648055211,0.9017752579235988,0.3804090971880901,0.0528856919247357
Twelve-lead model masked to I+II,subcode,LAFB,2-lead,quality_flag,pacemaker:present,29,26,0,0,0.0,1.0,0.0,1.0,0.0,,0,0,0,0,,,,,,0.0,,1.0,,,0.0080188937010117,,,0.0283916980649243
Twelve-lead model masked to I+II,subcode,LAFB,2-lead,quality_flag,pacemaker:absent,2169,1883,162,150,0.0,1.0,0.0,1.0,0.0,,0,0,0,0,,,,,0.0,0.0,1.0,1.0,0.3927734411042831,0.0734931099753734,0.0698175185016436,0.8971131902538647,0.371839036671059,0.0548581552054726
Twelve-lead model masked to I+II,subcode,LAFB,2-lead,quality,any_flag,679,618,49,47,0.0,1.0,0.0,1.0,0.0,,0,0,0,0,,,,,0.0,0.0,1.0,1.0,0.4473275024295432,0.0845026155368736,0.0674374819395592,0.8693553611920958,0.3045796795257771,0.0591882080711254
Twelve-lead model masked to I+II,subcode,LAFB,2-lead,quality,no_flags,1519,1382,113,108,0.0,1.0,0.0,1.0,0.0,,0,0,0,0,,,,,0.0,0.0,1.0,1.0,0.3693399967270484,0.0691961431458284,0.0697015768995613,0.908294414582258,0.4219820351265124,0.052417317053495
Twelve-lead model masked to I+II,subcode,LAO/LAE,2-lead,overall,all,2198,1904,42,42,0.0,1.0,0.0,1.0,0.0,,0,0,0,0,,,,,0.0,0.0,1.0,1.0,0.6341107871720117,0.0500808639546787,0.0185985644140779,0.8001479812704302,0.0748408399306296,0.018312776756803
Twelve-lead model masked to I+II,subcode,LAO/LAE,2-lead,sex,0,1132,969,20,20,0.0,1.0,0.0,1.0,0.0,,0,0,0,0,,,,,0.0,0.0,1.0,1.0,0.6563399280575539,0.0714772263174451,0.017143011035396,0.8730215827338129,0.0976537354491793,0.0167966512658836
Twelve-lead model masked to I+II,subcode,LAO/LAE,2-lead,sex,1,1066,935,22,22,0.0,1.0,0.0,1.0,0.0,,0,0,0,0,,,,,0.0,0.0,1.0,1.0,0.6106757227446883,0.0412226059009585,0.0201442364822467,0.73075583420411,0.0776067407032018,0.019922771180556
Twelve-lead model masked to I+II,subcode,LAO/LAE,2-lead,age_band,40-64,866,755,14,14,0.0,1.0,0.0,1.0,0.0,,0,0,0,0,,,,,0.0,0.0,1.0,1.0,0.5914654594232058,0.0811731825771034,0.0157720019350944,0.9000670690811535,0.2245189250154495,0.0152512204159525
Twelve-lead model masked to I+II,subcode,LAO/LAE,2-lead,age_band,<40,284,266,0,0,0.0,1.0,0.0,1.0,0.0,,0,0,0,0,,,,,,0.0,,1.0,,,0.0002413266248784,,,0.0001384279641874
Twelve-lead model masked to I+II,subcode,LAO/LAE,2-lead,age_band,65-79,708,615,17,17,0.0,1.0,0.0,1.0,0.0,,0,0,0,0,,,,,0.0,0.0,1.0,1.0,0.5684855707840301,0.041631721212998,0.0234537216403506,0.6960926193921853,0.0516081950538695,0.0232299634294312
Twelve-lead model masked to I+II,subcode,LAO/LAE,2-lead,age_band,80+,340,274,11,11,0.0,1.0,0.0,1.0,0.0,,0,0,0,0,,,,,0.0,0.0,1.0,1.0,0.7327991157778393,0.0994558627205398,0.0310215271279937,0.6465874550980935,0.0709260779462151,0.0310523493569751
Twelve-lead model masked to I+II,subcode,LAO/LAE,2-lead,quality_flag,baseline_drift:present,236,231,5,5,0.0,1.0,0.0,1.0,0.0,,0,0,0,0,,,,,0.0,0.0,1.0,1.0,0.6917748917748917,0.1488036747566159,0.0204452983082367,0.7437229437229437,0.0594183773216031,0.0205772826518968
Twelve-lead model masked to I+II,subcode,LAO/LAE,2-lead,quality_flag,baseline_drift:absent,1962,1727,37,37,0.0,1.0,0.0,1.0,0.0,,0,0,0,0,,,,,0.0,0.0,1.0,1.0,0.6240645840645841,0.0465842054415755,0.0183764292463809,0.8095050895050896,0.0828475011826,0.0180403897072402
Twelve-lead model masked to I+II,subcode,LAO/LAE,2-lead,quality_flag,static_noise:present,316,292,7,7,0.0,1.0,0.0,1.0,0.0,,0,0,0,0,,,,,0.0,0.0,1.0,1.0,0.6000924641701341,0.0323634911363095,0.0217568920227221,0.830328247803976,0.2100341444270015,0.0208987394749532
Twelve-lead model masked to I+II,subcode,LAO/LAE,2-lead,quality_flag,static_noise:absent,1882,1668,35,35,0.0,1.0,0.0,1.0,0.0,,0,0,0,0,,,,,0.0,0.0,1.0,1.0,0.6467476216258026,0.0583975540963498,0.0180682607348369,0.7942145564235439,0.0643322134821889,0.0178785768530115
Twelve-lead model masked to I+II,subcode,LAO/LAE,2-lead,quality_flag,burst_noise:present,40,40,1,1,0.0,1.0,0.0,1.0,0.0,,0,0,0,0,,,,,0.0,0.0,1.0,1.0,0.9487179487179488,0.3333333333333333,0.0236491734717278,0.9743589743589745,0.5,0.023214921255233
Twelve-lead model masked to I+II,subcode,LAO/LAE,2-lead,quality_flag,burst_noise:absent,2158,1872,41,41,0.0,1.0,0.0,1.0,0.0,,0,0,0,0,,,,,0.0,0.0,1.0,1.0,0.6262658847656024,0.0479340898501794,0.0185049479347888,0.7968132539143058,0.0737731465056239,0.018221912169251
Twelve-lead model masked to I+II,subcode,LAO/LAE,2-lead,quality_flag,electrodes_problems:absent,2195,1901,42,42,0.0,1.0,0.0,1.0,0.0,,0,0,0,0,,,,,0.0,0.0,1.0,1.0,0.6345851856766859,0.0504631809078313,0.0186223532240473,0.8006767964965829,0.0750982394874914,0.0183360666072952
Twelve-lead model masked to I+II,subcode,LAO/LAE,2-lead,quality_flag,extra_beats:present,198,184,6,6,0.0,1.0,0.0,1.0,0.0,,0,0,0,0,,,,,0.0,0.0,1.0,1.0,0.626736111111111,0.0817463441048149,0.029328262436911,0.7552083333333333,0.1151019392735913,0.028885219497662
Twelve-lead model masked to I+II,subcode,LAO/LAE,2-lead,quality_flag,extra_beats:absent,2000,1757,36,36,0.0,1.0,0.0,1.0,0.0,,0,0,0,0,,,,,0.0,0.0,1.0,1.0,0.6327506223127405,0.0489918929328505,0.0175363243098175,0.8017368182846798,0.0758699255820889,0.0172661049254579
Twelve-lead model masked to I+II,subcode,LAO/LAE,2-lead,quality_flag,pacemaker:present,29,26,0,0,0.0,1.0,0.0,1.0,0.0,,0,0,0,0,,,,,,0.0,,1.0,,,0.0010817327602766,,,0.0009246573820724
Twelve-lead model masked to I+II,subcode,LAO/LAE,2-lead,quality_flag,pacemaker:absent,2169,1883,42,42,0.0,1.0,0.0,1.0,0.0,,0,0,0,0,,,,,0.0,0.0,1.0,1.0,0.6367452481697898,0.0544554267499375,0.0188327682490066,0.8032663935343766,0.0769477922824142,0.0185452596806698
Twelve-lead model masked to I+II,subcode,LAO/LAE,2-lead,quality,any_flag,679,618,17,17,0.0,1.0,0.0,1.0,0.0,,0,0,0,0,,,,,0.0,0.0,1.0,1.0,0.6204016349742314,0.0542946041542745,0.0243533931739637,0.7814999111427048,0.1007175421527978,0.0238779177816304
Twelve-lead model masked to I+II,subcode,LAO/LAE,2-lead,quality,no_flags,1519,1382,25,25,0.0,1.0,0.0,1.0,0.0,,0,0,0,0,,,,,0.0,0.0,1.0,1.0,0.6429451137884873,0.0562606643888475,0.0160261294384608,0.808380187416332,0.0702774605762358,0.0158251330728939
Twelve-lead model masked to I+II,subcode,LVH,2-lead,overall,all,2198,1904,214,202,0.0,1.0,0.0,1.0,0.0,,0,0,0,0,,,,,0.0,0.0,1.0,1.0,0.714863769972867,0.2649233973929473,0.0812419368411632,0.9073028150437142,0.6139523477105366,0.0567546467515257
Twelve-lead model masked to I+II,subcode,LVH,2-lead,sex,0,1132,969,109,105,0.0,1.0,0.0,1.0,0.0,,0,0,0,0,,,,,0.0,0.0,1.0,1.0,0.7085922856861004,0.2216720505706346,0.0832318011025448,0.9040957069959734,0.5926046708285678,0.0578529350197355
Twelve-lead model masked to I+II,subcode,LVH,2-lead,sex,1,1066,935,105,97,0.0,1.0,0.0,1.0,0.0,,0,0,0,0,,,,,0.0,0.0,1.0,1.0,0.7254645458599673,0.3261798629375696,0.0791288727287015,0.9110252217432238,0.6408671886445371,0.0555883593972916
Twelve-lead model masked to I+II,subcode,LVH,2-lead,age_band,40-64,866,755,51,51,0.0,1.0,0.0,1.0,0.0,,0,0,0,0,,,,,0.0,0.0,1.0,1.0,0.67602550222543,0.1747896347265935,0.0538595254736437,0.8844219896547576,0.4329649503076415,0.0446303569270399
Twelve-lead model masked to I+II,subcode,LVH,2-lead,age_band,<40,284,266,9,9,0.0,1.0,0.0,1.0,0.0,,0,0,0,0,,,,,0.0,0.0,1.0,1.0,0.7705050505050506,0.2597528689154792,0.036929429740125,0.9321212121212122,0.4559762377750442,0.0302793752863318
Twelve-lead model masked to I+II,subcode,LVH,2-lead,age_band,65-79,708,615,106,99,0.0,1.0,0.0,1.0,0.0,,0,0,0,0,,,,,0.0,0.0,1.0,1.0,0.725067385444744,0.3592251044961425,0.1176206948803904,0.9234626715978188,0.7339334696925935,0.0702604734540019
Twelve-lead model masked to I+II,subcode,LVH,2-lead,age_band,80+,340,274,48,43,0.0,1.0,0.0,1.0,0.0,,0,0,0,0,,,,,0.0,0.0,1.0,1.0,0.7089041095890412,0.3396531171576933,0.1122471120446743,0.8551655251141553,0.6231323718001835,0.0816266666890746
Twelve-lead model masked to I+II,subcode,LVH,2-lead,quality_flag,baseline_drift:present,236,231,22,22,0.0,1.0,0.0,1.0,0.0,,0,0,0,0,,,,,0.0,0.0,1.0,1.0,0.6981733220050976,0.3117230995297084,0.0761225862420993,0.9262956669498724,0.6264827539640928,0.0536888710822785
Twelve-lead model masked to I+II,subcode,LVH,2-lead,quality_flag,baseline_drift:absent,1962,1727,192,182,0.0,1.0,0.0,1.0,0.0,,0,0,0,0,,,,,0.0,0.0,1.0,1.0,0.7165519067796611,0.2629149741836474,0.0818577200936499,0.9055320150659134,0.6133554658553277,0.0571234148748398
Twelve-lead model masked to I+II,subcode,LVH,2-lead,quality_flag,static_noise:present,316,292,20,20,0.0,1.0,0.0,1.0,0.0,,0,0,0,0,,,,,0.0,0.0,1.0,1.0,0.8163851351351352,0.1855969435854635,0.058368409204138,0.933108108108108,0.6293206464007123,0.0372152622744723
Twelve-lead model masked to I+II,subcode,LVH,2-lead,quality_flag,static_noise:absent,1882,1668,194,184,0.0,1.0,0.0,1.0,0.0,,0,0,0,0,,,,,0.0,0.0,1.0,1.0,0.7022646210973762,0.2762564141707343,0.0850825504082726,0.9038146772853862,0.6158947500548408,0.060035436068608
Twelve-lead model masked to I+II,subcode,LVH,2-lead,quality_flag,burst_noise:present,40,40,3,3,0.0,1.0,0.0,1.0,0.0,,0,0,0,0,,,,,0.0,0.0,1.0,1.0,0.7117117117117117,0.1517722473604826,0.0693746746858683,0.8738738738738739,0.2869047619047619,0.0790256146742892
Twelve-lead model masked to I+II,subcode,LVH,2-lead,quality_flag,burst_noise:absent,2158,1872,211,199,0.0,1.0,0.0,1.0,0.0,,0,0,0,0,,,,,0.0,0.0,1.0,1.0,0.7140137822923589,0.2673052253951133,0.0814619046290277,0.9075208669553596,0.6191049178965987,0.0563418391903994
Twelve-lead model masked to I+II,subcode,LVH,2-lead,quality_flag,electrodes_problems:absent,2195,1901,214,202,0.0,1.0,0.0,1.0,0.0,,0,0,0,0,,,,,0.0,0.0,1.0,1.0,0.7153188939787798,0.2653713890521709,0.0813253564513135,0.907487958031203,0.6142442770658454,0.0568094692124876
Twelve-lead model masked to I+II,subcode,LVH,2-lead,quality_flag,extra_beats:present,198,184,24,23,0.0,1.0,0.0,1.0,0.0,,0,0,0,0,,,,,0.0,0.0,1.0,1.0,0.6597222222222223,0.2299091682644874,0.102079001471759,0.9169061302681992,0.721870103211163,0.0616694032135737
Twelve-lead model masked to I+II,subcode,LVH,2-lead,quality_flag,extra_beats:absent,2000,1757,190,180,0.0,1.0,0.0,1.0,0.0,,0,0,0,0,,,,,0.0,0.0,1.0,1.0,0.7184966560046525,0.2690748926263256,0.0791790674427342,0.9076068624600174,0.6043997293698752,0.056268085861783
Twelve-lead model masked to I+II,subcode,LVH,2-lead,quality_flag,pacemaker:present,29,26,0,0,0.0,1.0,0.0,1.0,0.0,,0,0,0,0,,,,,,0.0,,1.0,,,0.030746524101984,,,0.0098462999149508
Twelve-lead model masked to I+II,subcode,LVH,2-lead,quality_flag,pacemaker:absent,2169,1883,214,202,0.0,1.0,0.0,1.0,0.0,,0,0,0,0,,,,,0.0,0.0,1.0,1.0,0.7170542820947964,0.2716496776159022,0.0819170714513227,0.9077084877022732,0.6154028068825309,0.0573818215132872
Twelve-lead model masked to I+II,subcode,LVH,2-lead,quality,any_flag,679,618,58,56,0.0,1.0,0.0,1.0,0.0,,0,0,0,0,,,,,0.0,0.0,1.0,1.0,0.7210561385973681,0.2168209167714979,0.0743951384124077,0.919429174301738,0.6052708985253699,0.0509969682675552
Twelve-lead model masked to I+II,subcode,LVH,2-lead,quality,no_flags,1519,1382,156,149,0.0,1.0,0.0,1.0,0.0,,0,0,0,0,,,,,0.0,0.0,1.0,1.0,0.7121968884624791,0.2879075400762798,0.0843024872908833,0.9051206802490736,0.6208792358827062,0.0593283555669411
Twelve-lead model masked to I+II,subcode,NDT,2-lead,overall,all,2198,1904,182,176,0.0,1.0,0.0,1.0,0.0,,0,0,0,0,,,,,0.0,0.0,1.0,1.0,0.6447622318158033,0.1518705308489767,0.0742713635554916,0.8494816195709053,0.340745415472376,0.0644396529567031
Twelve-lead model masked to I+II,subcode,NDT,2-lead,sex,0,1132,969,74,69,0.0,1.0,0.0,1.0,0.0,,0,0,0,0,,,,,0.0,0.0,1.0,1.0,0.6003167628876513,0.1098801889158338,0.0616891459921316,0.8492694017268687,0.2733309250205389,0.0542383180857928
Twelve-lead model masked to I+II,subcode,NDT,2-lead,sex,1,1066,935,108,107,0.0,1.0,0.0,1.0,0.0,,0,0,0,0,,,,,0.0,0.0,1.0,1.0,0.6747274414289027,0.1959965317226361,0.0876325927128306,0.8440037114358617,0.3941449360739302,0.0752725901742176
Twelve-lead model masked to I+II,subcode,NDT,2-lead,age_band,40-64,866,755,74,73,0.0,1.0,0.0,1.0,0.0,,0,0,0,0,,,,,0.0,0.0,1.0,1.0,0.6608654108654108,0.2039383230589316,0.0757398500592383,0.8804770679770679,0.4293015208931549,0.0622831291064267
Twelve-lead model masked to I+II,subcode,NDT,2-lead,age_band,<40,284,266,13,12,0.0,1.0,0.0,1.0,0.0,,0,0,0,0,,,,,0.0,0.0,1.0,1.0,0.6596650581890434,0.131445805461614,0.0444790864678367,0.9128583593528244,0.4578323913441771,0.0346721310233424
Twelve-lead model masked to I+II,subcode,NDT,2-lead,age_band,65-79,708,615,61,58,0.0,1.0,0.0,1.0,0.0,,0,0,0,0,,,,,0.0,0.0,1.0,1.0,0.6100286315149366,0.144870597861835,0.077697146184327,0.8193427420376517,0.3183285616935813,0.0695162198661938
Twelve-lead model masked to I+II,subcode,NDT,2-lead,age_band,80+,340,274,34,33,0.0,1.0,0.0,1.0,0.0,,0,0,0,0,,,,,0.0,0.0,1.0,1.0,0.6463860053825451,0.1650958956499464,0.0882826673185322,0.7774894271434064,0.2584105566168959,0.08422587799051
Twelve-lead model masked to I+II,subcode,NDT,2-lead,quality_flag,baseline_drift:present,236,231,15,15,0.0,1.0,0.0,1.0,0.0,,0,0,0,0,,,,,0.0,0.0,1.0,1.0,0.7149321266968326,0.1494416382644339,0.059006514247046,0.8401206636500754,0.2592297560846964,0.0563889654498417
Twelve-lead model masked to I+II,subcode,NDT,2-lead,quality_flag,baseline_drift:absent,1962,1727,167,162,0.0,1.0,0.0,1.0,0.0,,0,0,0,0,,,,,0.0,0.0,1.0,1.0,0.6400080062715795,0.1573383098060355,0.0761075024121649,0.8512201224292362,0.3589802008588441,0.0654080333092104
Twelve-lead model masked to I+II,subcode,NDT,2-lead,quality_flag,static_noise:present,316,292,26,25,0.0,1.0,0.0,1.0,0.0,,0,0,0,0,,,,,0.0,0.0,1.0,1.0,0.6771883289124668,0.1599128442304783,0.0735959707763764,0.8249336870026526,0.3135671110412484,0.0667857151338074
Twelve-lead model masked to I+II,subcode,NDT,2-lead,quality_flag,static_noise:absent,1882,1668,156,153,0.0,1.0,0.0,1.0,0.0,,0,0,0,0,,,,,0.0,0.0,1.0,1.0,0.6396589119648216,0.154419491476183,0.0743847663813154,0.8540348218795497,0.3454101660838515,0.0640457339089002
Twelve-lead model masked to I+II,subcode,NDT,2-lead,quality_flag,burst_noise:present,40,40,5,5,0.0,1.0,0.0,1.0,0.0,,0,0,0,0,,,,,0.0,0.0,1.0,1.0,0.6914285714285715,0.2531801531801532,0.1056804835976528,0.8057142857142858,0.4166666666666667,0.0936205958379432
Twelve-lead model masked to I+II,subcode,NDT,2-lead,quality_flag,burst_noise:absent,2158,1872,177,171,0.0,1.0,0.0,1.0,0.0,,0,0,0,0,,,,,0.0,0.0,1.0,1.0,0.6431352082067779,0.1507603500695321,0.0736891741200484,0.8505291797499978,0.3412254980820949,0.0638987643027413
Twelve-lead model masked to I+II,subcode,NDT,2-lead,quality_flag,electrodes_problems:absent,2195,1901,182,176,0.0,1.0,0.0,1.0,0.0,,0,0,0,0,,,,,0.0,0.0,1.0,1.0,0.6443228902245296,0.1518796293314406,0.074369987323413,0.8494702019292183,0.3408996740232228,0.0645094572453867
Twelve-lead model masked to I+II,subcode,NDT,2-lead,quality_flag,extra_beats:present,198,184,17,16,0.0,1.0,0.0,1.0,0.0,,0,0,0,0,,,,,0.0,0.0,1.0,1.0,0.6499837504062399,0.1422847774030389,0.0775773836892716,0.7380565485862853,0.1782622959230085,0.0862796995276591
Twelve-lead model masked to I+II,subcode,NDT,2-lead,quality_flag,extra_beats:absent,2000,1757,165,162,0.0,1.0,0.0,1.0,0.0,,0,0,0,0,,,,,0.0,0.0,1.0,1.0,0.6444059119808438,0.1570571950570822,0.0739440675622473,0.858819255222525,0.3869123177669828,0.0622774883461784
Twelve-lead model masked to I+II,subcode,NDT,2-lead,quality_flag,pacemaker:present,29,26,0,0,0.0,1.0,0.0,1.0,0.0,,0,0,0,0,,,,,,0.0,,1.0,,,0.0055183180354887,,,0.0049023432833688
Twelve-lead model masked to I+II,subcode,NDT,2-lead,quality_flag,pacemaker:absent,2169,1883,182,176,0.0,1.0,0.0,1.0,0.0,,0,0,0,0,,,,,0.0,0.0,1.0,1.0,0.6418533655574421,0.152668420849635,0.0751906066721721,0.8479816610163868,0.3413393463217406,0.0652356796881585
Twelve-lead model masked to I+II,subcode,NDT,2-lead,quality,any_flag,679,618,50,48,0.0,1.0,0.0,1.0,0.0,,0,0,0,0,,,,,0.0,0.0,1.0,1.0,0.6583147853736089,0.1225787180523421,0.0675615827581788,0.8165341812400636,0.2279470558815509,0.0655650390537467
Twelve-lead model masked to I+II,subcode,NDT,2-lead,quality,no_flags,1519,1382,132,130,0.0,1.0,0.0,1.0,0.0,,0,0,0,0,,,,,0.0,0.0,1.0,1.0,0.6398647615302266,0.1753609619541531,0.0772706664925392,0.8619431517773263,0.4124188233367318,0.0639366001852136
Twelve-lead model masked to I+II,subcode,NORM,2-lead,overall,all,2198,1904,963,882,0.0,1.0,0.0,1.0,0.0,,0,0,0,0,,,,,0.0,0.0,1.0,1.0,0.7081038926095493,0.5819767096010141,0.2175810792321503,0.9233728942533664,0.8875382428522531,0.1122732775039569
Twelve-lead model masked to I+II,subcode,NORM,2-lead,sex,0,1132,969,516,465,0.0,1.0,0.0,1.0,0.0,,0,0,0,0,,,,,0.0,0.0,1.0,1.0,0.7141551520185241,0.6040190604026836,0.2176360498457327,0.9294995217960336,0.8981610610121835,0.1062095803315216
Twelve-lead model masked to I+II,subcode,NORM,2-lead,sex,1,1066,935,447,417,0.0,1.0,0.0,1.0,0.0,,0,0,0,0,,,,,0.0,0.0,1.0,1.0,0.7013946865298364,0.5605550158480888,0.2175227051847062,0.9165898667476228,0.8756647448072149,0.1187124005801264
Twelve-lead model masked to I+II,subcode,NORM,2-lead,age_band,40-64,866,755,488,440,0.0,1.0,0.0,1.0,0.0,,0,0,0,0,,,,,0.0,0.0,1.0,1.0,0.6510918119524677,0.6573153280053068,0.2414330824302113,0.8925969294821754,0.907000554810482,0.1341392242305895
Twelve-lead model masked to I+II,subcode,NORM,2-lead,age_band,<40,284,266,236,224,0.0,1.0,0.0,1.0,0.0,,0,0,0,0,,,,,0.0,0.0,1.0,1.0,0.6287959039548023,0.8724805467903125,0.2412649856750061,0.7960805084745763,0.9471764943165986,0.1313570541603257
Twelve-lead model masked to I+II,subcode,NORM,2-lead,age_band,65-79,708,615,218,201,0.0,1.0,0.0,1.0,0.0,,0,0,0,0,,,,,0.0,0.0,1.0,1.0,0.7099606815203146,0.4453560148069938,0.2047804187885855,0.9331211383636022,0.8158068968997744,0.0980097808738749
Twelve-lead model masked to I+II,subcode,NORM,2-lead,age_band,80+,340,274,21,19,0.0,1.0,0.0,1.0,0.0,,0,0,0,0,,,,,0.0,0.0,1.0,1.0,0.7466786087475743,0.1304731068475874,0.1637010892167148,0.8823705030601583,0.3237410779199183,0.0703404927346201
Twelve-lead model masked to I+II,subcode,NORM,2-lead,quality_flag,baseline_drift:present,236,231,115,113,0.0,1.0,0.0,1.0,0.0,,0,0,0,0,,,,,0.0,0.0,1.0,1.0,0.7044196909809558,0.6397404151637911,0.2210429884674132,0.9130434782608696,0.9106443241206136,0.1247054840361543
Twelve-lead model masked to I+II,subcode,NORM,2-lead,quality_flag,baseline_drift:absent,1962,1727,848,789,0.0,1.0,0.0,1.0,0.0,,0,0,0,0,,,,,0.0,0.0,1.0,1.0,0.7079346058737848,0.5759260224772583,0.2171646620152685,0.924654271535517,0.8852071240506745,0.1107778642819393
Twelve-lead model masked to I+II,subcode,NORM,2-lead,quality_flag,static_noise:present,316,292,125,114,0.0,1.0,0.0,1.0,0.0,,0,0,0,0,,,,,0.0,0.0,1.0,1.0,0.6736335078534031,0.5131991602649693,0.2236679570901215,0.9015706806282722,0.8415217863548861,0.1324987654012386
Twelve-lead model masked to I+II,subcode,NORM,2-lead,quality_flag,static_noise:absent,1882,1668,838,784,0.0,1.0,0.0,1.0,0.0,,0,0,0,0,,,,,0.0,0.0,1.0,1.0,0.7143073501037867,0.5958606054964142,0.2165590529818214,0.92790716813431,0.8965028337127444,0.1088772869749765
Twelve-lead model masked to I+II,subcode,NORM,2-lead,quality_flag,burst_noise:present,40,40,17,17,0.0,1.0,0.0,1.0,0.0,,0,0,0,0,,,,,0.0,0.0,1.0,1.0,0.8260869565217391,0.6842181007398398,0.1913475345412358,0.9539641943734016,0.934257524482438,0.1009855793263685
Twelve-lead model masked to I+II,subcode,NORM,2-lead,quality_flag,burst_noise:absent,2158,1872,946,868,0.0,1.0,0.0,1.0,0.0,,0,0,0,0,,,,,0.0,0.0,1.0,1.0,0.7059265519575213,0.5815194583605259,0.2180673358529272,0.9229507253050888,0.8870178668062758,0.1124825026787037
Twelve-lead model masked to I+II,subcode,NORM,2-lead,quality_flag,electrodes_problems:absent,2195,1901,963,882,0.0,1.0,0.0,1.0,0.0,,0,0,0,0,,,,,0.0,0.0,1.0,1.0,0.7075077375895132,0.5820215576711891,0.2177909543370672,0.923189673773786,0.8875398230593821,0.1124251148729521
Twelve-lead model masked to I+II,subcode,NORM,2-lead,quality_flag,extra_beats:present,198,184,45,43,0.0,1.0,0.0,1.0,0.0,,0,0,0,0,,,,,0.0,0.0,1.0,1.0,0.7449527959331881,0.3996511843158459,0.1774680057162135,0.9387073347857662,0.793920107252589,0.0838349128975835
Twelve-lead model masked to I+II,subcode,NORM,2-lead,quality_flag,extra_beats:absent,2000,1757,918,848,0.0,1.0,0.0,1.0,0.0,,0,0,0,0,,,,,0.0,0.0,1.0,1.0,0.6997888804320249,0.5935457105655915,0.221552273510228,0.9199718909950508,0.8909260953486663,0.1150886755999879
Twelve-lead model masked to I+II,subcode,NORM,2-lead,quality_flag,pacemaker:present,29,26,2,2,0.0,1.0,0.0,1.0,0.0,,0,0,0,0,,,,,0.0,0.0,1.0,1.0,0.7777777777777778,0.2,0.1289645479530115,0.9074074074074074,0.6428571428571428,0.0316200969635153
Twelve-lead model masked to I+II,subcode,NORM,2-lead,quality_flag,pacemaker:absent,2169,1883,961,881,0.0,1.0,0.0,1.0,0.0,,0,0,0,0,,,,,0.0,0.0,1.0,1.0,0.7053587426177201,0.5845926969881603,0.2187659014576436,0.9220226240602022,0.887659479443061,0.1133516280044976
Twelve-lead model masked to I+II,subcode,NORM,2-lead,quality,any_flag,679,618,259,240,0.0,1.0,0.0,1.0,0.0,,0,0,0,0,,,,,0.0,0.0,1.0,1.0,0.7385824600110314,0.5629047501332802,0.2041533064762872,0.9207850707850708,0.8624552547585771,0.1135622657467489
Twelve-lead model masked to I+II,subcode,NORM,2-lead,quality,no_flags,1519,1382,704,673,0.0,1.0,0.0,1.0,0.0,,0,0,0,0,,,,,0.0,0.0,1.0,1.0,0.694074177356386,0.591774794587645,0.2235833555331582,0.9239978388176242,0.8967662908247441,0.1116970938193908
Twelve-lead model masked to I+II,subcode,NST_,2-lead,overall,all,2198,1904,77,75,0.0,1.0,0.0,1.0,0.0,,0,0,0,0,,,,,0.0,0.0,1.0,1.0,0.6339144118493483,0.0623887858507688,0.0335206717904881,0.8208820882088209,0.1421464092512755,0.0318010838302834
Twelve-lead model masked to I+II,subcode,NST_,2-lead,sex,0,1132,969,28,26,0.0,1.0,0.0,1.0,0.0,,0,0,0,0,,,,,0.0,0.0,1.0,1.0,0.6249676501035196,0.0429196412314107,0.0240656221981807,0.8602160973084886,0.1603320859350562,0.0224965315225023
Twelve-lead model masked to I+II,subcode,NST_,2-lead,sex,1,1066,935,49,49,0.0,1.0,0.0,1.0,0.0,,0,0,0,0,,,,,0.0,0.0,1.0,1.0,0.6272349647823732,0.0831916422312727,0.0435611184494861,0.7819115846928741,0.1511239125760389,0.0416817153616233
Twelve-lead model masked to I+II,subcode,NST_,2-lead,age_band,40-64,866,755,8,8,0.0,1.0,0.0,1.0,0.0,,0,0,0,0,,,,,0.0,0.0,1.0,1.0,0.5844988344988344,0.022407114342508,0.0097301676231703,0.872960372960373,0.0552489357715044,0.0096831971909468
Twelve-lead model masked to I+II,subcode,NST_,2-lead,age_band,<40,284,266,3,3,0.0,1.0,0.0,1.0,0.0,,0,0,0,0,,,,,0.0,0.0,1.0,1.0,0.8529062870699882,0.0521885521885521,0.0107049011102946,0.9442467378410438,0.1279461279461279,0.01009606622497
Twelve-lead model masked to I+II,subcode,NST_,2-lead,age_band,65-79,708,615,36,34,0.0,1.0,0.0,1.0,0.0,,0,0,0,0,,,,,0.0,0.0,1.0,1.0,0.6083002645502645,0.0910938395832826,0.0481436249536206,0.792989417989418,0.1928937474861206,0.0450548204378712
Twelve-lead model masked to I+II,subcode,NST_,2-lead,age_band,80+,340,274,30,30,0.0,1.0,0.0,1.0,0.0,,0,0,0,0,,,,,0.0,0.0,1.0,1.0,0.5846236559139785,0.1157139108480423,0.0827242148568832,0.6874193548387098,0.1887270788619897,0.0786677582755847
Twelve-lead model masked to I+II,subcode,NST_,2-lead,quality_flag,baseline_drift:present,236,231,6,6,0.0,1.0,0.0,1.0,0.0,,0,0,0,0,,,,,0.0,0.0,1.0,1.0,0.5971014492753624,0.0505862518049114,0.0248724284666128,0.8514492753623188,0.1977540088770198,0.0234289161350661
Twelve-lead model masked to I+II,subcode,NST_,2-lead,quality_flag,baseline_drift:absent,1962,1727,71,70,0.0,1.0,0.0,1.0,0.0,,0,0,0,0,,,,,0.0,0.0,1.0,1.0,0.6379886936638339,0.0668073612033321,0.0345609293972335,0.8200296437535844,0.1455209537292544,0.0328081335632454
Twelve-lead model masked to I+II,subcode,NST_,2-lead,quality_flag,static_noise:present,316,292,10,10,0.0,1.0,0.0,1.0,0.0,,0,0,0,0,,,,,0.0,0.0,1.0,1.0,0.5401960784313726,0.0426097447185022,0.0307802453693462,0.7558823529411764,0.1144954844054624,0.0298002815909295
Twelve-lead model masked to I+II,subcode,NST_,2-lead,quality_flag,static_noise:absent,1882,1668,67,65,0.0,1.0,0.0,1.0,0.0,,0,0,0,0,,,,,0.0,0.0,1.0,1.0,0.6476625138768966,0.0695994131514009,0.0339808071513174,0.8310266847580281,0.1526537182487159,0.0321370314964024
Twelve-lead model masked to I+II,subcode,NST_,2-lead,quality_flag,burst_noise:present,40,40,1,1,0.0,1.0,0.0,1.0,0.0,,0,0,0,0,,,,,0.0,0.0,1.0,1.0,0.5641025641025641,0.0555555555555555,0.0245708434533746,0.4358974358974359,0.0434782608695652,0.0253956725099915
Twelve-lead model masked to I+II,subcode,NST_,2-lead,quality_flag,burst_noise:absent,2158,1872,76,74,0.0,1.0,0.0,1.0,0.0,,0,0,0,0,,,,,0.0,0.0,1.0,1.0,0.6340120835229285,0.0634141676199059,0.0336865629552168,0.8242770109712322,0.143872806061245,0.0319198124923834
Twelve-lead model masked to I+II,subcode,NST_,2-lead,quality_flag,electrodes_problems:absent,2195,1901,77,75,0.0,1.0,0.0,1.0,0.0,,0,0,0,0,,,,,0.0,0.0,1.0,1.0,0.6337392541358546,0.0624358361284759,0.0335652825953895,0.8211005236500987,0.1435794450345831,0.0318269193195569
Twelve-lead model masked to I+II,subcode,NST_,2-lead,quality_flag,extra_beats:present,198,184,11,11,0.0,1.0,0.0,1.0,0.0,,0,0,0,0,,,,,0.0,0.0,1.0,1.0,0.7647058823529411,0.1939459096579369,0.0511818192471867,0.917841516771998,0.571815683067557,0.0441395458979308
Twelve-lead model masked to I+II,subcode,NST_,2-lead,quality_flag,extra_beats:absent,2000,1757,66,66,0.0,1.0,0.0,1.0,0.0,,0,0,0,0,,,,,0.0,0.0,1.0,1.0,0.6104713108332549,0.0497609610710299,0.0317722181922749,0.8129406787628091,0.1098769527534029,0.0305795760855864
Twelve-lead model masked to I+II,subcode,NST_,2-lead,quality_flag,pacemaker:present,29,26,0,0,0.0,1.0,0.0,1.0,0.0,,0,0,0,0,,,,,,0.0,,1.0,,,0.0009099571237683,,,0.0020640258290659
Twelve-lead model masked to I+II,subcode,NST_,2-lead,quality_flag,pacemaker:absent,2169,1883,77,75,0.0,1.0,0.0,1.0,0.0,,0,0,0,0,,,,,0.0,0.0,1.0,1.0,0.631695264582454,0.063122409350409,0.0339566841119887,0.8199448734821585,0.1439905761081815,0.0321986747394745
Twelve-lead model masked to I+II,subcode,NST_,2-lead,quality,any_flag,679,618,24,24,0.0,1.0,0.0,1.0,0.0,,0,0,0,0,,,,,0.0,0.0,1.0,1.0,0.6695928753180662,0.0811262677627543,0.0336273390685619,0.8235368956743003,0.2344439682672535,0.0311889787678085
Twelve-lead model masked to I+II,subcode,NST_,2-lead,quality,no_flags,1519,1382,53,53,0.0,1.0,0.0,1.0,0.0,,0,0,0,0,,,,,0.0,0.0,1.0,1.0,0.6178151303765862,0.0568791062120635,0.0334729910256348,0.8228783237663776,0.1221147961685742,0.0320746976139704
Twelve-lead model masked to I+II,rhythm,AFIB,2-lead,overall,all,2198,1904,152,130,0.0,1.0,0.0,1.0,0.0,,0,0,0,0,,,,,0.0,0.0,1.0,1.0,0.7536946288007409,0.1937998260560788,0.0604738638407917,0.9116761845963884,0.4339007129421812,0.0489784271682569
Twelve-lead model masked to I+II,rhythm,AFIB,2-lead,sex,0,1132,969,81,66,0.0,1.0,0.0,1.0,0.0,,0,0,0,0,,,,,0.0,0.0,1.0,1.0,0.7262689267129483,0.2065529127957335,0.062799879271914,0.91746837227332,0.4440151410057278,0.0508169125614438
Twelve-lead model masked to I+II,rhythm,AFIB,2-lead,sex,1,1066,935,71,64,0.0,1.0,0.0,1.0,0.0,,0,0,0,0,,,,,0.0,0.0,1.0,1.0,0.7889588789015499,0.1920276881713058,0.0580038361972359,0.907948191662538,0.4388966449692756,0.0470261143492255
Twelve-lead model masked to I+II,rhythm,AFIB,2-lead,age_band,40-64,866,755,28,25,0.0,1.0,0.0,1.0,0.0,,0,0,0,0,,,,,0.0,0.0,1.0,1.0,0.6887146266621207,0.091566507679436,0.0314939873470333,0.9408029321513808,0.5371050132374906,0.0199710839811156
Twelve-lead model masked to I+II,rhythm,AFIB,2-lead,age_band,<40,284,266,1,1,0.0,1.0,0.0,1.0,0.0,,0,0,0,0,,,,,0.0,0.0,1.0,1.0,0.9681978798586572,0.1,0.0055698828362296,0.7314487632508834,0.0129870129870129,0.0080793547845904
Twelve-lead model masked to I+II,rhythm,AFIB,2-lead,age_band,65-79,708,615,53,47,0.0,1.0,0.0,1.0,0.0,,0,0,0,0,,,,,0.0,0.0,1.0,1.0,0.7731240097940372,0.263365844163924,0.0638158018780389,0.893849920783523,0.4155948443385081,0.0549972793544324
Twelve-lead model masked to I+II,rhythm,AFIB,2-lead,age_band,80+,340,274,70,57,0.0,1.0,0.0,1.0,0.0,,0,0,0,0,,,,,0.0,0.0,1.0,1.0,0.6742857142857144,0.3199459353745939,0.1731891918364369,0.7821693121693122,0.4615329219963406,0.1444912166071203
Twelve-lead model masked to I+II,rhythm,AFIB,2-lead,quality_flag,baseline_drift:present,236,231,13,13,0.0,1.0,0.0,1.0,0.0,,0,0,0,0,,,,,0.0,0.0,1.0,1.0,0.8482235253535703,0.2651689630611192,0.0471603506218246,0.8789237668161436,0.307942966588599,0.0522716909280679
Twelve-lead model masked to I+II,rhythm,AFIB,2-lead,quality_flag,baseline_drift:absent,1962,1727,139,120,0.0,1.0,0.0,1.0,0.0,,0,0,0,0,,,,,0.0,0.0,1.0,1.0,0.7454074041918413,0.1921940101263922,0.0620752854104534,0.9156225211821764,0.4620558472764206,0.0485822955437333
Twelve-lead model masked to I+II,rhythm,AFIB,2-lead,quality_flag,static_noise:present,316,292,28,26,0.0,1.0,0.0,1.0,0.0,,0,0,0,0,,,,,0.0,0.0,1.0,1.0,0.7279265873015872,0.2240704893258874,0.0771174446689475,0.8529265873015874,0.4574956283455159,0.0659392695452827
Twelve-lead model masked to I+II,rhythm,AFIB,2-lead,quality_flag,static_noise:absent,1882,1668,124,110,0.0,1.0,0.0,1.0,0.0,,0,0,0,0,,,,,0.0,0.0,1.0,1.0,0.7589682190172117,0.1924937000719356,0.0576792987283064,0.9255660758192962,0.4401482842818011,0.0461305917850794
Twelve-lead model masked to I+II,rhythm,AFIB,2-lead,quality_flag,burst_noise:present,40,40,4,4,0.0,1.0,0.0,1.0,0.0,,0,0,0,0,,,,,0.0,0.0,1.0,1.0,0.8402777777777777,0.335906862745098,0.0832669123611675,0.9722222222222222,0.875,0.0460752096530654
Twelve-lead model masked to I+II,rhythm,AFIB,2-lead,quality_flag,burst_noise:absent,2158,1872,148,127,0.0,1.0,0.0,1.0,0.0,,0,0,0,0,,,,,0.0,0.0,1.0,1.0,0.7512673120882076,0.1923502521586932,0.0600513791601545,0.9103032136614226,0.4288476048092269,0.049032240282533
Twelve-lead model masked to I+II,rhythm,AFIB,2-lead,quality_flag,electrodes_problems:absent,2195,1901,152,130,0.0,1.0,0.0,1.0,0.0,,0,0,0,0,,,,,0.0,0.0,1.0,1.0,0.7541122446350825,0.1944470413832433,0.0605375989642496,0.9123966303423756,0.4406957267396185,0.0486449757993826
Twelve-lead model masked to I+II,rhythm,AFIB,2-lead,quality_flag,extra_beats:present,198,184,34,31,0.0,1.0,0.0,1.0,0.0,,0,0,0,0,,,,,0.0,0.0,1.0,1.0,0.7304519368723099,0.3767856175732774,0.1404131751712007,0.8368005738880918,0.542649610669137,0.115293309338569
Twelve-lead model masked to I+II,rhythm,AFIB,2-lead,quality_flag,extra_beats:absent,2000,1757,118,103,0.0,1.0,0.0,1.0,0.0,,0,0,0,0,,,,,0.0,0.0,1.0,1.0,0.7457537059385075,0.1651228829992302,0.0525598720190812,0.9146778580305842,0.4245655670456639,0.042413253833396
Twelve-lead model masked to I+II,rhythm,AFIB,2-lead,quality_flag,pacemaker:present,29,26,0,0,0.0,1.0,0.0,1.0,0.0,,0,0,0,0,,,,,,0.0,,1.0,,,0.0071471301850962,,,0.1020562637292336
Twelve-lead model masked to I+II,rhythm,AFIB,2-lead,quality_flag,pacemaker:absent,2169,1883,152,130,0.0,1.0,0.0,1.0,0.0,,0,0,0,0,,,,,0.0,0.0,1.0,1.0,0.7542891996973097,0.1976030894724711,0.0611868538251232,0.916691673407614,0.4529120894309915,0.0482687649920152
Twelve-lead model masked to I+II,rhythm,AFIB,2-lead,quality,any_flag,679,618,65,59,0.0,1.0,0.0,1.0,0.0,,0,0,0,0,,,,,0.0,0.0,1.0,1.0,0.762766224004009,0.2735209490037383,0.0809100089134738,0.8690553745928339,0.4686629477748227,0.0677093265425072
Twelve-lead model masked to I+II,rhythm,AFIB,2-lead,quality,no_flags,1519,1382,87,80,0.0,1.0,0.0,1.0,0.0,,0,0,0,0,,,,,0.0,0.0,1.0,1.0,0.7390756437423747,0.1565923750481666,0.051338812817519,0.9343414884736404,0.4428773353782937,0.0406056288304584
Twelve-lead model masked to I+II,rhythm,PACE,2-lead,overall,all,2198,1904,28,25,0.0,1.0,0.0,1.0,0.0,,0,0,0,0,,,,,0.0,0.0,1.0,1.0,0.7063364055299539,0.1828474921873745,0.0120967329985874,0.9694535878867676,0.5724713169887631,0.0078467586341475
Twelve-lead model masked to I+II,rhythm,PACE,2-lead,sex,0,1132,969,17,17,0.0,1.0,0.0,1.0,0.0,,0,0,0,0,,,,,0.0,0.0,1.0,1.0,0.617462410973358,0.1822386046760236,0.0144719667966848,0.9631759430229492,0.565957531766444,0.0094786857808653
Twelve-lead model masked to I+II,rhythm,PACE,2-lead,sex,1,1066,935,11,8,0.0,1.0,0.0,1.0,0.0,,0,0,0,0,,,,,0.0,0.0,1.0,1.0,0.8566996984058595,0.2412792332927059,0.0095744396970432,0.9800947867298578,0.6257983171150707,0.0061137928460757
Twelve-lead model masked to I+II,rhythm,PACE,2-lead,age_band,40-64,866,755,3,3,0.0,1.0,0.0,1.0,0.0,,0,0,0,0,,,,,0.0,0.0,1.0,1.0,0.421784472769409,0.0041371335908909,0.0037567885281892,0.94708381614523,0.370722201924248,0.0030075980272848
Twelve-lead model masked to I+II,rhythm,PACE,2-lead,age_band,<40,284,266,0,0,0.0,1.0,0.0,1.0,0.0,,0,0,0,0,,,,,,0.0,,1.0,,,0.0002945303056504,,,0.0005900906207507
Twelve-lead model masked to I+II,rhythm,PACE,2-lead,age_band,65-79,708,615,10,8,0.0,1.0,0.0,1.0,0.0,,0,0,0,0,,,,,0.0,0.0,1.0,1.0,0.7830945558739255,0.4686619501703572,0.0129443834555037,0.9931232091690544,0.6934523371365476,0.0070333422484039
Twelve-lead model masked to I+II,rhythm,PACE,2-lead,age_band,80+,340,274,15,14,0.0,1.0,0.0,1.0,0.0,,0,0,0,0,,,,,0.0,0.0,1.0,1.0,0.6865641025641025,0.1829792852561184,0.0414322652123001,0.914051282051282,0.5736551935028362,0.0279276574648956
Twelve-lead model masked to I+II,rhythm,PACE,2-lead,quality_flag,baseline_drift:present,236,231,6,6,0.0,1.0,0.0,1.0,0.0,,0,0,0,0,,,,,0.0,0.0,1.0,1.0,0.5963768115942029,0.3633837643008276,0.0235841441888523,0.9514492753623188,0.4510860484544695,0.0184489200394733
Twelve-lead model masked to I+II,rhythm,PACE,2-lead,quality_flag,baseline_drift:absent,1962,1727,22,21,0.0,1.0,0.0,1.0,0.0,,0,0,0,0,,,,,0.0,0.0,1.0,1.0,0.7355670103092784,0.1403628439435999,0.0107149648839582,0.976733833177132,0.6292781646797968,0.0065714731643937
Twelve-lead model masked to I+II,rhythm,PACE,2-lead,quality_flag,static_noise:present,316,292,4,4,0.0,1.0,0.0,1.0,0.0,,0,0,0,0,,,,,0.0,0.0,1.0,1.0,0.7435897435897435,0.4463665315576143,0.0113764840607329,0.9439102564102564,0.5833333333333333,0.0071276149960516
Twelve-lead model masked to I+II,rhythm,PACE,2-lead,quality_flag,static_noise:absent,1882,1668,24,21,0.0,1.0,0.0,1.0,0.0,,0,0,0,0,,,,,0.0,0.0,1.0,1.0,0.6998340509508432,0.1526552431208467,0.0122176674642421,0.9731566200215286,0.571188065862432,0.0079675075128076
Twelve-lead model masked to I+II,rhythm,PACE,2-lead,quality_flag,burst_noise:present,40,40,2,2,0.0,1.0,0.0,1.0,0.0,,0,0,0,0,,,,,0.0,0.0,1.0,1.0,0.5526315789473685,0.0794117647058823,0.0495766799538883,0.986842105263158,0.8333333333333333,0.0444210694491617
Twelve-lead model masked to I+II,rhythm,PACE,2-lead,quality_flag,burst_noise:absent,2158,1872,26,24,0.0,1.0,0.0,1.0,0.0,,0,0,0,0,,,,,0.0,0.0,1.0,1.0,0.7199090777890027,0.1952500407974572,0.0114020166509452,0.969945158031462,0.5986044610244011,0.0071688288692724
Twelve-lead model masked to I+II,rhythm,PACE,2-lead,quality_flag,electrodes_problems:absent,2195,1901,27,24,0.0,1.0,0.0,1.0,0.0,,0,0,0,0,,,,,0.0,0.0,1.0,1.0,0.6958282082820828,0.1523507979575345,0.0117534937440625,0.968890938909389,0.5732843728702467,0.0076119528732202
Twelve-lead model masked to I+II,rhythm,PACE,2-lead,quality_flag,extra_beats:present,198,184,6,6,0.0,1.0,0.0,1.0,0.0,,0,0,0,0,,,,,0.0,0.0,1.0,1.0,0.4574652777777778,0.1964563074831979,0.0292927960207833,0.8229166666666667,0.2096912675635885,0.0313110488397987
Twelve-lead model masked to I+II,rhythm,PACE,2-lead,quality_flag,extra_beats:absent,2000,1757,22,19,0.0,1.0,0.0,1.0,0.0,,0,0,0,0,,,,,0.0,0.0,1.0,1.0,0.7670971596654104,0.1901305219238868,0.0103943227593901,0.98271899990808,0.6840580411347539,0.005523793903788
Twelve-lead model masked to I+II,rhythm,PACE,2-lead,quality_flag,pacemaker:present,29,26,28,25,0.0,1.0,0.0,1.0,0.0,,0,0,0,0,,,,,0.0,0.0,1.0,1.0,0.5714285714285714,0.9813535258947748,0.8856852611235578,1.0,1.0,0.4114157808856225
Twelve-lead model masked to I+II,rhythm,PACE,2-lead,quality_flag,pacemaker:absent,2169,1883,0,0,0.0,1.0,0.0,1.0,0.0,,0,0,0,0,,,,,,0.0,,1.0,,,0.0004166650799041,,,0.0024509533573874
Twelve-lead model masked to I+II,rhythm,PACE,2-lead,quality,any_flag,679,618,28,25,0.0,1.0,0.0,1.0,0.0,,0,0,0,0,,,,,0.0,0.0,1.0,1.0,0.7009545753785386,0.3147479710738159,0.0382773782311693,0.956714944042133,0.6740091515040899,0.0212635849449562
Twelve-lead model masked to I+II,rhythm,PACE,2-lead,quality,no_flags,1519,1382,0,0,0.0,1.0,0.0,1.0,0.0,,0,0,0,0,,,,,,0.0,,1.0,,,0.0003938639314886,,,0.0018493754445234
Twelve-lead model masked to I+II,rhythm,SARRH,2-lead,overall,all,2198,1904,77,77,0.0,1.0,0.0,1.0,0.0,,0,0,0,0,,,,,0.0,0.0,1.0,1.0,0.5416215090896845,0.0424682086614437,0.0337984537535947,0.635561515335207,0.0617820820379841,0.0337824746739165
Twelve-lead model masked to I+II,rhythm,SARRH,2-lead,sex,0,1132,969,29,29,0.0,1.0,0.0,1.0,0.0,,0,0,0,0,,,,,0.0,0.0,1.0,1.0,0.4945133960671523,0.0292110565483399,0.0250497027414453,0.5910526151248945,0.037578094317207,0.0250379797582016
Twelve-lead model masked to I+II,rhythm,SARRH,2-lead,sex,1,1066,935,48,48,0.0,1.0,0.0,1.0,0.0,,0,0,0,0,,,,,0.0,0.0,1.0,1.0,0.5762933857236411,0.0607392387625462,0.0430888722768154,0.6782498362802881,0.1026181792083936,0.0430683735900414
Twelve-lead model masked to I+II,rhythm,SARRH,2-lead,age_band,40-64,866,755,21,21,0.0,1.0,0.0,1.0,0.0,,0,0,0,0,,,,,0.0,0.0,1.0,1.0,0.527585235277543,0.0395517838529509,0.0237728172429516,0.5472527472527473,0.0293154713153412,0.023771272032782
Twelve-lead model masked to I+II,rhythm,SARRH,2-lead,age_band,<40,284,266,31,31,0.0,1.0,0.0,1.0,0.0,,0,0,0,0,,,,,0.0,0.0,1.0,1.0,0.5117939563942369,0.1341413237767958,0.1027152488477331,0.6721917633558587,0.1853237994784686,0.1026534412736575
Twelve-lead model masked to I+II,rhythm,SARRH,2-lead,age_band,65-79,708,615,16,16,0.0,1.0,0.0,1.0,0.0,,0,0,0,0,,,,,0.0,0.0,1.0,1.0,0.5107478323699423,0.024493138548525,0.022240698034103,0.6726878612716763,0.0489082268402869,0.0222205358320787
Twelve-lead model masked to I+II,rhythm,SARRH,2-lead,age_band,80+,340,274,9,9,0.0,1.0,0.0,1.0,0.0,,0,0,0,0,,,,,0.0,0.0,1.0,1.0,0.5955018462571333,0.0428628592959144,0.0258358727561885,0.5404498153742867,0.1417617111768958,0.0258301207707316
Twelve-lead model masked to I+II,rhythm,SARRH,2-lead,quality_flag,baseline_drift:present,236,231,10,10,0.0,1.0,0.0,1.0,0.0,,0,0,0,0,,,,,0.0,0.0,1.0,1.0,0.6469026548672566,0.0823765871768609,0.0406114927669112,0.7579646017699115,0.0909613384229343,0.0405926953174592
Twelve-lead model masked to I+II,rhythm,SARRH,2-lead,quality_flag,baseline_drift:absent,1962,1727,67,67,0.0,1.0,0.0,1.0,0.0,,0,0,0,0,,,,,0.0,0.0,1.0,1.0,0.5270350096483283,0.0402379922141834,0.0329789444737055,0.618532666482889,0.0606307789429097,0.0329633044028277
Twelve-lead model masked to I+II,rhythm,SARRH,2-lead,quality_flag,static_noise:present,316,292,14,14,0.0,1.0,0.0,1.0,0.0,,0,0,0,0,,,,,0.0,0.0,1.0,1.0,0.5132450331125827,0.0559976122595636,0.04242402845626,0.5577105014191107,0.0591675310570391,0.042418529032551
Twelve-lead model masked to I+II,rhythm,SARRH,2-lead,quality_flag,static_noise:absent,1882,1668,63,63,0.0,1.0,0.0,1.0,0.0,,0,0,0,0,,,,,0.0,0.0,1.0,1.0,0.5504943410385961,0.0421019180057007,0.0323501638460271,0.6527483267450283,0.0651563843550783,0.0323324251641776
Twelve-lead model masked to I+II,rhythm,SARRH,2-lead,quality_flag,burst_noise:present,40,40,1,1,0.0,1.0,0.0,1.0,0.0,,0,0,0,0,,,,,0.0,0.0,1.0,1.0,0.3589743589743589,0.0384615384615384,0.0244890864726621,0.2051282051282051,0.03125,0.0245102296250252
Twelve-lead model masked to I+II,rhythm,SARRH,2-lead,quality_flag,burst_noise:absent,2158,1872,76,76,0.0,1.0,0.0,1.0,0.0,,0,0,0,0,,,,,0.0,0.0,1.0,1.0,0.5443905151928814,0.043250748917343,0.0339710092175601,0.6419497952373729,0.063254526818797,0.0339543420520238
Twelve-lead model masked to I+II,rhythm,SARRH,2-lead,quality_flag,electrodes_problems:absent,2195,1901,77,77,0.0,1.0,0.0,1.0,0.0,,0,0,0,0,,,,,0.0,0.0,1.0,1.0,0.541726451074893,0.0425096404737071,0.0338429721196967,0.6360509179206063,0.06191956774056,0.033826920697908
Twelve-lead model masked to I+II,rhythm,SARRH,2-lead,quality_flag,extra_beats:present,198,184,11,11,0.0,1.0,0.0,1.0,0.0,,0,0,0,0,,,,,0.0,0.0,1.0,1.0,0.4623237724842003,0.0586393674225502,0.0529007949177441,0.580943121050073,0.1585354259915357,0.0528520733310763
Twelve-lead model masked to I+II,rhythm,SARRH,2-lead,quality_flag,extra_beats:absent,2000,1757,66,66,0.0,1.0,0.0,1.0,0.0,,0,0,0,0,,,,,0.0,0.0,1.0,1.0,0.5523722227445083,0.0424746011898504,0.031907321978344,0.6367553508194665,0.054903197869448,0.0318945844068576
Twelve-lead model masked to I+II,rhythm,SARRH,2-lead,quality_flag,pacemaker:present,29,26,0,0,0.0,1.0,0.0,1.0,0.0,,0,0,0,0,,,,,,0.0,,1.0,,,0.0012273623322366,,,0.0012848837680318
Twelve-lead model masked to I+II,rhythm,SARRH,2-lead,quality_flag,pacemaker:absent,2169,1883,77,77,0.0,1.0,0.0,1.0,0.0,,0,0,0,0,,,,,0.0,0.0,1.0,1.0,0.5415994139703508,0.0430620717618144,0.034233936303719,0.6408333540264707,0.0639748081693902,0.034216974506222
Twelve-lead model masked to I+II,rhythm,SARRH,2-lead,quality,any_flag,679,618,33,33,0.0,1.0,0.0,1.0,0.0,,0,0,0,0,,,,,0.0,0.0,1.0,1.0,0.5254714325921757,0.0562480969186768,0.0464199676903125,0.5964443193545361,0.0919989732851187,0.0464001182227586
Twelve-lead model masked to I+II,rhythm,SARRH,2-lead,quality,no_flags,1519,1382,44,44,0.0,1.0,0.0,1.0,0.0,,0,0,0,0,,,,,0.0,0.0,1.0,1.0,0.5605701078582433,0.0395725298513214,0.0281565788602232,0.649537750385208,0.0551280268777763,0.0281423298617612
Twelve-lead model masked to I+II,rhythm,SBRAD,2-lead,overall,all,2198,1904,64,61,0.0,1.0,0.0,1.0,0.0,,0,0,0,0,,,,,0.0,0.0,1.0,1.0,0.8385733950328023,0.1757618233953058,0.0259175568181909,0.9199859418931584,0.3469848424752916,0.0228538086244063
Twelve-lead model masked to I+II,rhythm,SBRAD,2-lead,sex,0,1132,969,37,34,0.0,1.0,0.0,1.0,0.0,,0,0,0,0,,,,,0.0,0.0,1.0,1.0,0.8296186597556461,0.1706161106296967,0.0292349405835462,0.9081327903245712,0.3065945324671706,0.0265928115974665
Twelve-lead model masked to I+II,rhythm,SBRAD,2-lead,sex,1,1066,935,27,27,0.0,1.0,0.0,1.0,0.0,,0,0,0,0,,,,,0.0,0.0,1.0,1.0,0.8447224895733076,0.1976794117400831,0.022394781562673,0.9326631732791502,0.4061655958741847,0.0188833101577044
Twelve-lead model masked to I+II,rhythm,SBRAD,2-lead,age_band,40-64,866,755,31,30,0.0,1.0,0.0,1.0,0.0,,0,0,0,0,,,,,0.0,0.0,1.0,1.0,0.8152598029746958,0.2638090896364736,0.030920619010245,0.9055051187946688,0.3523504267567032,0.028294235272187
Twelve-lead model masked to I+II,rhythm,SBRAD,2-lead,age_band,<40,284,266,11,10,0.0,1.0,0.0,1.0,0.0,,0,0,0,0,,,,,0.0,0.0,1.0,1.0,0.9274059274059272,0.443101933012489,0.0297292021513075,0.9713619713619712,0.6868237513923936,0.0252538242003887
Twelve-lead model masked to I+II,rhythm,SBRAD,2-lead,age_band,65-79,708,615,16,16,0.0,1.0,0.0,1.0,0.0,,0,0,0,0,,,,,0.0,0.0,1.0,1.0,0.8237897398843932,0.1089782282319878,0.021754215385076,0.9176300578034682,0.2925792969755038,0.018821444218229
Twelve-lead model masked to I+II,rhythm,SBRAD,2-lead,age_band,80+,340,274,6,6,0.0,1.0,0.0,1.0,0.0,,0,0,0,0,,,,,0.0,0.0,1.0,1.0,0.8562874251497006,0.1043829679665593,0.0186601644703127,0.9101796407185628,0.3747793265782747,0.0153888089156311
Twelve-lead model masked to I+II,rhythm,SBRAD,2-lead,quality_flag,baseline_drift:present,236,231,5,5,0.0,1.0,0.0,1.0,0.0,,0,0,0,0,,,,,0.0,0.0,1.0,1.0,0.7125541125541126,0.0528365020127921,0.0225519873510302,0.9307359307359307,0.1852092352092352,0.0197211933021851
Twelve-lead model masked to I+II,rhythm,SBRAD,2-lead,quality_flag,baseline_drift:absent,1962,1727,59,56,0.0,1.0,0.0,1.0,0.0,,0,0,0,0,,,,,0.0,0.0,1.0,1.0,0.8500316182299135,0.1980841387092282,0.0263223857653112,0.9192443688377852,0.3632284414785656,0.0232306165836541
Twelve-lead model masked to I+II,rhythm,SBRAD,2-lead,quality_flag,static_noise:present,316,292,8,8,0.0,1.0,0.0,1.0,0.0,,0,0,0,0,,,,,0.0,0.0,1.0,1.0,0.7869318181818181,0.1010308422628833,0.0243855265043888,0.8944805194805195,0.4218323241397357,0.0194659275039653
Twelve-lead model masked to I+II,rhythm,SBRAD,2-lead,quality_flag,static_noise:absent,1882,1668,56,53,0.0,1.0,0.0,1.0,0.0,,0,0,0,0,,,,,0.0,0.0,1.0,1.0,0.8476764199655766,0.1899944021923666,0.0261747946392119,0.9240924737912688,0.3446952718796831,0.0234226558263507
Twelve-lead model masked to I+II,rhythm,SBRAD,2-lead,quality_flag,burst_noise:present,40,40,3,3,0.0,1.0,0.0,1.0,0.0,,0,0,0,0,,,,,0.0,0.0,1.0,1.0,0.8918918918918919,0.7333333333333333,0.0546331574352846,0.963963963963964,0.7,0.0558206291496942
Twelve-lead model masked to I+II,rhythm,SBRAD,2-lead,quality_flag,burst_noise:absent,2158,1872,61,58,0.0,1.0,0.0,1.0,0.0,,0,0,0,0,,,,,0.0,0.0,1.0,1.0,0.8354558033724993,0.1649204185151531,0.0253852936000798,0.9179077057779654,0.3441109711950091,0.0222427461494241
Twelve-lead model masked to I+II,rhythm,SBRAD,2-lead,quality_flag,electrodes_problems:absent,2195,1901,64,61,0.0,1.0,0.0,1.0,0.0,,0,0,0,0,,,,,0.0,0.0,1.0,1.0,0.8385001173158142,0.1757801633087578,0.0259526581294165,0.9199172923510088,0.3469937621284049,0.0228849537898836
Twelve-lead model masked to I+II,rhythm,SBRAD,2-lead,quality_flag,extra_beats:present,198,184,4,4,0.0,1.0,0.0,1.0,0.0,,0,0,0,0,,,,,0.0,0.0,1.0,1.0,0.9252577319587628,0.2685119047619047,0.0176535420309812,0.9329896907216494,0.4376623376623376,0.0164067456071815
Twelve-lead model masked to I+II,rhythm,SBRAD,2-lead,quality_flag,extra_beats:absent,2000,1757,60,57,0.0,1.0,0.0,1.0,0.0,,0,0,0,0,,,,,0.0,0.0,1.0,1.0,0.8338659793814434,0.1754404609366077,0.0267356942821247,0.9204123711340206,0.3534215379361589,0.0234920678631116
Twelve-lead model masked to I+II,rhythm,SBRAD,2-lead,quality_flag,pacemaker:present,29,26,1,1,0.0,1.0,0.0,1.0,0.0,,0,0,0,0,,,,,0.0,0.0,1.0,1.0,1.0,1.0,0.0221652828640848,1.0,1.0,0.0180784592904409
Twelve-lead model masked to I+II,rhythm,SBRAD,2-lead,quality_flag,pacemaker:absent,2169,1883,63,60,0.0,1.0,0.0,1.0,0.0,,0,0,0,0,,,,,0.0,0.0,1.0,1.0,0.8360768175582991,0.17138825519163,0.0259677255340365,0.9187054372239556,0.3400524753309836,0.0229176560797705
Twelve-lead model masked to I+II,rhythm,SBRAD,2-lead,quality,any_flag,679,618,19,19,0.0,1.0,0.0,1.0,0.0,,0,0,0,0,,,,,0.0,0.0,1.0,1.0,0.8248006379585326,0.1706832887956966,0.025213773808116,0.9165869218500796,0.3956800745364788,0.0219184207946328
Twelve-lead model masked to I+II,rhythm,SBRAD,2-lead,quality,no_flags,1519,1382,45,42,0.0,1.0,0.0,1.0,0.0,,0,0,0,0,,,,,0.0,0.0,1.0,1.0,0.845514849992462,0.1854747661067622,0.0262321510669341,0.9209859791949344,0.3492449347873556,0.023271931294858
Twelve-lead model masked to I+II,rhythm,SR,2-lead,overall,all,2198,1904,1674,1506,0.0,1.0,0.0,1.0,0.0,,0,0,0,0,,,,,0.0,0.0,1.0,1.0,0.6453049331035049,0.8321238615173855,0.1710404711893502,0.8191354984632502,0.916337780213099,0.1254051268513759
Twelve-lead model masked to I+II,rhythm,SR,2-lead,sex,0,1132,969,878,778,0.0,1.0,0.0,1.0,0.0,,0,0,0,0,,,,,0.0,0.0,1.0,1.0,0.6185451903933421,0.8272534077030389,0.1680659596663575,0.8169874266855595,0.919823043172118,0.1212198832010951
Twelve-lead model masked to I+II,rhythm,SR,2-lead,sex,1,1066,935,796,728,0.0,1.0,0.0,1.0,0.0,,0,0,0,0,,,,,0.0,0.0,1.0,1.0,0.6681509398846082,0.8379019770557465,0.1741991457147046,0.8222361809045226,0.9137622160030764,0.1298494944049573
Twelve-lead model masked to I+II,rhythm,SR,2-lead,age_band,40-64,866,755,716,633,0.0,1.0,0.0,1.0,0.0,,0,0,0,0,,,,,0.0,0.0,1.0,1.0,0.6126443202979516,0.8620257790443282,0.1420191132159068,0.7923556797020486,0.9293652555205756,0.1066441106442677
Twelve-lead model masked to I+II,rhythm,SR,2-lead,age_band,<40,284,266,229,219,0.0,1.0,0.0,1.0,0.0,,0,0,0,0,,,,,0.0,0.0,1.0,1.0,0.5810242159587138,0.8442913319514831,0.1548799006277078,0.7483128225486304,0.9259330757392954,0.1381529371550851
Twelve-lead model masked to I+II,rhythm,SR,2-lead,age_band,65-79,708,615,541,495,0.0,1.0,0.0,1.0,0.0,,0,0,0,0,,,,,0.0,0.0,1.0,1.0,0.6591696459207278,0.8501234761936787,0.1687800014648698,0.836906593467409,0.9215289894015584,0.1166787350503682
Twelve-lead model masked to I+II,rhythm,SR,2-lead,age_band,80+,340,274,188,163,0.0,1.0,0.0,1.0,0.0,,0,0,0,0,,,,,0.0,0.0,1.0,1.0,0.6561100223964167,0.6867443284195525,0.2631655023935874,0.8035764277715567,0.8145731246547884,0.1807137953931867
Twelve-lead model masked to I+II,rhythm,SR,2-lead,quality_flag,baseline_drift:present,236,231,179,176,0.0,1.0,0.0,1.0,0.0,,0,0,0,0,,,,,0.0,0.0,1.0,1.0,0.6634323238263257,0.8249037296434601,0.1695448553263419,0.8326962658041753,0.9209813084785878,0.1176854677640862
Twelve-lead model masked to I+II,rhythm,SR,2-lead,quality_flag,baseline_drift:absent,1962,1727,1495,1367,0.0,1.0,0.0,1.0,0.0,,0,0,0,0,,,,,0.0,0.0,1.0,1.0,0.6438277484548782,0.8336902590263124,0.1712203719761341,0.8175073227675407,0.915848663440379,0.1263336893103975
Twelve-lead model masked to I+II,rhythm,SR,2-lead,quality_flag,static_noise:present,316,292,231,218,0.0,1.0,0.0,1.0,0.0,,0,0,0,0,,,,,0.0,0.0,1.0,1.0,0.6463967405143877,0.8187118278587234,0.1851196219307767,0.8016297428062134,0.8987117628525445,0.1449362012595426
Twelve-lead model masked to I+II,rhythm,SR,2-lead,quality_flag,static_noise:absent,1882,1668,1443,1315,0.0,1.0,0.0,1.0,0.0,,0,0,0,0,,,,,0.0,0.0,1.0,1.0,0.6446579749541026,0.8347912018199254,0.1686764905122563,0.8223581913786925,0.9196252831269496,0.1221257328487294
Twelve-lead model masked to I+II,rhythm,SR,2-lead,quality_flag,burst_noise:present,40,40,28,28,0.0,1.0,0.0,1.0,0.0,,0,0,0,0,,,,,0.0,0.0,1.0,1.0,0.4851190476190476,0.7282618942391335,0.2323079823653296,0.7321428571428572,0.8651163060445572,0.1862818843745271
Twelve-lead model masked to I+II,rhythm,SR,2-lead,quality_flag,burst_noise:absent,2158,1872,1646,1483,0.0,1.0,0.0,1.0,0.0,,0,0,0,0,,,,,0.0,0.0,1.0,1.0,0.6482701909933171,0.8339896816520591,0.1699048361351152,0.820498794425881,0.9171610899596012,0.124276734682272
Twelve-lead model masked to I+II,rhythm,SR,2-lead,quality_flag,electrodes_problems:absent,2195,1901,1673,1505,0.0,1.0,0.0,1.0,0.0,,0,0,0,0,,,,,0.0,0.0,1.0,1.0,0.6442495528486005,0.8321420798846615,0.170977697842935,0.8187141734970331,0.916385792141279,0.1254000581123441
Twelve-lead model masked to I+II,rhythm,SR,2-lead,quality_flag,extra_beats:present,198,184,111,109,0.0,1.0,0.0,1.0,0.0,,0,0,0,0,,,,,0.0,0.0,1.0,1.0,0.6383970177073626,0.6776603940749508,0.2605163699822052,0.7798488143315729,0.8114498846733232,0.1895448666108944
Twelve-lead model masked to I+II,rhythm,SR,2-lead,quality_flag,extra_beats:absent,2000,1757,1563,1414,0.0,1.0,0.0,1.0,0.0,,0,0,0,0,,,,,0.0,0.0,1.0,1.0,0.6375084000579769,0.8429845486230201,0.1621823572088576,0.8126000137621864,0.920049833411986,0.1190552926151835
Twelve-lead model masked to I+II,rhythm,SR,2-lead,quality_flag,pacemaker:present,29,26,1,1,0.0,1.0,0.0,1.0,0.0,,0,0,0,0,,,,,0.0,0.0,1.0,1.0,0.0714285714285714,0.037037037037037,0.5561953793279435,1.0,1.0,0.093231411399811
Twelve-lead model masked to I+II,rhythm,SR,2-lead,quality_flag,pacemaker:absent,2169,1883,1673,1506,0.0,1.0,0.0,1.0,0.0,,0,0,0,0,,,,,0.0,0.0,1.0,1.0,0.6486151013246437,0.8406427344887459,0.1658908666084285,0.8100536509650424,0.9165276846850032,0.1258352963986767
Twelve-lead model masked to I+II,rhythm,SR,2-lead,quality,any_flag,679,618,465,439,0.0,1.0,0.0,1.0,0.0,,0,0,0,0,,,,,0.0,0.0,1.0,1.0,0.6350517535926037,0.7640377421505022,0.2082560284144683,0.8192643955381369,0.8871259632841919,0.1490015809127475
Twelve-lead model masked to I+II,rhythm,SR,2-lead,quality,no_flags,1519,1382,1209,1123,0.0,1.0,0.0,1.0,0.0,,0,0,0,0,,,,,0.0,0.0,1.0,1.0,0.6404012913898449,0.8555779234186887,0.1544049456094588,0.8114037194162065,0.9259403653772044,0.1148574031465231
Twelve-lead model masked to I+II,rhythm,STACH,2-lead,overall,all,2198,1904,82,79,0.0,1.0,0.0,1.0,0.0,,0,0,0,0,,,,,0.0,0.0,1.0,1.0,0.8874948130388677,0.2776616488504119,0.0311010459593107,0.9685209092166536,0.5373873136642086,0.02375543672507
Twelve-lead model masked to I+II,rhythm,STACH,2-lead,sex,0,1132,969,33,31,0.0,1.0,0.0,1.0,0.0,,0,0,0,0,,,,,0.0,0.0,1.0,1.0,0.8906995340116359,0.2342698517996528,0.0251444819418914,0.9712410731519012,0.5424295975966268,0.0193848147630671
Twelve-lead model masked to I+II,rhythm,STACH,2-lead,sex,1,1066,935,49,48,0.0,1.0,0.0,1.0,0.0,,0,0,0,0,,,,,0.0,0.0,1.0,1.0,0.8810426825597496,0.3133285721125559,0.0374264028708666,0.9649429093171192,0.5510753808929397,0.0283966600468216
Twelve-lead model masked to I+II,rhythm,STACH,2-lead,age_band,40-64,866,755,27,27,0.0,1.0,0.0,1.0,0.0,,0,0,0,0,,,,,0.0,0.0,1.0,1.0,0.9193042864079812,0.302293122536146,0.0246299682751244,0.9793404847040128,0.6749978971869166,0.015121952590247
Twelve-lead model masked to I+II,rhythm,STACH,2-lead,age_band,<40,284,266,7,7,0.0,1.0,0.0,1.0,0.0,,0,0,0,0,,,,,0.0,0.0,1.0,1.0,0.9443011861784424,0.4368906455862977,0.0202753078881223,0.9922640536358948,0.8843537414965985,0.0077269590180202
Twelve-lead model masked to I+II,rhythm,STACH,2-lead,age_band,65-79,708,615,23,21,0.0,1.0,0.0,1.0,0.0,,0,0,0,0,,,,,0.0,0.0,1.0,1.0,0.8750238019676294,0.181650747368683,0.0313740375727638,0.9689622342113616,0.4645711858451741,0.0267760358683421
Twelve-lead model masked to I+II,rhythm,STACH,2-lead,age_band,80+,340,274,25,24,0.0,1.0,0.0,1.0,0.0,,0,0,0,0,,,,,0.0,0.0,1.0,1.0,0.8469841269841271,0.4146497785060367,0.0560574719134225,0.9278730158730158,0.5242006433373263,0.0528439683018999
Twelve-lead model masked to I+II,rhythm,STACH,2-lead,quality_flag,baseline_drift:present,236,231,10,10,0.0,1.0,0.0,1.0,0.0,,0,0,0,0,,,,,0.0,0.0,1.0,1.0,0.8345132743362832,0.3052259028878348,0.0365461550034142,0.965929203539823,0.531345567817595,0.0305119000369455
Twelve-lead model masked to I+II,rhythm,STACH,2-lead,quality_flag,baseline_drift:absent,1962,1727,72,70,0.0,1.0,0.0,1.0,0.0,,0,0,0,0,,,,,0.0,0.0,1.0,1.0,0.8941725455614346,0.2799738199398027,0.0304460787144542,0.9688639035861258,0.5587340796229102,0.0229427326773622
Twelve-lead model masked to I+II,rhythm,STACH,2-lead,quality_flag,static_noise:present,316,292,12,12,0.0,1.0,0.0,1.0,0.0,,0,0,0,0,,,,,0.0,0.0,1.0,1.0,0.8985745614035088,0.2228411876680064,0.0335217679108266,0.9736842105263156,0.484590583028083,0.0247942710530055
Twelve-lead model masked to I+II,rhythm,STACH,2-lead,quality_flag,static_noise:absent,1882,1668,70,67,0.0,1.0,0.0,1.0,0.0,,0,0,0,0,,,,,0.0,0.0,1.0,1.0,0.8861084831283508,0.2903748626998309,0.0306945910514047,0.9678965625985494,0.57644926909451,0.023581009707202
Twelve-lead model masked to I+II,rhythm,STACH,2-lead,quality_flag,burst_noise:present,40,40,1,1,0.0,1.0,0.0,1.0,0.0,,0,0,0,0,,,,,0.0,0.0,1.0,1.0,0.9230769230769232,0.25,0.0280757549861965,0.8974358974358975,0.2,0.0266693208560135
Twelve-lead model masked to I+II,rhythm,STACH,2-lead,quality_flag,burst_noise:absent,2158,1872,81,78,0.0,1.0,0.0,1.0,0.0,,0,0,0,0,,,,,0.0,0.0,1.0,1.0,0.887147298156767,0.2820182666113922,0.0311571217882841,0.9690258385491896,0.541956988597713,0.023701425897805
Twelve-lead model masked to I+II,rhythm,STACH,2-lead,quality_flag,electrodes_problems:absent,2195,1901,82,79,0.0,1.0,0.0,1.0,0.0,,0,0,0,0,,,,,0.0,0.0,1.0,1.0,0.8875947964401556,0.2779745081725143,0.0311246156045175,0.968643588470906,0.5380940176863882,0.0237659566200593
Twelve-lead model masked to I+II,rhythm,STACH,2-lead,quality_flag,extra_beats:present,198,184,10,10,0.0,1.0,0.0,1.0,0.0,,0,0,0,0,,,,,0.0,0.0,1.0,1.0,0.8223404255319149,0.1906363946190487,0.0465427648580666,0.9202127659574468,0.2692621774974716,0.0467581652018045
Twelve-lead model masked to I+II,rhythm,STACH,2-lead,quality_flag,extra_beats:absent,2000,1757,72,70,0.0,1.0,0.0,1.0,0.0,,0,0,0,0,,,,,0.0,0.0,1.0,1.0,0.8958549446749654,0.2946551511716104,0.0295723157883338,0.971703550023052,0.5703563560971113,0.0214781666058733
Twelve-lead model masked to I+II,rhythm,STACH,2-lead,quality_flag,pacemaker:present,29,26,0,0,0.0,1.0,0.0,1.0,0.0,,0,0,0,0,,,,,,0.0,,1.0,,,0.0024251286511717,,,0.0009777403090605
Twelve-lead model masked to I+II,rhythm,STACH,2-lead,quality_flag,pacemaker:absent,2169,1883,82,79,0.0,1.0,0.0,1.0,0.0,,0,0,0,0,,,,,0.0,0.0,1.0,1.0,0.8869599261397503,0.2783150423104628,0.0314844491874969,0.9684516227050148,0.5380812718564507,0.0240599794618447
Twelve-lead model masked to I+II,rhythm,STACH,2-lead,quality,any_flag,679,618,25,25,0.0,1.0,0.0,1.0,0.0,,0,0,0,0,,,,,0.0,0.0,1.0,1.0,0.8493577981651377,0.2261425453492274,0.033012480176989,0.967645259938838,0.4510441899546157,0.0267966405005563
Twelve-lead model masked to I+II,rhythm,STACH,2-lead,quality,no_flags,1519,1382,57,56,0.0,1.0,0.0,1.0,0.0,,0,0,0,0,,,,,0.0,0.0,1.0,1.0,0.9018527851777186,0.310044482704528,0.0302466260555558,0.9696642426860584,0.5991231926293192,0.0223960046226636
Twelve-lead model masked to I+II,rhythm,AFIB-or-AFLT,2-lead,overall,all,2198,1904,157,134,0.0,1.0,0.0,1.0,0.0,,0,0,0,0,,,,,0.0,0.0,1.0,1.0,0.7598872789347048,0.2173556127407122,0.0619278058931145,0.9133839100977728,0.4962361998579799,0.0485872170345295
Twelve-lead model masked to I+II,rhythm,AFIB-or-AFLT,2-lead,sex,0,1132,969,85,69,0.0,1.0,0.0,1.0,0.0,,0,0,0,0,,,,,0.0,0.0,1.0,1.0,0.7330299455025564,0.2261645570512983,0.0653699861120419,0.9215124445193552,0.5282364402479305,0.049655191897177
Twelve-lead model masked to I+II,rhythm,AFIB-or-AFLT,2-lead,sex,1,1066,935,72,65,0.0,1.0,0.0,1.0,0.0,,0,0,0,0,,,,,0.0,0.0,1.0,1.0,0.7965291750503017,0.2195003771701589,0.0582725075743286,0.9067320590207912,0.4691851114969755,0.0474531199008364
Twelve-lead model masked to I+II,rhythm,AFIB-or-AFLT,2-lead,age_band,40-64,866,755,29,26,0.0,1.0,0.0,1.0,0.0,,0,0,0,0,,,,,0.0,0.0,1.0,1.0,0.6997898900012359,0.1454816243029485,0.0319009770527231,0.9418695670086104,0.6076478459130721,0.0199328283516332
Twelve-lead model masked to I+II,rhythm,AFIB-or-AFLT,2-lead,age_band,<40,284,266,1,1,0.0,1.0,0.0,1.0,0.0,,0,0,0,0,,,,,0.0,0.0,1.0,1.0,0.9681978798586572,0.1,0.0056191206853358,0.7314487632508834,0.0129870129870129,0.0094855581595089
Twelve-lead model masked to I+II,rhythm,AFIB-or-AFLT,2-lead,age_band,65-79,708,615,56,49,0.0,1.0,0.0,1.0,0.0,,0,0,0,0,,,,,0.0,0.0,1.0,1.0,0.7725679228746714,0.2666538119478631,0.0672521241955704,0.8980882997370727,0.5012337212806547,0.0541507405580621
Twelve-lead model masked to I+II,rhythm,AFIB-or-AFLT,2-lead,age_band,80+,340,274,71,58,0.0,1.0,0.0,1.0,0.0,,0,0,0,0,,,,,0.0,0.0,1.0,1.0,0.6833865647416094,0.3395112573859174,0.1743551088832594,0.7864809675899261,0.4968092392997504,0.142647796638156
Twelve-lead model masked to I+II,rhythm,AFIB-or-AFLT,2-lead,quality_flag,baseline_drift:present,236,231,14,14,0.0,1.0,0.0,1.0,0.0,,0,0,0,0,,,,,0.0,0.0,1.0,1.0,0.8272200772200773,0.2561714781288903,0.0509495846240343,0.8886743886743887,0.4389339059876225,0.0496669247814159
Twelve-lead model masked to I+II,rhythm,AFIB-or-AFLT,2-lead,quality_flag,baseline_drift:absent,1962,1727,143,124,0.0,1.0,0.0,1.0,0.0,,0,0,0,0,,,,,0.0,0.0,1.0,1.0,0.7537608076365634,0.2187068933430741,0.0632483258826675,0.9165952244566868,0.5114262304821022,0.0484573439314382
Twelve-lead model masked to I+II,rhythm,AFIB-or-AFLT,2-lead,quality_flag,static_noise:present,316,292,28,26,0.0,1.0,0.0,1.0,0.0,,0,0,0,0,,,,,0.0,0.0,1.0,1.0,0.7358630952380952,0.2256858454955829,0.0769468507198808,0.8520585317460319,0.4822147418319311,0.0661048511555933
Twelve-lead model masked to I+II,rhythm,AFIB-or-AFLT,2-lead,quality_flag,static_noise:absent,1882,1668,129,114,0.0,1.0,0.0,1.0,0.0,,0,0,0,0,,,,,0.0,0.0,1.0,1.0,0.7642933266117442,0.2199805889780478,0.0594060109062611,0.9273670385651176,0.5127175956693647,0.0456458927081447
Twelve-lead model masked to I+II,rhythm,AFIB-or-AFLT,2-lead,quality_flag,burst_noise:present,40,40,4,4,0.0,1.0,0.0,1.0,0.0,,0,0,0,0,,,,,0.0,0.0,1.0,1.0,0.8333333333333333,0.3254901960784313,0.0834554487953175,0.9722222222222222,0.875,0.0470487219102728
Twelve-lead model masked to I+II,rhythm,AFIB-or-AFLT,2-lead,quality_flag,burst_noise:absent,2158,1872,153,131,0.0,1.0,0.0,1.0,0.0,,0,0,0,0,,,,,0.0,0.0,1.0,1.0,0.7578472120352714,0.216619267454273,0.0615287763675871,0.9121346959398888,0.4929685949778214,0.0486157340896594
Twelve-lead model masked to I+II,rhythm,AFIB-or-AFLT,2-lead,quality_flag,electrodes_problems:absent,2195,1901,157,134,0.0,1.0,0.0,1.0,0.0,,0,0,0,0,,,,,0.0,0.0,1.0,1.0,0.760302657157323,0.2180292620001162,0.0619935098362227,0.9140846214910336,0.5039513989293313,0.0482681474854265
Twelve-lead model masked to I+II,rhythm,AFIB-or-AFLT,2-lead,quality_flag,extra_beats:present,198,184,35,32,0.0,1.0,0.0,1.0,0.0,,0,0,0,0,,,,,0.0,0.0,1.0,1.0,0.7251533742331289,0.3769716784748843,0.1447339541013063,0.8466257668711656,0.6293903016837623,0.1096009432546434
Twelve-lead model masked to I+II,rhythm,AFIB-or-AFLT,2-lead,quality_flag,extra_beats:absent,2000,1757,122,107,0.0,1.0,0.0,1.0,0.0,,0,0,0,0,,,,,0.0,0.0,1.0,1.0,0.7546919464376125,0.1933643151515765,0.0537299972205035,0.9157282773791442,0.4723450073280132,0.0425468581387383
Twelve-lead model masked to I+II,rhythm,AFIB-or-AFLT,2-lead,quality_flag,pacemaker:present,29,26,0,0,0.0,1.0,0.0,1.0,0.0,,0,0,0,0,,,,,,0.0,,1.0,,,0.0071545405630179,,,0.0954866219772047
Twelve-lead model masked to I+II,rhythm,AFIB-or-AFLT,2-lead,quality_flag,pacemaker:absent,2169,1883,157,134,0.0,1.0,0.0,1.0,0.0,,0,0,0,0,,,,,0.0,0.0,1.0,1.0,0.7604627014980183,0.2220603686535866,0.0626601363193813,0.9182927910245534,0.5141661105316672,0.0479601618278271
Twelve-lead model masked to I+II,rhythm,AFIB-or-AFLT,2-lead,quality,any_flag,679,618,66,60,0.0,1.0,0.0,1.0,0.0,,0,0,0,0,,,,,0.0,0.0,1.0,1.0,0.7635819862573533,0.2739559469991384,0.0821076110135884,0.871348064659647,0.519271834161167,0.0665269071272895
Twelve-lead model masked to I+II,rhythm,AFIB-or-AFLT,2-lead,quality,no_flags,1519,1382,91,84,0.0,1.0,0.0,1.0,0.0,,0,0,0,0,,,,,0.0,0.0,1.0,1.0,0.7488610828946963,0.1930445026405677,0.052907340009769,0.93563579277865,0.5074977290328915,0.0405680928916829
